Code,Name,Category,Malayalam Name,Base Price,Variants Count,Image URL
"ANG-STA-0301","DOMS Ballpoint Pens","Pens & Writing","ഡോംസ് ബോൾപോയിന്റ് പെന്നുകൾ","10","2","https://aadutygzgrbexxuznqlr.supabase.co/storage/v1/object/public/item-images/doms/pens_writing_instruments_doms_ballpoint_pens_4.webp"
"ANG-STA-0302","DOMS Ballpoint Pens (Series 2)","Pens & Writing","ഡോംസ് ബോൾപോയിന്റ് പെന്നുകൾ (series 2)","10","2","https://aadutygzgrbexxuznqlr.supabase.co/storage/v1/object/public/item-images/doms/pens_writing_instruments_doms_ballpoint_pens.webp"
"ANG-STA-0303","DOMS Ballpoint Pens (Edition 2)","Pens & Writing","ഡോംസ് ബോൾപോയിന്റ് പെന്നുകൾ (edition 2)","10","2","https://aadutygzgrbexxuznqlr.supabase.co/storage/v1/object/public/item-images/doms/pens_writing_instruments_doms_ballpoint_pens_2.webp"
"ANG-STA-0304","DOMS CD/DVD/OHP Marker Pens","Pens & Writing","ഡോംസ് സിഡി/ഡിവിഡി മാർക്കർ പെന്നുകൾ","10","2","https://aadutygzgrbexxuznqlr.supabase.co/storage/v1/object/public/item-images/doms/pens_writing_instruments_doms_cd_dvd_ohp_marker_pens_2.webp"
"ANG-STA-0305","DOMS Cuboid Ballpoint Pens","Pens & Writing","ഡോംസ് cuboid ബോൾപോയിന്റ് പെന്നുകൾ","10","2","https://aadutygzgrbexxuznqlr.supabase.co/storage/v1/object/public/item-images/doms/pens_writing_instruments_doms_cuboid_ballpoint_pens_2.webp"
"ANG-STA-0306","DOMS Cuboid Ballpoint Pens (Series 2)","Pens & Writing","ഡോംസ് cuboid ബോൾപോയിന്റ് പെന്നുകൾ (series 2)","10","2","https://aadutygzgrbexxuznqlr.supabase.co/storage/v1/object/public/item-images/doms/pens_writing_instruments_doms_cuboid_ballpoint_pens.webp"
"ANG-STA-0307","DOMS Everyday Ballpoint Pens","Pens & Writing","ഡോംസ് everyday ബോൾപോയിന്റ് പെന്നുകൾ","10","2","https://aadutygzgrbexxuznqlr.supabase.co/storage/v1/object/public/item-images/doms/pens_writing_instruments_doms_everyday_ballpoint_pens_2.webp"
"ANG-STA-0308","DOMS Everyday Ballpoint Pens (Series 2)","Pens & Writing","ഡോംസ് everyday ബോൾപോയിന്റ് പെന്നുകൾ (series 2)","10","2","https://aadutygzgrbexxuznqlr.supabase.co/storage/v1/object/public/item-images/doms/pens_writing_instruments_doms_everyday_ballpoint_pens.webp"
"ANG-STA-0309","DOMS F9 Liner Pens (10 Assorted Shades)","Pens & Writing","ഡോംസ് f9 liner pens (10 assorted shades)","10","2","https://aadutygzgrbexxuznqlr.supabase.co/storage/v1/object/public/item-images/doms/pens_writing_instruments_doms_f9_liner_pens_10_assorted_shades.webp"
"ANG-STA-0310","DOMS Hexel Ballpoint Pens","Pens & Writing","ഡോംസ് hexel ബോൾപോയിന്റ് പെന്നുകൾ","10","2","https://aadutygzgrbexxuznqlr.supabase.co/storage/v1/object/public/item-images/doms/pens_writing_instruments_doms_hexel_ballpoint_pens_2.webp"
"ANG-STA-0311","DOMS Hexel Ballpoint Pens (Series 2)","Pens & Writing","ഡോംസ് hexel ബോൾപോയിന്റ് പെന്നുകൾ (series 2)","10","2","https://aadutygzgrbexxuznqlr.supabase.co/storage/v1/object/public/item-images/doms/pens_writing_instruments_doms_hexel_ballpoint_pens.webp"
"ANG-STA-0312","DOMS Inxglo","Pens & Writing","ഡോംസ് inxglo","10","2","https://aadutygzgrbexxuznqlr.supabase.co/storage/v1/object/public/item-images/doms/pens_writing_instruments_doms_inxglo.png"
"ANG-STA-0313","DOMS Inxify Ballpoint Pens","Pens & Writing","ഡോംസ് inxify ബോൾപോയിന്റ് പെന്നുകൾ","10","2","https://aadutygzgrbexxuznqlr.supabase.co/storage/v1/object/public/item-images/doms/pens_writing_instruments_doms_inxify_ballpoint_pens_2.webp"
"ANG-STA-0314","DOMS INXIFY BALLPOINT PENS","Pens & Writing","ഡോംസ് inxify ബോൾപോയിന്റ് പെന്നുകൾ","10","2","https://aadutygzgrbexxuznqlr.supabase.co/storage/v1/object/public/item-images/doms/pens_writing_instruments_doms_inxify_ballpoint_pens_3.webp"
"ANG-STA-0315","DOMS Inxify Ballpoint Pens (Series 2)","Pens & Writing","ഡോംസ് inxify ബോൾപോയിന്റ് പെന്നുകൾ (series 2)","10","2","https://aadutygzgrbexxuznqlr.supabase.co/storage/v1/object/public/item-images/doms/pens_writing_instruments_doms_inxify_ballpoint_pens.webp"
"ANG-STA-0316","DOMS Inxify Softy Ballpoint Pens","Pens & Writing","ഡോംസ് inxify softy ബോൾപോയിന്റ് പെന്നുകൾ","10","2","https://aadutygzgrbexxuznqlr.supabase.co/storage/v1/object/public/item-images/doms/pens_writing_instruments_doms_inxify_softy_ballpoint_pens_3.webp"
"ANG-STA-0317","DOMS Inxify Softy Ballpoint Pens (Series 2)","Pens & Writing","ഡോംസ് inxify softy ബോൾപോയിന്റ് പെന്നുകൾ (series 2)","10","2","https://aadutygzgrbexxuznqlr.supabase.co/storage/v1/object/public/item-images/doms/pens_writing_instruments_doms_inxify_softy_ballpoint_pens.webp"
"ANG-STA-0318","DOMS Inxify Softy Ballpoint Pens (Edition 2)","Pens & Writing","ഡോംസ് inxify softy ബോൾപോയിന്റ് പെന്നുകൾ (edition 2)","10","2","https://aadutygzgrbexxuznqlr.supabase.co/storage/v1/object/public/item-images/doms/pens_writing_instruments_doms_inxify_softy_ballpoint_pens_2.webp"
"ANG-STA-0319","DOMS Inxjet Roller Pens (10 Pc Pack)","Pens & Writing","ഡോംസ് ഇൻക്സ്ജെറ്റ് റോളർ പെന്നുകൾ (10 pc pack)","25","2","https://aadutygzgrbexxuznqlr.supabase.co/storage/v1/object/public/item-images/doms/pens_writing_instruments_doms_inxjet_roller_pens_10_pc_pack_2.webp"
"ANG-STA-0320","DOMS Inxjet Roller Pens (10 Pc Pack) (Pack)","Pens & Writing","ഡോംസ് ഇൻക്സ്ജെറ്റ് റോളർ പെന്നുകൾ (10 pc pack) (pack)","25","2","https://aadutygzgrbexxuznqlr.supabase.co/storage/v1/object/public/item-images/doms/pens_writing_instruments_doms_inxjet_roller_pens_10_pc_pack.webp"
"ANG-STA-0321","DOMS Inxo Classic","Pens & Writing","ഡോംസ് inxo classic","10","2","https://aadutygzgrbexxuznqlr.supabase.co/storage/v1/object/public/item-images/doms/pens_writing_instruments_doms_inxo_classic_2.jpeg"
"ANG-STA-0322","DOMS Inxo Classic (Series 2)","Pens & Writing","ഡോംസ് inxo classic (series 2)","10","2","https://aadutygzgrbexxuznqlr.supabase.co/storage/v1/object/public/item-images/doms/pens_writing_instruments_doms_inxo_classic.webp"
"ANG-STA-0323","DOMS Inxon","Pens & Writing","ഡോംസ് inxon","10","2","https://aadutygzgrbexxuznqlr.supabase.co/storage/v1/object/public/item-images/doms/pens_writing_instruments_doms_inxon.jpg"
"ANG-STA-0324","DOMS Inxon Ballpoint Pens","Pens & Writing","ഡോംസ് inxon ബോൾപോയിന്റ് പെന്നുകൾ","10","2","https://aadutygzgrbexxuznqlr.supabase.co/storage/v1/object/public/item-images/doms/pens_writing_instruments_doms_inxon_ballpoint_pens_10_pc_pack.webp"
"ANG-STA-0325","DOMS Inxtra Ballpoint Pens","Pens & Writing","ഡോംസ് inxtra ബോൾപോയിന്റ് പെന്നുകൾ","10","2","https://aadutygzgrbexxuznqlr.supabase.co/storage/v1/object/public/item-images/doms/pens_writing_instruments_doms_inxtra_ballpoint_pens.webp"
"ANG-STA-0326","DOMS Inxtra Ballpoint Pens (Pack)","Pens & Writing","ഡോംസ് inxtra ബോൾപോയിന്റ് പെന്നുകൾ (pack)","10","2","https://aadutygzgrbexxuznqlr.supabase.co/storage/v1/object/public/item-images/doms/pens_writing_instruments_doms_inxon_ballpoint_pens_10_pc_pack_copy.webp"
"ANG-STA-0327","DOMS INXTRA Fine","Pens & Writing","ഡോംസ് inxtra fine","10","2","https://aadutygzgrbexxuznqlr.supabase.co/storage/v1/object/public/item-images/doms/pens_writing_instruments_doms_inxtra_fine.png"
"ANG-STA-0328","DOMS Kika R8 Ballpoint Pens","Pens & Writing","ഡോംസ് kika r8 ബോൾപോയിന്റ് പെന്നുകൾ","10","2","https://aadutygzgrbexxuznqlr.supabase.co/storage/v1/object/public/item-images/doms/pens_writing_instruments_doms_kika_r8_ballpoint_pens.webp"
"ANG-STA-0329","DOMS PROXIMA BALLPOINT PEN","Pens & Writing","ഡോംസ് proxima ബോൾപോയിന്റ് പേന","10","2","https://aadutygzgrbexxuznqlr.supabase.co/storage/v1/object/public/item-images/doms/pens_writing_instruments_doms_proxima_ballpoint_pen.webp"
"ANG-STA-0330","DOMS Proxima Ballpoint Pens","Pens & Writing","ഡോംസ് proxima ബോൾപോയിന്റ് പെന്നുകൾ","10","2","https://aadutygzgrbexxuznqlr.supabase.co/storage/v1/object/public/item-images/doms/pens_writing_instruments_doms_proxima_ballpoint_pens_2.webp"
"ANG-STA-0331","DOMS Proxima Ballpoint Pens (Series 2)","Pens & Writing","ഡോംസ് proxima ബോൾപോയിന്റ് പെന്നുകൾ (series 2)","10","2","https://aadutygzgrbexxuznqlr.supabase.co/storage/v1/object/public/item-images/doms/pens_writing_instruments_doms_proxima_ballpoint_pens.webp"
"ANG-STA-0332","DOMS Proxima Pens","Pens & Writing","ഡോംസ് proxima pens","10","2","https://aadutygzgrbexxuznqlr.supabase.co/storage/v1/object/public/item-images/doms/pens_writing_instruments_doms_ballpoint_pens_3.webp"
"ANG-STA-0333","DOMS Inxglo (Edition 2)","Pens & Writing","ഡോംസ് inxglo (edition 2)","10","2","https://aadutygzgrbexxuznqlr.supabase.co/storage/v1/object/public/item-images/doms/pens_writing_instruments_inxglo_2.png"
"ANG-STA-0334","DOMS Inxglo (Series 3)","Pens & Writing","ഡോംസ് inxglo (series 3)","10","2","https://aadutygzgrbexxuznqlr.supabase.co/storage/v1/object/public/item-images/doms/pens_writing_instruments_inxglo.webp"
"ANG-STA-0335","DOMS INXIFY Gel","Pens & Writing","ഡോംസ് inxify gel","15","2","https://aadutygzgrbexxuznqlr.supabase.co/storage/v1/object/public/item-images/doms/pens_writing_instruments_inxify_gel.png"
"ANG-STA-0336","DOMS Inxify gel - 5N Gel Pens","Pens & Writing","ഡോംസ് inxify gel - 5n gel pens","15","2","https://aadutygzgrbexxuznqlr.supabase.co/storage/v1/object/public/item-images/doms/pens_writing_instruments_inxify_gel_5n_gel_pens.webp"
"ANG-STA-0337","DOMS Inxify Plus","Pens & Writing","ഡോംസ് inxify plus","10","2","https://aadutygzgrbexxuznqlr.supabase.co/storage/v1/object/public/item-images/doms/pens_writing_instruments_inxify_plus_2.webp"
"ANG-STA-0338","DOMS Inxify Plus (Series 2)","Pens & Writing","ഡോംസ് inxify plus (series 2)","10","2","https://aadutygzgrbexxuznqlr.supabase.co/storage/v1/object/public/item-images/doms/pens_writing_instruments_inxify_plus.webp"
"ANG-STA-0339","DOMS Inxjet Free ink roller pen","Pens & Writing","ഡോംസ് inxjet free ink റോളർ പേന","25","2","https://aadutygzgrbexxuznqlr.supabase.co/storage/v1/object/public/item-images/doms/pens_writing_instruments_inxjet_free_ink_roller_pen.webp"
"ANG-STA-0340","DOMS Inxklick 5 pcs pouch","Pens & Writing","ഡോംസ് inxklick 5 pcs pouch","10","2","https://aadutygzgrbexxuznqlr.supabase.co/storage/v1/object/public/item-images/doms/pens_writing_instruments_inxklick_5_pcs_pouch.webp"
"ANG-STA-0341","DOMS Inxpop single color pen","Pens & Writing","ഡോംസ് inxpop single color pen","10","2","https://aadutygzgrbexxuznqlr.supabase.co/storage/v1/object/public/item-images/doms/pens_writing_instruments_inxpop_single_color_pen.webp"
"ANG-STA-0342","DOMS Inxtra Candy","Pens & Writing","ഡോംസ് inxtra candy","10","2","https://aadutygzgrbexxuznqlr.supabase.co/storage/v1/object/public/item-images/doms/pens_writing_instruments_inxtra_candy_2.webp"
"ANG-STA-0343","DOMS Inxtra Candy (Series 2)","Pens & Writing","ഡോംസ് inxtra candy (series 2)","10","2","https://aadutygzgrbexxuznqlr.supabase.co/storage/v1/object/public/item-images/doms/pens_writing_instruments_inxtra_candy.webp"
"ANG-STA-0344","DOMS INXTRA Glassy","Pens & Writing","ഡോംസ് inxtra glassy","10","2","https://aadutygzgrbexxuznqlr.supabase.co/storage/v1/object/public/item-images/doms/pens_writing_instruments_inxtra_glassy_2.png"
"ANG-STA-0345","DOMS Inxtra Glassy","Pens & Writing","ഡോംസ് inxtra glassy","10","2","https://aadutygzgrbexxuznqlr.supabase.co/storage/v1/object/public/item-images/doms/pens_writing_instruments_inxtra_glassy.webp"
"ANG-STA-0346","DOMS Inxtron","Pens & Writing","ഡോംസ് inxtron","10","2","https://aadutygzgrbexxuznqlr.supabase.co/storage/v1/object/public/item-images/doms/pens_writing_instruments_inxtron.webp"
"ANG-STA-0347","DOMS 2 Matic","Pencils & Accessories","ഡോംസ് 2 matic","6","3","https://aadutygzgrbexxuznqlr.supabase.co/storage/v1/object/public/item-images/doms/pencils_accessories_doms_2_matic.webp"
"ANG-STA-0348","DOMS 3HX Pencil Sharpener","Pencils & Accessories","ഡോംസ് 3hx പെൻസിൽ ഷാർപ്നർ","5","3","https://aadutygzgrbexxuznqlr.supabase.co/storage/v1/object/public/item-images/doms/pencils_accessories_doms_3hx_pencil_sharpener.webp"
"ANG-STA-0349","DOMS A1 Pencil","Pencils & Accessories","ഡോംസ് a1 പെൻസിൽ","6","3","https://aadutygzgrbexxuznqlr.supabase.co/storage/v1/object/public/item-images/doms/pencils_accessories_doms_a1_pencil.webp"
"ANG-STA-0350","DOMS COLOUR ERASERS","Pencils & Accessories","ഡോംസ് colour ഇറേസറുകൾ","5","3","https://aadutygzgrbexxuznqlr.supabase.co/storage/v1/object/public/item-images/doms/pencils_accessories_doms_colour_erasers.webp"
"ANG-STA-0351","DOMS CUBO ERASERS","Pencils & Accessories","ഡോംസ് cubo ഇറേസറുകൾ","5","3","https://aadutygzgrbexxuznqlr.supabase.co/storage/v1/object/public/item-images/doms/pencils_accessories_doms_cubo_erasers.webp"
"ANG-STA-0352","DOMS Drawing Pencil","Pencils & Accessories","ഡോംസ് drawing പെൻസിൽ","6","3","https://aadutygzgrbexxuznqlr.supabase.co/storage/v1/object/public/item-images/doms/pencils_accessories_doms_drawing_pencil_2.webp"
"ANG-STA-0353","DOMS Dust Collector","Pencils & Accessories","ഡോംസ് dust collector","6","3","https://aadutygzgrbexxuznqlr.supabase.co/storage/v1/object/public/item-images/doms/pencils_accessories_doms_dust_collector.webp"
"ANG-STA-0354","DOMS Dust Free Erasers","Pencils & Accessories","ഡോംസ് dust free ഇറേസറുകൾ","5","3","https://aadutygzgrbexxuznqlr.supabase.co/storage/v1/object/public/item-images/doms/pencils_accessories_doms_dust_free_erasers.webp"
"ANG-STA-0355","DOMS E-RACER ERASER","Pencils & Accessories","ഡോംസ് e-racer ഇറേസർ","5","3","https://aadutygzgrbexxuznqlr.supabase.co/storage/v1/object/public/item-images/doms/pencils_accessories_doms_e_racer_eraser.webp"
"ANG-STA-0356","DOMS ERASER","Pencils & Accessories","ഡോംസ് ഇറേസർ","5","3","https://aadutygzgrbexxuznqlr.supabase.co/storage/v1/object/public/item-images/doms/pencils_accessories_doms_eraser.webp"
"ANG-STA-0357","DOMS ERASER (Edition 2)","Pencils & Accessories","ഡോംസ് ഇറേസർ (edition 2)","5","3","https://aadutygzgrbexxuznqlr.supabase.co/storage/v1/object/public/item-images/doms/pencils_accessories_doms_eraser_2.webp"
"ANG-STA-0358","DOMS ERASER (Edition 3)","Pencils & Accessories","ഡോംസ് ഇറേസർ (edition 3)","5","3","https://aadutygzgrbexxuznqlr.supabase.co/storage/v1/object/public/item-images/doms/pencils_accessories_doms_eraser_3.webp"
"ANG-STA-0359","DOMS ERASER (Edition 4)","Pencils & Accessories","ഡോംസ് ഇറേസർ (edition 4)","5","3","https://aadutygzgrbexxuznqlr.supabase.co/storage/v1/object/public/item-images/doms/pencils_accessories_doms_eraser_4.webp"
"ANG-STA-0360","DOMS ERASER (Edition 5)","Pencils & Accessories","ഡോംസ് ഇറേസർ (edition 5)","5","3","https://aadutygzgrbexxuznqlr.supabase.co/storage/v1/object/public/item-images/doms/pencils_accessories_doms_eraser_5.webp"
"ANG-STA-0361","DOMS ERASERS","Pencils & Accessories","ഡോംസ് ഇറേസറുകൾ","5","3","https://aadutygzgrbexxuznqlr.supabase.co/storage/v1/object/public/item-images/doms/pencils_accessories_doms_erasers.webp"
"ANG-STA-0362","DOMS ERASMA ERASERS","Pencils & Accessories","ഡോംസ് erasma ഇറേസറുകൾ","5","3","https://aadutygzgrbexxuznqlr.supabase.co/storage/v1/object/public/item-images/doms/pencils_accessories_doms_erasma_erasers.webp"
"ANG-STA-0363","DOMS Erasner","Pencils & Accessories","ഡോംസ് erasner","6","3","https://aadutygzgrbexxuznqlr.supabase.co/storage/v1/object/public/item-images/doms/pencils_accessories_doms_erasner.webp"
"ANG-STA-0364","DOMS EXTRA LONG ERASER","Pencils & Accessories","ഡോംസ് extra long ഇറേസർ","5","3","https://aadutygzgrbexxuznqlr.supabase.co/storage/v1/object/public/item-images/doms/pencils_accessories_doms_fragrance_erasers.webp"
"ANG-STA-0365","DOMS Extra Long Pencil Sharpener","Pencils & Accessories","ഡോംസ് extra long പെൻസിൽ ഷാർപ്നർ","5","3","https://aadutygzgrbexxuznqlr.supabase.co/storage/v1/object/public/item-images/doms/pencils_accessories_doms_extra_long_pencil_sharpener.webp"
"ANG-STA-0366","DOMS FRAGRANCE ERASERS","Pencils & Accessories","ഡോംസ് fragrance ഇറേസറുകൾ","5","3","https://aadutygzgrbexxuznqlr.supabase.co/storage/v1/object/public/item-images/doms/pencils_accessories_doms_fragrance_erasers_2.webp"
"ANG-STA-0367","DOMS Fusion Pencil","Pencils & Accessories","ഡോംസ് ഫ്യൂഷൻ പെൻസിൽ","7","3","https://aadutygzgrbexxuznqlr.supabase.co/storage/v1/object/public/item-images/doms/pencils_accessories_doms_fusion_pencil.webp"
"ANG-STA-0368","DOMS Groove Pencil","Pencils & Accessories","ഡോംസ് ഗ്രൂവ് പെൻസിൽ","7","3","https://aadutygzgrbexxuznqlr.supabase.co/storage/v1/object/public/item-images/doms/pencils_accessories_doms_groove_pencil.webp"
"ANG-STA-0369","DOMS Hello Pencil","Pencils & Accessories","ഡോംസ് hello പെൻസിൽ","6","3","https://aadutygzgrbexxuznqlr.supabase.co/storage/v1/object/public/item-images/doms/pencils_accessories_doms_hello_pencil.webp"
"ANG-STA-0370","DOMS HEX ERASERS","Pencils & Accessories","ഡോംസ് hex ഇറേസറുകൾ","5","3","https://aadutygzgrbexxuznqlr.supabase.co/storage/v1/object/public/item-images/doms/pencils_accessories_doms_hex_erasers.webp"
"ANG-STA-0371","DOMS Karbon Pencil","Pencils & Accessories","ഡോംസ് karbon പെൻസിൽ","6","3","https://aadutygzgrbexxuznqlr.supabase.co/storage/v1/object/public/item-images/doms/pencils_accessories_doms_karbon_pencil.webp"
"ANG-STA-0372","DOMS LONG COLOURED ERASERS","Pencils & Accessories","ഡോംസ് long coloured ഇറേസറുകൾ","5","3","https://aadutygzgrbexxuznqlr.supabase.co/storage/v1/object/public/item-images/doms/pencils_accessories_doms_long_coloured_erasers.webp"
"ANG-STA-0373","DOMS MECHANICAL Pencil","Pencils & Accessories","ഡോംസ് mechanical പെൻസിൽ","6","3","https://aadutygzgrbexxuznqlr.supabase.co/storage/v1/object/public/item-images/doms/pencils_accessories_doms_mechanical_pencil.webp"
"ANG-STA-0374","DOMS Neon Erasner","Pencils & Accessories","ഡോംസ് neon erasner","7","3","https://aadutygzgrbexxuznqlr.supabase.co/storage/v1/object/public/item-images/doms/pencils_accessories_doms_neon_erasner.webp"
"ANG-STA-0375","DOMS Neon Pencil","Pencils & Accessories","ഡോംസ് നിയോൺ പെൻസിൽ","7","3","https://aadutygzgrbexxuznqlr.supabase.co/storage/v1/object/public/item-images/doms/pencils_accessories_doms_neon_pencil.webp"
"ANG-STA-0376","DOMS Neostar Pencil","Pencils & Accessories","ഡോംസ് neostar പെൻസിൽ","6","3","https://aadutygzgrbexxuznqlr.supabase.co/storage/v1/object/public/item-images/doms/pencils_accessories_doms_neostar_pencil.webp"
"ANG-STA-0377","DOMS Palladium Pencil","Pencils & Accessories","ഡോംസ് palladium പെൻസിൽ","6","3","https://aadutygzgrbexxuznqlr.supabase.co/storage/v1/object/public/item-images/doms/pencils_accessories_doms_palladium_pencil.webp"
"ANG-STA-0378","DOMS Pencil Sharpener","Pencils & Accessories","ഡോംസ് പെൻസിൽ ഷാർപ്നർ","5","3","https://aadutygzgrbexxuznqlr.supabase.co/storage/v1/object/public/item-images/doms/pencils_accessories_doms_pencil_sharpener.webp"
"ANG-STA-0379","DOMS PEPCILS ERASER","Pencils & Accessories","ഡോംസ് pepcils ഇറേസർ","5","3","https://aadutygzgrbexxuznqlr.supabase.co/storage/v1/object/public/item-images/doms/pencils_accessories_doms_pepcils_eraser.webp"
"ANG-STA-0380","DOMS Rocket Point Erasner","Pencils & Accessories","ഡോംസ് rocket point erasner","6","3","https://aadutygzgrbexxuznqlr.supabase.co/storage/v1/object/public/item-images/doms/pencils_accessories_doms_rocket_point_erasner.webp"
"ANG-STA-0381","DOMS Soccer Shot","Pencils & Accessories","ഡോംസ് soccer shot","6","3","https://aadutygzgrbexxuznqlr.supabase.co/storage/v1/object/public/item-images/doms/pencils_accessories_doms_soccer_shot.webp"
"ANG-STA-0382","DOMS SUPER SIX PENCILS","Pencils & Accessories","ഡോംസ് super six പെൻസിലുകൾ","6","3","https://aadutygzgrbexxuznqlr.supabase.co/storage/v1/object/public/item-images/doms/pencils_accessories_doms_super_six_pencils.webp"
"ANG-STA-0383","DOMS SUPERIO Pencil","Pencils & Accessories","ഡോംസ് സുപ്പീരിയോ പെൻസിൽ","6","3","https://aadutygzgrbexxuznqlr.supabase.co/storage/v1/object/public/item-images/doms/pencils_accessories_doms_superio_pencil.webp"
"ANG-STA-0384","DOMS TRIANGLE FRAGRANCE ERASERS","Pencils & Accessories","ഡോംസ് triangle fragrance ഇറേസറുകൾ","5","3","https://aadutygzgrbexxuznqlr.supabase.co/storage/v1/object/public/item-images/doms/pencils_accessories_doms_triangle_fragrance_erasers.webp"
"ANG-STA-0385","DOMS Two Dooz Pencil Sharpener","Pencils & Accessories","ഡോംസ് two dooz പെൻസിൽ ഷാർപ്നർ","5","3","https://aadutygzgrbexxuznqlr.supabase.co/storage/v1/object/public/item-images/doms/pencils_accessories_doms_soccer_shot_copy.webp"
"ANG-STA-0386","DOMS Ultra click mechanical pencil","Pencils & Accessories","ഡോംസ് ultra click mechanical പെൻസിൽ","6","3","https://aadutygzgrbexxuznqlr.supabase.co/storage/v1/object/public/item-images/doms/pencils_accessories_doms_ultra_click_mechanical_pencil.webp"
"ANG-STA-0387","DOMS WIZDOM Pencil","Pencils & Accessories","ഡോംസ് wizdom പെൻസിൽ","6","3","https://aadutygzgrbexxuznqlr.supabase.co/storage/v1/object/public/item-images/doms/pencils_accessories_doms_wizdom_pencil.webp"
"ANG-STA-0388","DOMS X1 Pencil","Pencils & Accessories","ഡോംസ് x1 പെൻസിൽ","6","3","https://aadutygzgrbexxuznqlr.supabase.co/storage/v1/object/public/item-images/doms/pencils_accessories_doms_x1_pencil.webp"
"ANG-STA-0389","DOMS Y1 Pencil","Pencils & Accessories","ഡോംസ് y1 പെൻസിൽ","6","3","https://aadutygzgrbexxuznqlr.supabase.co/storage/v1/object/public/item-images/doms/pencils_accessories_doms_y1_pencil.webp"
"ANG-STA-0390","DOMS Zillion Pencil","Pencils & Accessories","ഡോംസ് zillion പെൻസിൽ","6","3","https://aadutygzgrbexxuznqlr.supabase.co/storage/v1/object/public/item-images/doms/pencils_accessories_doms_zillion_pencil.webp"
"ANG-STA-0391","DOMS ZIO Pencil","Pencils & Accessories","ഡോംസ് zio പെൻസിൽ","6","3","https://aadutygzgrbexxuznqlr.supabase.co/storage/v1/object/public/item-images/doms/pencils_accessories_doms_zio_pencil.webp"
"ANG-STA-0392","DOMS ZODIAC ERASERS","Pencils & Accessories","ഡോംസ് zodiac ഇറേസറുകൾ","5","3","https://aadutygzgrbexxuznqlr.supabase.co/storage/v1/object/public/item-images/doms/pencils_accessories_doms_zodiac_erasers.webp"
"ANG-STA-0393","DOMS Zoom Pencil","Pencils & Accessories","ഡോംസ് zoom പെൻസിൽ","6","3","https://aadutygzgrbexxuznqlr.supabase.co/storage/v1/object/public/item-images/doms/pencils_accessories_doms_zoom_pencil.webp"
"ANG-STA-0394","Doms 1 Subject Spiral Notebookspace Series Single Line","Paper & Notebooks","ഡോംസ് 1 subject spiral notebookspace series single line","55","2","https://aadutygzgrbexxuznqlr.supabase.co/storage/v1/object/public/item-images/doms/paper_stationery_doms_1_subject_spiral_notebookspace_series_single_line.webp"
"ANG-STA-0395","Doms 1 Subject Spiral Notebookspace Series Unruled Line","Paper & Notebooks","ഡോംസ് 1 subject spiral notebookspace series unruled line","55","2","https://aadutygzgrbexxuznqlr.supabase.co/storage/v1/object/public/item-images/doms/paper_stationery_doms_1_subject_spiral_notebookspace_series_single_line.webp"
"ANG-STA-0396","Doms 3 In 1 Dl Rb Sq Notebookbrown Series 24x18cm 172 Pages","Paper & Notebooks","ഡോംസ് 3 in 1 dl rb sq notebookbrown series 24x18cm 172 pages","55","2","https://aadutygzgrbexxuznqlr.supabase.co/storage/v1/object/public/item-images/doms/paper_stationery_doms_3_in_1_dl_rb_sq_notebookbrown_series_24x18cm_172_pages.webp"
"ANG-STA-0397","Doms 3 In 1 Sl Rb Sq Notebookbrown Series 24x18cm 172 Pages","Paper & Notebooks","ഡോംസ് 3 in 1 sl rb sq notebookbrown series 24x18cm 172 pages","55","2","https://aadutygzgrbexxuznqlr.supabase.co/storage/v1/object/public/item-images/doms/paper_stationery_doms_3_in_1_dl_rb_sq_notebookbrown_series_24x18cm_172_pages.webp"
"ANG-STA-0398","DOMS 3 in 1 Notebook (Train Tours Series)","Paper & Notebooks","ഡോംസ് 3 in 1 നോട്ട്ബുക്ക് (train tours series)","55","2","https://aadutygzgrbexxuznqlr.supabase.co/storage/v1/object/public/item-images/doms/paper_stationery_doms_3_in_1_notebook_train_tours_series.webp"
"ANG-STA-0399","Doms 33x21cm Single Line Notebookfamous Mountains Series","Paper & Notebooks","ഡോംസ് 33x21cm single line notebookfamous mountains series","55","2","https://aadutygzgrbexxuznqlr.supabase.co/storage/v1/object/public/item-images/doms/paper_stationery_doms_33x21cm_single_line_notebookfamous_mountains_series.webp"
"ANG-STA-0400","DOMS 33x21Cm Single Line Notebook(Landmark Series)","Paper & Notebooks","ഡോംസ് 33x21cm single line നോട്ട്ബുക്ക്(landmark series)","55","2","https://aadutygzgrbexxuznqlr.supabase.co/storage/v1/object/public/item-images/doms/paper_stationery_doms_33x21cm_single_line_notebooklandmark_series.webp"
"ANG-STA-0401","Doms 33x21cm Unruled Notebookfamous Mountains Series","Paper & Notebooks","ഡോംസ് 33x21cm unruled notebookfamous mountains series","55","2","https://aadutygzgrbexxuznqlr.supabase.co/storage/v1/object/public/item-images/doms/paper_stationery_doms_33x21cm_single_line_notebookfamous_mountains_series.webp"
"ANG-STA-0402","DOMS 33x21Cm Unruled Notebook(landmarks Series)","Paper & Notebooks","ഡോംസ് 33x21cm unruled നോട്ട്ബുക്ക്(landmarks series)","55","2","https://aadutygzgrbexxuznqlr.supabase.co/storage/v1/object/public/item-images/doms/paper_stationery_doms_33x21cm_single_line_notebooklandmark_series.webp"
"ANG-STA-0403","Doms 3in1 Fl Rb Sq Notebook Retro Cars Series","Paper & Notebooks","ഡോംസ് 3in1 fl rb sq നോട്ട്ബുക്ക് retro cars series","55","2","https://aadutygzgrbexxuznqlr.supabase.co/storage/v1/object/public/item-images/doms/paper_stationery_doms_3in1_fl_rb_sq_notebook_retro_cars_series.webp"
"ANG-STA-0404","Doms 3in1 Sl Rb Sq Notebook Retro Cars Series","Paper & Notebooks","ഡോംസ് 3in1 sl rb sq നോട്ട്ബുക്ക് retro cars series","55","2","https://aadutygzgrbexxuznqlr.supabase.co/storage/v1/object/public/item-images/doms/paper_stationery_doms_3in1_fl_rb_sq_notebook_retro_cars_series.webp"
"ANG-STA-0405","Doms 5 Line With Gap Notebookbrown Series 24x18cm 172 Pages","Paper & Notebooks","ഡോംസ് 5 line with gap notebookbrown series 24x18cm 172 pages","55","2","https://aadutygzgrbexxuznqlr.supabase.co/storage/v1/object/public/item-images/doms/paper_stationery_doms_3_in_1_dl_rb_sq_notebookbrown_series_24x18cm_172_pages.webp"
"ANG-STA-0406","DOMS 6 Subject Spiral Notebook(Nature Series)","Paper & Notebooks","ഡോംസ് 6 subject spiral നോട്ട്ബുക്ക്(nature series)","55","2","https://aadutygzgrbexxuznqlr.supabase.co/storage/v1/object/public/item-images/doms/paper_stationery_doms_6_subject_spiral_notebooknature_series.webp"
"ANG-STA-0407","Doms 6 Subject Spiral Notebookwild Life Animals Series","Paper & Notebooks","ഡോംസ് 6 subject spiral notebookwild life animals series","55","2","https://aadutygzgrbexxuznqlr.supabase.co/storage/v1/object/public/item-images/doms/paper_stationery_doms_6_subject_spiral_notebookwild_life_animals_series.webp"
"ANG-STA-0408","Doms A4 Single Line Notebookbrown Series 29 7x 21cm 140 Pages","Paper & Notebooks","ഡോംസ് a4 single line notebookbrown series 29 7x 21cm 140 pages","55","2","https://aadutygzgrbexxuznqlr.supabase.co/storage/v1/object/public/item-images/doms/paper_stationery_doms_a4_single_line_notebookbrown_series_29_7x_21cm_140_pages.webp"
"ANG-STA-0409","Doms A4 Single Line Notebookbrown Series 29 7x 21cm 172 Pages","Paper & Notebooks","ഡോംസ് a4 single line notebookbrown series 29 7x 21cm 172 pages","55","2","https://aadutygzgrbexxuznqlr.supabase.co/storage/v1/object/public/item-images/doms/paper_stationery_doms_a4_single_line_notebookbrown_series_29_7x_21cm_140_pages.webp"
"ANG-STA-0410","DOMS A4 Single Line Notebook(Dream Homes Series)","Paper & Notebooks","ഡോംസ് a4 single line നോട്ട്ബുക്ക്(dream homes series)","55","2","https://aadutygzgrbexxuznqlr.supabase.co/storage/v1/object/public/item-images/doms/paper_stationery_doms_a4_single_line_notebookdream_homes_series.webp"
"ANG-STA-0411","Doms Big Square 25mm Notebookbrown Series 24x18cm 172 Pages","Paper & Notebooks","ഡോംസ് big square 25mm notebookbrown series 24x18cm 172 pages","55","2","https://aadutygzgrbexxuznqlr.supabase.co/storage/v1/object/public/item-images/doms/paper_stationery_doms_3_in_1_dl_rb_sq_notebookbrown_series_24x18cm_172_pages.webp"
"ANG-STA-0412","Doms Big Square Notebook Train Tours Series","Paper & Notebooks","ഡോംസ് big square നോട്ട്ബുക്ക് train tours series","55","2","https://aadutygzgrbexxuznqlr.supabase.co/storage/v1/object/public/item-images/doms/paper_stationery_doms_3_in_1_notebook_train_tours_series.webp"
"ANG-STA-0413","Doms Board Ruled Notebook City Life Series","Paper & Notebooks","ഡോംസ് board ruled നോട്ട്ബുക്ക് city life series","55","2","https://aadutygzgrbexxuznqlr.supabase.co/storage/v1/object/public/item-images/doms/paper_stationery_doms_board_ruled_notebook_city_life_series.webp"
"ANG-STA-0414","DOMS Brown Drawing Book – 27.5×34.7Cm","Paper & Notebooks","ഡോംസ് brown ഡ്രോയിംഗ് ബുക്ക് – 27.5×34.7cm","45","2","https://aadutygzgrbexxuznqlr.supabase.co/storage/v1/object/public/item-images/doms/paper_stationery_doms_brown_drawing_book_27_5x34_7cm.webp"
"ANG-STA-0415","DOMS Conference Pads","Paper & Notebooks","ഡോംസ് conference pads","55","2","https://aadutygzgrbexxuznqlr.supabase.co/storage/v1/object/public/item-images/doms/paper_stationery_doms_conference_pads.jpeg"
"ANG-STA-0416","Doms Double Line Notebook City Life Series","Paper & Notebooks","ഡോംസ് double line നോട്ട്ബുക്ക് city life series","55","2","https://aadutygzgrbexxuznqlr.supabase.co/storage/v1/object/public/item-images/doms/paper_stationery_doms_board_ruled_notebook_city_life_series.webp"
"ANG-STA-0417","Doms Double Line Notebook Jewels Of India Series","Paper & Notebooks","ഡോംസ് double line നോട്ട്ബുക്ക് jewels of india series","55","2","https://aadutygzgrbexxuznqlr.supabase.co/storage/v1/object/public/item-images/doms/paper_stationery_doms_double_line_notebook_jewels_of_india_series.webp"
"ANG-STA-0418","Doms Double Line Notebook Jewels Of India Series 2","Paper & Notebooks","ഡോംസ് double line നോട്ട്ബുക്ക് jewels of india series 2","55","2","https://aadutygzgrbexxuznqlr.supabase.co/storage/v1/object/public/item-images/doms/paper_stationery_doms_double_line_notebook_jewels_of_india_series.webp"
"ANG-STA-0419","Doms Double Line Notebook Martial Arts Series","Paper & Notebooks","ഡോംസ് double line നോട്ട്ബുക്ക് martial arts series","55","2","https://aadutygzgrbexxuznqlr.supabase.co/storage/v1/object/public/item-images/doms/paper_stationery_doms_double_line_notebook_martial_arts_series.webp"
"ANG-STA-0420","Doms Double Line Notebook Train Tours Series","Paper & Notebooks","ഡോംസ് double line നോട്ട്ബുക്ക് train tours series","55","2","https://aadutygzgrbexxuznqlr.supabase.co/storage/v1/object/public/item-images/doms/paper_stationery_doms_3_in_1_notebook_train_tours_series.webp"
"ANG-STA-0421","Doms Double Line Notebookbrown Series 19x15 5cm 172 Pages","Paper & Notebooks","ഡോംസ് double line notebookbrown series 19x15 5cm 172 pages","55","2","https://aadutygzgrbexxuznqlr.supabase.co/storage/v1/object/public/item-images/doms/paper_stationery_doms_double_line_notebookbrown_series_19x15_5cm_172_pages.webp"
"ANG-STA-0422","Doms Double Line Notebookbrown Series 19x15 5cm 76 Pages","Paper & Notebooks","ഡോംസ് double line notebookbrown series 19x15 5cm 76 pages","55","2","https://aadutygzgrbexxuznqlr.supabase.co/storage/v1/object/public/item-images/doms/paper_stationery_doms_double_line_notebookbrown_series_19x15_5cm_172_pages.webp"
"ANG-STA-0423","Doms Double Line Notebookbrown Series 24x18cm 172 Pages","Paper & Notebooks","ഡോംസ് double line notebookbrown series 24x18cm 172 pages","55","2","https://aadutygzgrbexxuznqlr.supabase.co/storage/v1/object/public/item-images/doms/paper_stationery_doms_3_in_1_dl_rb_sq_notebookbrown_series_24x18cm_172_pages.webp"
"ANG-STA-0424","Doms Double Line Notebookbrown Series 24x18cm 76 Pages","Paper & Notebooks","ഡോംസ് double line notebookbrown series 24x18cm 76 pages","55","2","https://aadutygzgrbexxuznqlr.supabase.co/storage/v1/object/public/item-images/doms/paper_stationery_doms_double_line_notebookbrown_series_24x18cm_76_pages.webp"
"ANG-STA-0425","Doms Five Line With Gap Notebook Retro Cars Series","Paper & Notebooks","ഡോംസ് five line with gap നോട്ട്ബുക്ക് retro cars series","55","2","https://aadutygzgrbexxuznqlr.supabase.co/storage/v1/object/public/item-images/doms/paper_stationery_doms_3in1_fl_rb_sq_notebook_retro_cars_series.webp"
"ANG-STA-0426","DOMS Graph Books(28 Pages)","Paper & Notebooks","ഡോംസ് graph books(28 pages)","50","2","https://aadutygzgrbexxuznqlr.supabase.co/storage/v1/object/public/item-images/doms/paper_stationery_doms_graph_books28_pages.webp"
"ANG-STA-0427","DOMS Graph Books(56 Pages)","Paper & Notebooks","ഡോംസ് graph books(56 pages)","50","2","https://aadutygzgrbexxuznqlr.supabase.co/storage/v1/object/public/item-images/doms/paper_stationery_doms_graph_books56_pages.webp"
"ANG-STA-0428","Doms Iq Executive 1 Subject Single Line Wiro Notebook","Paper & Notebooks","ഡോംസ് iq executive 1 subject single line wiro നോട്ട്ബുക്ക്","55","2","https://aadutygzgrbexxuznqlr.supabase.co/storage/v1/object/public/item-images/doms/paper_stationery_doms_iq_executive_1_subject_single_line_wiro_notebook.webp"
"ANG-STA-0429","Doms Iq Executive 5 Subject Single Line Wiro Notebook","Paper & Notebooks","ഡോംസ് iq executive 5 subject single line wiro നോട്ട്ബുക്ക്","55","2","https://aadutygzgrbexxuznqlr.supabase.co/storage/v1/object/public/item-images/doms/paper_stationery_doms_iq_executive_5_subject_single_line_wiro_notebook.webp"
"ANG-STA-0430","Doms Maths Ruled Notebook City Life Series","Paper & Notebooks","ഡോംസ് maths ruled നോട്ട്ബുക്ക് city life series","55","2","https://aadutygzgrbexxuznqlr.supabase.co/storage/v1/object/public/item-images/doms/paper_stationery_doms_board_ruled_notebook_city_life_series.webp"
"ANG-STA-0431","Doms R B With Gap Notebook Jewels Of India Series","Paper & Notebooks","ഡോംസ് r b with gap നോട്ട്ബുക്ക് jewels of india series","55","2","https://aadutygzgrbexxuznqlr.supabase.co/storage/v1/object/public/item-images/doms/paper_stationery_doms_r_b_with_gap_notebook_jewels_of_india_series.webp"
"ANG-STA-0432","Doms Medium Square 12 Mm Notebook Martial Arts Series","Paper & Notebooks","ഡോംസ് medium square 12 mm നോട്ട്ബുക്ക് martial arts series","55","2","https://aadutygzgrbexxuznqlr.supabase.co/storage/v1/object/public/item-images/doms/paper_stationery_doms_double_line_notebook_martial_arts_series.webp"
"ANG-STA-0433","Doms Medium Square 12mm Notebook City Life Series","Paper & Notebooks","ഡോംസ് medium square 12mm നോട്ട്ബുക്ക് city life series","55","2","https://aadutygzgrbexxuznqlr.supabase.co/storage/v1/object/public/item-images/doms/paper_stationery_doms_board_ruled_notebook_city_life_series.webp"
"ANG-STA-0434","Doms Medium Square 12mm Notebook Retro Cars Series","Paper & Notebooks","ഡോംസ് medium square 12mm നോട്ട്ബുക്ക് retro cars series","55","2","https://aadutygzgrbexxuznqlr.supabase.co/storage/v1/object/public/item-images/doms/paper_stationery_doms_3in1_fl_rb_sq_notebook_retro_cars_series.webp"
"ANG-STA-0435","Doms Medium Square 12mm Notebookbrown Series 24x18cm 172 Pages","Paper & Notebooks","ഡോംസ് medium square 12mm notebookbrown series 24x18cm 172 pages","55","2","https://aadutygzgrbexxuznqlr.supabase.co/storage/v1/object/public/item-images/doms/paper_stationery_doms_3_in_1_dl_rb_sq_notebookbrown_series_24x18cm_172_pages.webp"
"ANG-STA-0436","Doms Medium Square 12mm Notebookjewels Of India Series","Paper & Notebooks","ഡോംസ് medium square 12mm notebookjewels of india series","55","2","https://aadutygzgrbexxuznqlr.supabase.co/storage/v1/object/public/item-images/doms/paper_stationery_doms_double_line_notebook_jewels_of_india_series.webp"
"ANG-STA-0437","Doms Medium Square Notebook Train Tours Series","Paper & Notebooks","ഡോംസ് medium square നോട്ട്ബുക്ക് train tours series","55","2","https://aadutygzgrbexxuznqlr.supabase.co/storage/v1/object/public/item-images/doms/paper_stationery_doms_3_in_1_notebook_train_tours_series.webp"
"ANG-STA-0438","Doms Medium Square Notebookbrown Series 19x15 5cm 172 Pages","Paper & Notebooks","ഡോംസ് medium square notebookbrown series 19x15 5cm 172 pages","55","2","https://aadutygzgrbexxuznqlr.supabase.co/storage/v1/object/public/item-images/doms/paper_stationery_doms_double_line_notebookbrown_series_19x15_5cm_172_pages.webp"
"ANG-STA-0439","Doms Medium Square Notebookbrown Series 19x15 5cm 76 Pages","Paper & Notebooks","ഡോംസ് medium square notebookbrown series 19x15 5cm 76 pages","55","2","https://aadutygzgrbexxuznqlr.supabase.co/storage/v1/object/public/item-images/doms/paper_stationery_doms_double_line_notebookbrown_series_19x15_5cm_172_pages.webp"
"ANG-STA-0440","Doms Medium Square Notebookbrown Series 24x18cm 76 Pages","Paper & Notebooks","ഡോംസ് medium square notebookbrown series 24x18cm 76 pages","55","2","https://aadutygzgrbexxuznqlr.supabase.co/storage/v1/object/public/item-images/doms/paper_stationery_doms_double_line_notebookbrown_series_24x18cm_76_pages.webp"
"ANG-STA-0441","DOMS Mini Single Line Notebook (Abstract Series)","Paper & Notebooks","ഡോംസ് mini single line നോട്ട്ബുക്ക് (abstract series)","55","2","https://aadutygzgrbexxuznqlr.supabase.co/storage/v1/object/public/item-images/doms/paper_stationery_doms_mini_single_line_notebook_abstract_series.webp"
"ANG-STA-0442","DOMS Orange Drawing Book – 29.5x42Cm","Paper & Notebooks","ഡോംസ് orange ഡ്രോയിംഗ് ബുക്ക് – 29.5x42cm","45","2","https://aadutygzgrbexxuznqlr.supabase.co/storage/v1/object/public/item-images/doms/paper_stationery_doms_orange_drawing_book_29_5x42cm.webp"
"ANG-STA-0443","DOMS Polycover 1 Subject Wiro Notebook – 21.6x14Cm","Paper & Notebooks","ഡോംസ് polycover 1 subject wiro നോട്ട്ബുക്ക് – 21.6x14cm","55","2","https://aadutygzgrbexxuznqlr.supabase.co/storage/v1/object/public/item-images/doms/paper_stationery_doms_polycover_1_subject_wiro_notebook_21_6x14cm.webp"
"ANG-STA-0444","DOMS Polycover 1 Subject Wiro Notebook – 29.7x21Cm","Paper & Notebooks","ഡോംസ് polycover 1 subject wiro നോട്ട്ബുക്ക് – 29.7x21cm","55","2","https://aadutygzgrbexxuznqlr.supabase.co/storage/v1/object/public/item-images/doms/paper_stationery_doms_polycover_1_subject_wiro_notebook_21_6x14cm.webp"
"ANG-STA-0445","DOMS Polycover 5 Subject Wiro Notebook – 21.6x14Cm","Paper & Notebooks","ഡോംസ് polycover 5 subject wiro നോട്ട്ബുക്ക് – 21.6x14cm","55","2","https://aadutygzgrbexxuznqlr.supabase.co/storage/v1/object/public/item-images/doms/paper_stationery_doms_polycover_5_subject_wiro_notebook_21_6x14cm.webp"
"ANG-STA-0446","DOMS Polycover 5 Subject Wiro Notebook – 25×17.8Cm","Paper & Notebooks","ഡോംസ് polycover 5 subject wiro നോട്ട്ബുക്ക് – 25×17.8cm","55","2","https://aadutygzgrbexxuznqlr.supabase.co/storage/v1/object/public/item-images/doms/paper_stationery_doms_polycover_5_subject_wiro_notebook_21_6x14cm.webp"
"ANG-STA-0447","Doms Polycover 5 Subject Wiro Notebook 25x17 8cm 2","Paper & Notebooks","ഡോംസ് polycover 5 subject wiro നോട്ട്ബുക്ക് 25x17 8cm 2","55","2","https://aadutygzgrbexxuznqlr.supabase.co/storage/v1/object/public/item-images/doms/paper_stationery_doms_polycover_5_subject_wiro_notebook_21_6x14cm.webp"
"ANG-STA-0448","DOMS Polycover 5 Subject Wiro Notebook – 29.7x21Cm","Paper & Notebooks","ഡോംസ് polycover 5 subject wiro നോട്ട്ബുക്ക് – 29.7x21cm","55","2","https://aadutygzgrbexxuznqlr.supabase.co/storage/v1/object/public/item-images/doms/paper_stationery_doms_polycover_5_subject_wiro_notebook_21_6x14cm.webp"
"ANG-STA-0449","Doms Premium Range Single Line 24 X 18cm Notebookneon Series 100 Pages","Paper & Notebooks","ഡോംസ് premium range single line 24 x 18cm notebookneon series 100 pages","55","2","https://aadutygzgrbexxuznqlr.supabase.co/storage/v1/object/public/item-images/doms/paper_stationery_doms_premium_range_single_line_24_x_18cm_notebookneon_series_100_pages.webp"
"ANG-STA-0450","Doms Premium Range Single Line 24 X 18cm Notebookneon Series 200 Pages","Paper & Notebooks","ഡോംസ് premium range single line 24 x 18cm notebookneon series 200 pages","55","2","https://aadutygzgrbexxuznqlr.supabase.co/storage/v1/object/public/item-images/doms/paper_stationery_doms_premium_range_single_line_24_x_18cm_notebookneon_series_100_pages.webp"
"ANG-STA-0451","Doms Premium Range Single Line 29 7 X 21cm Notebookneon Series 100 Pages","Paper & Notebooks","ഡോംസ് premium range single line 29 7 x 21cm notebookneon series 100 pages","55","2","https://aadutygzgrbexxuznqlr.supabase.co/storage/v1/object/public/item-images/doms/paper_stationery_doms_premium_range_single_line_24_x_18cm_notebookneon_series_100_pages.webp"
"ANG-STA-0452","Doms Premium Range Single Line 29 7 X 21cm Notebookneon Series 200 Pages","Paper & Notebooks","ഡോംസ് premium range single line 29 7 x 21cm notebookneon series 200 pages","55","2","https://aadutygzgrbexxuznqlr.supabase.co/storage/v1/object/public/item-images/doms/paper_stationery_doms_premium_range_single_line_24_x_18cm_notebookneon_series_100_pages.webp"
"ANG-STA-0453","Doms Premium Range Unruled 24 X 18cm Notebookneon Series 200 Pages","Paper & Notebooks","ഡോംസ് premium range unruled 24 x 18cm notebookneon series 200 pages","55","2","https://aadutygzgrbexxuznqlr.supabase.co/storage/v1/object/public/item-images/doms/paper_stationery_doms_premium_range_single_line_24_x_18cm_notebookneon_series_100_pages.webp"
"ANG-STA-0454","Doms Premium Range Unruled 29 7 X 21cm Notebookneon Series 100 Pages","Paper & Notebooks","ഡോംസ് premium range unruled 29 7 x 21cm notebookneon series 100 pages","55","2","https://aadutygzgrbexxuznqlr.supabase.co/storage/v1/object/public/item-images/doms/paper_stationery_doms_premium_range_single_line_24_x_18cm_notebookneon_series_100_pages.webp"
"ANG-STA-0455","Doms Premium Range Unruled 29 7 X 21cm Notebookneon Series 200 Pages","Paper & Notebooks","ഡോംസ് premium range unruled 29 7 x 21cm notebookneon series 200 pages","55","2","https://aadutygzgrbexxuznqlr.supabase.co/storage/v1/object/public/item-images/doms/paper_stationery_doms_premium_range_single_line_24_x_18cm_notebookneon_series_100_pages.webp"
"ANG-STA-0456","Doms Premium Range Unruled 24 X 18cm Notebookneon Series 100 Pages","Paper & Notebooks","ഡോംസ് premium range unruled 24 x 18cm notebookneon series 100 pages","55","2","https://aadutygzgrbexxuznqlr.supabase.co/storage/v1/object/public/item-images/doms/paper_stationery_doms_premium_range_single_line_24_x_18cm_notebookneon_series_100_pages.webp"
"ANG-STA-0457","Doms R B With Gap Notebook Jewels Of India Series 2","Paper & Notebooks","ഡോംസ് r b with gap നോട്ട്ബുക്ക് jewels of india series 2","55","2","https://aadutygzgrbexxuznqlr.supabase.co/storage/v1/object/public/item-images/doms/paper_stationery_doms_r_b_with_gap_notebook_jewels_of_india_series.webp"
"ANG-STA-0458","Doms R B With Gap Notebookbrown Series 24x18cm 172 Pages","Paper & Notebooks","ഡോംസ് r b with gap notebookbrown series 24x18cm 172 pages","55","2","https://aadutygzgrbexxuznqlr.supabase.co/storage/v1/object/public/item-images/doms/paper_stationery_doms_3_in_1_dl_rb_sq_notebookbrown_series_24x18cm_172_pages.webp"
"ANG-STA-0459","Doms Rb With Gap Notebook City Life Series","Paper & Notebooks","ഡോംസ് rb with gap നോട്ട്ബുക്ക് city life series","55","2","https://aadutygzgrbexxuznqlr.supabase.co/storage/v1/object/public/item-images/doms/paper_stationery_doms_board_ruled_notebook_city_life_series.webp"
"ANG-STA-0460","Doms Rb With Gap Notebook Martial Arts Series","Paper & Notebooks","ഡോംസ് rb with gap നോട്ട്ബുക്ക് martial arts series","55","2","https://aadutygzgrbexxuznqlr.supabase.co/storage/v1/object/public/item-images/doms/paper_stationery_doms_double_line_notebook_martial_arts_series.webp"
"ANG-STA-0461","Doms Rb With Gap Notebook Retro Cars Series","Paper & Notebooks","ഡോംസ് rb with gap നോട്ട്ബുക്ക് retro cars series","55","2","https://aadutygzgrbexxuznqlr.supabase.co/storage/v1/object/public/item-images/doms/paper_stationery_doms_3in1_fl_rb_sq_notebook_retro_cars_series.webp"
"ANG-STA-0462","Doms Rb With Gap Notebook Train Tours Series","Paper & Notebooks","ഡോംസ് rb with gap നോട്ട്ബുക്ക് train tours series","55","2","https://aadutygzgrbexxuznqlr.supabase.co/storage/v1/object/public/item-images/doms/paper_stationery_doms_3_in_1_notebook_train_tours_series.webp"
"ANG-STA-0463","Doms Rb With Gap Notebookbrown Series 19x15 5cm 172 Pages","Paper & Notebooks","ഡോംസ് rb with gap notebookbrown series 19x15 5cm 172 pages","55","2","https://aadutygzgrbexxuznqlr.supabase.co/storage/v1/object/public/item-images/doms/paper_stationery_doms_double_line_notebookbrown_series_19x15_5cm_172_pages.webp"
"ANG-STA-0464","Doms Rb With Gap Notebookbrown Series 19x15 5cm 76 Pages","Paper & Notebooks","ഡോംസ് rb with gap notebookbrown series 19x15 5cm 76 pages","55","2","https://aadutygzgrbexxuznqlr.supabase.co/storage/v1/object/public/item-images/doms/paper_stationery_doms_double_line_notebookbrown_series_19x15_5cm_172_pages.webp"
"ANG-STA-0465","Doms Rb With Gap Notebookbrown Series 24x18cm 76 Pages","Paper & Notebooks","ഡോംസ് rb with gap notebookbrown series 24x18cm 76 pages","55","2","https://aadutygzgrbexxuznqlr.supabase.co/storage/v1/object/public/item-images/doms/paper_stationery_doms_double_line_notebookbrown_series_24x18cm_76_pages.webp"
"ANG-STA-0466","Doms Rb With Gap Notebookjewels Of India Series","Paper & Notebooks","ഡോംസ് rb with gap notebookjewels of india series","55","2","https://aadutygzgrbexxuznqlr.supabase.co/storage/v1/object/public/item-images/doms/paper_stationery_doms_double_line_notebook_jewels_of_india_series.webp"
"ANG-STA-0467","Doms Red Blue With Gap Interleaf Notebookbrown Series 24x18cm 172 Pages","Paper & Notebooks","ഡോംസ് red blue with gap interleaf notebookbrown series 24x18cm 172 pages","55","2","https://aadutygzgrbexxuznqlr.supabase.co/storage/v1/object/public/item-images/doms/paper_stationery_doms_3_in_1_dl_rb_sq_notebookbrown_series_24x18cm_172_pages.webp"
"ANG-STA-0468","DOMS Red Drawing Book – 17×24.5Cm","Paper & Notebooks","ഡോംസ് red ഡ്രോയിംഗ് ബുക്ക് – 17×24.5cm","45","2","https://aadutygzgrbexxuznqlr.supabase.co/storage/v1/object/public/item-images/doms/paper_stationery_doms_red_drawing_book_17x24_5cm.webp"
"ANG-STA-0469","Doms Single Interleaf Notebookbrown Series 24x18cm 172 Pages","Paper & Notebooks","ഡോംസ് single interleaf notebookbrown series 24x18cm 172 pages","55","2","https://aadutygzgrbexxuznqlr.supabase.co/storage/v1/object/public/item-images/doms/paper_stationery_doms_3_in_1_dl_rb_sq_notebookbrown_series_24x18cm_172_pages.webp"
"ANG-STA-0470","Doms Single Line Interleaf Notebook Train Tours Series","Paper & Notebooks","ഡോംസ് single line interleaf നോട്ട്ബുക്ക് train tours series","55","2","https://aadutygzgrbexxuznqlr.supabase.co/storage/v1/object/public/item-images/doms/paper_stationery_doms_3_in_1_notebook_train_tours_series.webp"
"ANG-STA-0471","DOMS Single Line – Ruled Project Paper- 28×22 Cm","Paper & Notebooks","ഡോംസ് single line – ruled project paper- 28×22 cm","55","2","https://aadutygzgrbexxuznqlr.supabase.co/storage/v1/object/public/item-images/doms/paper_stationery_doms_single_line_ruled_project_paper_28x22_cm.webp"
"ANG-STA-0472","Doms Single Line Notebook City Life Series 3","Paper & Notebooks","ഡോംസ് single line നോട്ട്ബുക്ക് city life series 3","55","2","https://aadutygzgrbexxuznqlr.supabase.co/storage/v1/object/public/item-images/doms/paper_stationery_doms_board_ruled_notebook_city_life_series.webp"
"ANG-STA-0473","Doms Single Line Notebook City Life Series 2","Paper & Notebooks","ഡോംസ് single line നോട്ട്ബുക്ക് city life series 2","55","2","https://aadutygzgrbexxuznqlr.supabase.co/storage/v1/object/public/item-images/doms/paper_stationery_doms_board_ruled_notebook_city_life_series.webp"
"ANG-STA-0474","Doms Single Line Notebook Jewels Of India Series","Paper & Notebooks","ഡോംസ് single line നോട്ട്ബുക്ക് jewels of india series","55","2","https://aadutygzgrbexxuznqlr.supabase.co/storage/v1/object/public/item-images/doms/paper_stationery_doms_r_b_with_gap_notebook_jewels_of_india_series.webp"
"ANG-STA-0475","Doms Single Line Notebook Jewels Of India Series 2","Paper & Notebooks","ഡോംസ് single line നോട്ട്ബുക്ക് jewels of india series 2","55","2","https://aadutygzgrbexxuznqlr.supabase.co/storage/v1/object/public/item-images/doms/paper_stationery_doms_r_b_with_gap_notebook_jewels_of_india_series.webp"
"ANG-STA-0476","Doms Single Line Notebook Martial Arts Series","Paper & Notebooks","ഡോംസ് single line നോട്ട്ബുക്ക് martial arts series","55","2","https://aadutygzgrbexxuznqlr.supabase.co/storage/v1/object/public/item-images/doms/paper_stationery_doms_double_line_notebook_martial_arts_series.webp"
"ANG-STA-0477","Doms Single Line Notebook Retro Cars Series","Paper & Notebooks","ഡോംസ് single line നോട്ട്ബുക്ക് retro cars series","55","2","https://aadutygzgrbexxuznqlr.supabase.co/storage/v1/object/public/item-images/doms/paper_stationery_doms_3in1_fl_rb_sq_notebook_retro_cars_series.webp"
"ANG-STA-0478","DOMS Single Line Notebook (Sundial Series)","Paper & Notebooks","ഡോംസ് single line നോട്ട്ബുക്ക് (sundial series)","55","2","https://aadutygzgrbexxuznqlr.supabase.co/storage/v1/object/public/item-images/doms/paper_stationery_doms_single_line_notebook_sundial_series.webp"
"ANG-STA-0479","Doms Single Line Notebook Train Tours Series","Paper & Notebooks","ഡോംസ് single line നോട്ട്ബുക്ക് train tours series","55","2","https://aadutygzgrbexxuznqlr.supabase.co/storage/v1/object/public/item-images/doms/paper_stationery_doms_3_in_1_notebook_train_tours_series.webp"
"ANG-STA-0480","Doms Single Line Notebookarchitecture Series","Paper & Notebooks","ഡോംസ് single line notebookarchitecture series","55","2","https://aadutygzgrbexxuznqlr.supabase.co/storage/v1/object/public/item-images/doms/paper_stationery_doms_single_line_notebookarchitecture_series.webp"
"ANG-STA-0481","Doms Single Line Notebookart Of God Series","Paper & Notebooks","ഡോംസ് single line notebookart of god series","55","2","https://aadutygzgrbexxuznqlr.supabase.co/storage/v1/object/public/item-images/doms/paper_stationery_doms_single_line_notebookart_of_god_series.webp"
"ANG-STA-0482","Doms Single Line Notebookartificial Intelligence Series","Paper & Notebooks","ഡോംസ് single line notebookartificial intelligence series","55","2","https://aadutygzgrbexxuznqlr.supabase.co/storage/v1/object/public/item-images/doms/paper_stationery_doms_single_line_notebookartificial_intelligence_series.webp"
"ANG-STA-0483","Doms Single Line Notebookartificial Intelligence Series 2","Paper & Notebooks","ഡോംസ് single line notebookartificial intelligence series 2","55","2","https://aadutygzgrbexxuznqlr.supabase.co/storage/v1/object/public/item-images/doms/paper_stationery_doms_single_line_notebookartificial_intelligence_series.webp"
"ANG-STA-0484","Doms Single Line Notebookbook World Series","Paper & Notebooks","ഡോംസ് single line notebookbook world series","55","2","https://aadutygzgrbexxuznqlr.supabase.co/storage/v1/object/public/item-images/doms/paper_stationery_doms_single_line_notebookbook_world_series.webp"
"ANG-STA-0485","Doms Single Line Notebookbrown Series 19x15 5cm 172 Pages","Paper & Notebooks","ഡോംസ് single line notebookbrown series 19x15 5cm 172 pages","55","2","https://aadutygzgrbexxuznqlr.supabase.co/storage/v1/object/public/item-images/doms/paper_stationery_doms_double_line_notebookbrown_series_19x15_5cm_172_pages.webp"
"ANG-STA-0486","Doms Single Line Notebookbrown Series 19x15 5cm 76 Pages","Paper & Notebooks","ഡോംസ് single line notebookbrown series 19x15 5cm 76 pages","55","2","https://aadutygzgrbexxuznqlr.supabase.co/storage/v1/object/public/item-images/doms/paper_stationery_doms_double_line_notebookbrown_series_19x15_5cm_172_pages.webp"
"ANG-STA-0487","Doms Single Line Notebookbrown Series 24x18cm 172 Pages","Paper & Notebooks","ഡോംസ് single line notebookbrown series 24x18cm 172 pages","55","2","https://aadutygzgrbexxuznqlr.supabase.co/storage/v1/object/public/item-images/doms/paper_stationery_doms_3_in_1_dl_rb_sq_notebookbrown_series_24x18cm_172_pages.webp"
"ANG-STA-0488","Doms Single Line Notebookbrown Series 24x18cm 76 Pages","Paper & Notebooks","ഡോംസ് single line notebookbrown series 24x18cm 76 pages","55","2","https://aadutygzgrbexxuznqlr.supabase.co/storage/v1/object/public/item-images/doms/paper_stationery_doms_double_line_notebookbrown_series_24x18cm_76_pages.webp"
"ANG-STA-0489","Doms Single Line Notebookbrown Series 27x17 124 Pages","Paper & Notebooks","ഡോംസ് single line notebookbrown series 27x17 124 pages","55","2","https://aadutygzgrbexxuznqlr.supabase.co/storage/v1/object/public/item-images/doms/paper_stationery_doms_a4_single_line_notebookbrown_series_29_7x_21cm_140_pages.webp"
"ANG-STA-0490","Doms Single Line Notebookbrown Series 27x17 172 Pages","Paper & Notebooks","ഡോംസ് single line notebookbrown series 27x17 172 pages","55","2","https://aadutygzgrbexxuznqlr.supabase.co/storage/v1/object/public/item-images/doms/paper_stationery_doms_a4_single_line_notebookbrown_series_29_7x_21cm_140_pages.webp"
"ANG-STA-0491","Doms Single Line Notebookbrown Series 27x17 76 Pages","Paper & Notebooks","ഡോംസ് single line notebookbrown series 27x17 76 pages","55","2","https://aadutygzgrbexxuznqlr.supabase.co/storage/v1/object/public/item-images/doms/paper_stationery_doms_a4_single_line_notebookbrown_series_29_7x_21cm_140_pages.webp"
"ANG-STA-0492","Doms Single Line Notebookcities Transportation Series","Paper & Notebooks","ഡോംസ് single line notebookcities transportation series","55","2","https://aadutygzgrbexxuznqlr.supabase.co/storage/v1/object/public/item-images/doms/paper_stationery_doms_single_line_notebookcities_transportation_series.webp"
"ANG-STA-0493","DOMS Single Line Notebook(Clean Up Series)","Paper & Notebooks","ഡോംസ് single line നോട്ട്ബുക്ക്(clean up series)","55","2","https://aadutygzgrbexxuznqlr.supabase.co/storage/v1/object/public/item-images/doms/paper_stationery_doms_single_line_notebookclean_up_series.webp"
"ANG-STA-0494","DOMS Single Line Notebook(Empire of Future Series)","Paper & Notebooks","ഡോംസ് single line നോട്ട്ബുക്ക്(empire of future series)","55","2","https://aadutygzgrbexxuznqlr.supabase.co/storage/v1/object/public/item-images/doms/paper_stationery_doms_single_line_notebookempire_of_future_series.webp"
"ANG-STA-0495","DOMS Single Line Notebook(Energy Series)","Paper & Notebooks","ഡോംസ് single line നോട്ട്ബുക്ക്(energy series)","55","2","https://aadutygzgrbexxuznqlr.supabase.co/storage/v1/object/public/item-images/doms/paper_stationery_doms_single_line_notebookenergy_series.webp"
"ANG-STA-0496","DOMS Single Line Notebook(Graffiti Series)","Paper & Notebooks","ഡോംസ് single line നോട്ട്ബുക്ക്(graffiti series)","55","2","https://aadutygzgrbexxuznqlr.supabase.co/storage/v1/object/public/item-images/doms/paper_stationery_doms_single_line_notebookgraffiti_series.webp"
"ANG-STA-0497","Doms Single Line Notebookjewels Of India Series","Paper & Notebooks","ഡോംസ് single line notebookjewels of india series","55","2","https://aadutygzgrbexxuznqlr.supabase.co/storage/v1/object/public/item-images/doms/paper_stationery_doms_double_line_notebook_jewels_of_india_series.webp"
"ANG-STA-0498","Doms Single Line Notebookmartial Art Series","Paper & Notebooks","ഡോംസ് single line notebookmartial art series","55","2","https://aadutygzgrbexxuznqlr.supabase.co/storage/v1/object/public/item-images/doms/paper_stationery_doms_double_line_notebook_martial_arts_series.webp"
"ANG-STA-0499","DOMS Single Line Notebook(Music Series)","Paper & Notebooks","ഡോംസ് single line നോട്ട്ബുക്ക്(music series)","55","2","https://aadutygzgrbexxuznqlr.supabase.co/storage/v1/object/public/item-images/doms/paper_stationery_doms_single_line_notebookmusic_series.webp"
"ANG-STA-0500","Doms Single Line Notebookmy Beautiful Cities Series","Paper & Notebooks","ഡോംസ് single line notebookmy beautiful cities series","55","2","https://aadutygzgrbexxuznqlr.supabase.co/storage/v1/object/public/item-images/doms/paper_stationery_doms_single_line_notebookmy_beautiful_cities_series.webp"
"ANG-STA-0501","Doms Single Line Notebookpaper Cutouts Series","Paper & Notebooks","ഡോംസ് single line notebookpaper cutouts series","55","2","https://aadutygzgrbexxuznqlr.supabase.co/storage/v1/object/public/item-images/doms/paper_stationery_doms_single_line_notebookpaper_cutouts_series.webp"
"ANG-STA-0502","DOMS Single Line Notebook(Peace Series)","Paper & Notebooks","ഡോംസ് single line നോട്ട്ബുക്ക്(peace series)","55","2","https://aadutygzgrbexxuznqlr.supabase.co/storage/v1/object/public/item-images/doms/paper_stationery_doms_single_line_notebookpeace_series.webp"
"ANG-STA-0503","DOMS Single Line Notebook(POP Art Series)","Paper & Notebooks","ഡോംസ് single line നോട്ട്ബുക്ക്(pop art series)","55","2","https://aadutygzgrbexxuznqlr.supabase.co/storage/v1/object/public/item-images/doms/paper_stationery_doms_single_line_notebookarchitecture_series.webp"
"ANG-STA-0504","Doms Single Line Notebookrider On The Storm Series","Paper & Notebooks","ഡോംസ് single line notebookrider on the storm series","55","2","https://aadutygzgrbexxuznqlr.supabase.co/storage/v1/object/public/item-images/doms/paper_stationery_doms_single_line_notebookrider_on_the_storm_series.webp"
"ANG-STA-0505","Doms Single Line Notebooksports Cars Series","Paper & Notebooks","ഡോംസ് single line notebooksports cars series","55","2","https://aadutygzgrbexxuznqlr.supabase.co/storage/v1/object/public/item-images/doms/paper_stationery_doms_single_line_notebooksports_cars_series.webp"
"ANG-STA-0506","Doms Single Line Notebooksports Cars Series 2","Paper & Notebooks","ഡോംസ് single line notebooksports cars series 2","55","2","https://aadutygzgrbexxuznqlr.supabase.co/storage/v1/object/public/item-images/doms/paper_stationery_doms_single_line_notebooksports_cars_series.webp"
"ANG-STA-0507","Doms Single Line Notebooksports Cars Series 3","Paper & Notebooks","ഡോംസ് single line notebooksports cars series 3","55","2","https://aadutygzgrbexxuznqlr.supabase.co/storage/v1/object/public/item-images/doms/paper_stationery_doms_single_line_notebooksports_cars_series.webp"
"ANG-STA-0508","Doms Single Line Notebookstreet Riders Series","Paper & Notebooks","ഡോംസ് single line notebookstreet riders series","55","2","https://aadutygzgrbexxuznqlr.supabase.co/storage/v1/object/public/item-images/doms/paper_stationery_doms_single_line_notebookstreet_riders_series.webp"
"ANG-STA-0509","Doms Single Line Notebookstreet Riders Series 2","Paper & Notebooks","ഡോംസ് single line notebookstreet riders series 2","55","2","https://aadutygzgrbexxuznqlr.supabase.co/storage/v1/object/public/item-images/doms/paper_stationery_doms_single_line_notebookstreet_riders_series.webp"
"ANG-STA-0510","Doms Single Line Notebookstreet Riders Series 3","Paper & Notebooks","ഡോംസ് single line notebookstreet riders series 3","55","2","https://aadutygzgrbexxuznqlr.supabase.co/storage/v1/object/public/item-images/doms/paper_stationery_doms_single_line_notebookstreet_riders_series_3.webp"
"ANG-STA-0511","DOMS Single Line Notebook(Sundial Series)","Paper & Notebooks","ഡോംസ് single line നോട്ട്ബുക്ക്(sundial series)","55","2","https://aadutygzgrbexxuznqlr.supabase.co/storage/v1/object/public/item-images/doms/paper_stationery_doms_single_line_notebooksundial_series.webp"
"ANG-STA-0512","Doms Single Line Notebooktravel Stories Series","Paper & Notebooks","ഡോംസ് single line notebooktravel stories series","55","2","https://aadutygzgrbexxuznqlr.supabase.co/storage/v1/object/public/item-images/doms/paper_stationery_doms_single_line_notebooktravel_stories_series.webp"
"ANG-STA-0513","DOMS Single Line Notebook(Wonders of Nature Series)","Paper & Notebooks","ഡോംസ് single line നോട്ട്ബുക്ക്(wonders of nature series)","55","2","https://aadutygzgrbexxuznqlr.supabase.co/storage/v1/object/public/item-images/doms/paper_stationery_doms_single_line_notebookwonders_of_nature_series.webp"
"ANG-STA-0514","DOMS Single Line Notepad – 10.5 x 14Cm","Paper & Notebooks","ഡോംസ് single line notepad – 10.5 x 14cm","55","2","https://aadutygzgrbexxuznqlr.supabase.co/storage/v1/object/public/item-images/doms/paper_stationery_doms_single_line_notepad_10_5_x_14cm.webp"
"ANG-STA-0515","DOMS Single Line Notepad – 10.5 x 19Cm","Paper & Notebooks","ഡോംസ് single line notepad – 10.5 x 19cm","55","2","https://aadutygzgrbexxuznqlr.supabase.co/storage/v1/object/public/item-images/doms/paper_stationery_doms_single_line_notepad_10_5_x_19cm.webp"
"ANG-STA-0516","DOMS Single Line Notepad – 14 x 21Cm","Paper & Notebooks","ഡോംസ് single line notepad – 14 x 21cm","55","2","https://aadutygzgrbexxuznqlr.supabase.co/storage/v1/object/public/item-images/doms/paper_stationery_doms_single_line_notepad_10_5_x_14cm.webp"
"ANG-STA-0517","DOMS Single Line Notepad – 18.5 x 21Cm","Paper & Notebooks","ഡോംസ് single line notepad – 18.5 x 21cm","55","2","https://aadutygzgrbexxuznqlr.supabase.co/storage/v1/object/public/item-images/doms/paper_stationery_doms_single_line_notepad_10_5_x_14cm.webp"
"ANG-STA-0518","DOMS Single Line Notepad – 21.5 x 28.5Cm","Paper & Notebooks","ഡോംസ് single line notepad – 21.5 x 28.5cm","55","2","https://aadutygzgrbexxuznqlr.supabase.co/storage/v1/object/public/item-images/doms/paper_stationery_doms_single_line_notepad_10_5_x_14cm.webp"
"ANG-STA-0519","DOMS Single Line Pocket Wiro Book","Paper & Notebooks","ഡോംസ് single line pocket wiro book","55","2","https://aadutygzgrbexxuznqlr.supabase.co/storage/v1/object/public/item-images/doms/paper_stationery_doms_single_line_pocket_wiro_book.webp"
"ANG-STA-0520","DOMS Single Line/Blank Practical Book – Biology","Paper & Notebooks","ഡോംസ് single line/blank practical book – biology","50","2","https://aadutygzgrbexxuznqlr.supabase.co/storage/v1/object/public/item-images/doms/paper_stationery_doms_single_line_blank_practical_book_biology.webp"
"ANG-STA-0521","DOMS Single Line/Blank Practical Book – Chemistry","Paper & Notebooks","ഡോംസ് single line/blank practical book – chemistry","50","2","https://aadutygzgrbexxuznqlr.supabase.co/storage/v1/object/public/item-images/doms/paper_stationery_doms_single_line_blank_practical_book_chemistry.webp"
"ANG-STA-0522","DOMS Single Line/Blank Practical Book – Physics","Paper & Notebooks","ഡോംസ് single line/blank practical book – physics","50","2","https://aadutygzgrbexxuznqlr.supabase.co/storage/v1/object/public/item-images/doms/paper_stationery_doms_single_line_blank_practical_book_physics.webp"
"ANG-STA-0523","DOMS Single Line/Blank Practical Book – Science","Paper & Notebooks","ഡോംസ് single line/blank practical book – science","50","2","https://aadutygzgrbexxuznqlr.supabase.co/storage/v1/object/public/item-images/doms/paper_stationery_doms_single_line_blank_practical_book_science.webp"
"ANG-STA-0524","Doms Single Line Blank Practical Book 176 Pages","Paper & Notebooks","ഡോംസ് single line blank practical book 176 pages","50","2","https://aadutygzgrbexxuznqlr.supabase.co/storage/v1/object/public/item-images/doms/paper_stationery_doms_single_line_blank_practical_book_176_pages.webp"
"ANG-STA-0525","DOMS Single Line/Blank Practical Book (84 Pages)","Paper & Notebooks","ഡോംസ് single line/blank practical book (84 pages)","50","2","https://aadutygzgrbexxuznqlr.supabase.co/storage/v1/object/public/item-images/doms/paper_stationery_doms_single_line_blank_practical_book_84_pages.webp"
"ANG-STA-0526","DOMS Single Line/Unruled Project Book(32 Pages)","Paper & Notebooks","ഡോംസ് single line/unruled project book(32 pages)","55","2","https://aadutygzgrbexxuznqlr.supabase.co/storage/v1/object/public/item-images/doms/paper_stationery_doms_single_line_unruled_project_book32_pages.webp"
"ANG-STA-0527","DOMS Sketch Book Wiro- 110 GSM Paper – 21×29.7 Cm","Paper & Notebooks","ഡോംസ് sketch book wiro- 110 gsm paper – 21×29.7 cm","55","2","https://aadutygzgrbexxuznqlr.supabase.co/storage/v1/object/public/item-images/doms/paper_stationery_doms_sketch_book_wiro_110_gsm_paper_21x29_7_cm.webp"
"ANG-STA-0528","DOMS Sketch Book Wiro- 110 GSM Paper – 27.5×34.7 Cm","Paper & Notebooks","ഡോംസ് sketch book wiro- 110 gsm paper – 27.5×34.7 cm","55","2","https://aadutygzgrbexxuznqlr.supabase.co/storage/v1/object/public/item-images/doms/paper_stationery_doms_sketch_book_wiro_110_gsm_paper_27_5x34_7_cm.webp"
"ANG-STA-0529","DOMS Sketch Book Wiro- 150 GSM Paper – 21×14.8 Cm","Paper & Notebooks","ഡോംസ് sketch book wiro- 150 gsm paper – 21×14.8 cm","55","2","https://aadutygzgrbexxuznqlr.supabase.co/storage/v1/object/public/item-images/doms/paper_stationery_doms_sketch_book_wiro_150_gsm_paper_21x14_8_cm.webp"
"ANG-STA-0530","DOMS Sketch Book Wiro- 150 GSM Paper – 21×29.7 Cm","Paper & Notebooks","ഡോംസ് sketch book wiro- 150 gsm paper – 21×29.7 cm","55","2","https://aadutygzgrbexxuznqlr.supabase.co/storage/v1/object/public/item-images/doms/paper_stationery_doms_sketch_book_wiro_150_gsm_paper_21x29_7_cm.webp"
"ANG-STA-0531","DOMS Sketch Book Wiro- 150 GSM Paper – 27.5 x34.7 Cm","Paper & Notebooks","ഡോംസ് sketch book wiro- 150 gsm paper – 27.5 x34.7 cm","55","2","https://aadutygzgrbexxuznqlr.supabase.co/storage/v1/object/public/item-images/doms/paper_stationery_doms_sketch_book_wiro_150_gsm_paper_27_5_x34_7_cm.webp"
"ANG-STA-0532","DOMS Sketch Book Wiro- 150 GSM Paper – 29.7×42 Cm","Paper & Notebooks","ഡോംസ് sketch book wiro- 150 gsm paper – 29.7×42 cm","55","2","https://aadutygzgrbexxuznqlr.supabase.co/storage/v1/object/public/item-images/doms/paper_stationery_doms_sketch_book_wiro_150_gsm_paper_29_7x42_cm.webp"
"ANG-STA-0533","Doms Small Square 9mm Notebookbrown Series 24x18cm 172 Pages","Paper & Notebooks","ഡോംസ് small square 9mm notebookbrown series 24x18cm 172 pages","55","2","https://aadutygzgrbexxuznqlr.supabase.co/storage/v1/object/public/item-images/doms/paper_stationery_doms_3_in_1_dl_rb_sq_notebookbrown_series_24x18cm_172_pages.webp"
"ANG-STA-0534","Doms Three Line Notebookbrown Series 24x18cm 172 Pages","Paper & Notebooks","ഡോംസ് three line notebookbrown series 24x18cm 172 pages","55","2","https://aadutygzgrbexxuznqlr.supabase.co/storage/v1/object/public/item-images/doms/paper_stationery_doms_3_in_1_dl_rb_sq_notebookbrown_series_24x18cm_172_pages.webp"
"ANG-STA-0535","DOMS Unruled Notebook (City Life Series)","Paper & Notebooks","ഡോംസ് unruled നോട്ട്ബുക്ക് (city life series)","55","2","https://aadutygzgrbexxuznqlr.supabase.co/storage/v1/object/public/item-images/doms/paper_stationery_doms_board_ruled_notebook_city_life_series.webp"
"ANG-STA-0536","Doms Unruled Notebook Jewels Of India Series","Paper & Notebooks","ഡോംസ് unruled നോട്ട്ബുക്ക് jewels of india series","55","2","https://aadutygzgrbexxuznqlr.supabase.co/storage/v1/object/public/item-images/doms/paper_stationery_doms_r_b_with_gap_notebook_jewels_of_india_series.webp"
"ANG-STA-0537","DOMS Unruled Notebook (Martial Arts Series)","Paper & Notebooks","ഡോംസ് unruled നോട്ട്ബുക്ക് (martial arts series)","55","2","https://aadutygzgrbexxuznqlr.supabase.co/storage/v1/object/public/item-images/doms/paper_stationery_doms_double_line_notebook_martial_arts_series.webp"
"ANG-STA-0538","DOMS Unruled Notebook (Train Tours Series)","Paper & Notebooks","ഡോംസ് unruled നോട്ട്ബുക്ക് (train tours series)","55","2","https://aadutygzgrbexxuznqlr.supabase.co/storage/v1/object/public/item-images/doms/paper_stationery_doms_3_in_1_notebook_train_tours_series.webp"
"ANG-STA-0539","DOMS Unruled Notebook(Architecture Series)","Paper & Notebooks","ഡോംസ് unruled നോട്ട്ബുക്ക്(architecture series)","55","2","https://aadutygzgrbexxuznqlr.supabase.co/storage/v1/object/public/item-images/doms/paper_stationery_doms_single_line_notebookarchitecture_series.webp"
"ANG-STA-0540","DOMS Unruled Notebook(Art of God Series)","Paper & Notebooks","ഡോംസ് unruled നോട്ട്ബുക്ക്(art of god series)","55","2","https://aadutygzgrbexxuznqlr.supabase.co/storage/v1/object/public/item-images/doms/paper_stationery_doms_single_line_notebookart_of_god_series.webp"
"ANG-STA-0541","DOMS Unruled Notebook(Artificial Intelligence Series)","Paper & Notebooks","ഡോംസ് unruled നോട്ട്ബുക്ക്(artificial intelligence series)","55","2","https://aadutygzgrbexxuznqlr.supabase.co/storage/v1/object/public/item-images/doms/paper_stationery_doms_single_line_notebookartificial_intelligence_series.webp"
"ANG-STA-0542","DOMS Unruled Notebook(Book World Series)","Paper & Notebooks","ഡോംസ് unruled നോട്ട്ബുക്ക്(book world series)","55","2","https://aadutygzgrbexxuznqlr.supabase.co/storage/v1/object/public/item-images/doms/paper_stationery_doms_single_line_notebookbook_world_series.webp"
"ANG-STA-0543","Doms Unruled Notebookbrown Series 19x15 5cm 172 Pages","Paper & Notebooks","ഡോംസ് unruled notebookbrown series 19x15 5cm 172 pages","55","2","https://aadutygzgrbexxuznqlr.supabase.co/storage/v1/object/public/item-images/doms/paper_stationery_doms_double_line_notebookbrown_series_19x15_5cm_172_pages.webp"
"ANG-STA-0544","Doms Unruled Notebookbrown Series 19x15 5cm 76 Pages","Paper & Notebooks","ഡോംസ് unruled notebookbrown series 19x15 5cm 76 pages","55","2","https://aadutygzgrbexxuznqlr.supabase.co/storage/v1/object/public/item-images/doms/paper_stationery_doms_double_line_notebookbrown_series_19x15_5cm_172_pages.webp"
"ANG-STA-0545","Doms Unruled Notebookbrown Series 24x18cm 172 Pages","Paper & Notebooks","ഡോംസ് unruled notebookbrown series 24x18cm 172 pages","55","2","https://aadutygzgrbexxuznqlr.supabase.co/storage/v1/object/public/item-images/doms/paper_stationery_doms_3_in_1_dl_rb_sq_notebookbrown_series_24x18cm_172_pages.webp"
"ANG-STA-0546","Doms Unruled Notebookbrown Series 24x18cm 76 Pages","Paper & Notebooks","ഡോംസ് unruled notebookbrown series 24x18cm 76 pages","55","2","https://aadutygzgrbexxuznqlr.supabase.co/storage/v1/object/public/item-images/doms/paper_stationery_doms_double_line_notebookbrown_series_24x18cm_76_pages.webp"
"ANG-STA-0547","DOMS Unruled Notebook(Clean Up Series)","Paper & Notebooks","ഡോംസ് unruled നോട്ട്ബുക്ക്(clean up series)","55","2","https://aadutygzgrbexxuznqlr.supabase.co/storage/v1/object/public/item-images/doms/paper_stationery_doms_single_line_notebookclean_up_series.webp"
"ANG-STA-0548","DOMS Unruled Notebook(Empire of Future Series)","Paper & Notebooks","ഡോംസ് unruled നോട്ട്ബുക്ക്(empire of future series)","55","2","https://aadutygzgrbexxuznqlr.supabase.co/storage/v1/object/public/item-images/doms/paper_stationery_doms_single_line_notebookempire_of_future_series.webp"
"ANG-STA-0549","DOMS Unruled Notebook(Energy Series)","Paper & Notebooks","ഡോംസ് unruled നോട്ട്ബുക്ക്(energy series)","55","2","https://aadutygzgrbexxuznqlr.supabase.co/storage/v1/object/public/item-images/doms/paper_stationery_doms_single_line_notebookenergy_series.webp"
"ANG-STA-0550","Doms Unruled Notebookjewels Of India Series","Paper & Notebooks","ഡോംസ് unruled notebookjewels of india series","55","2","https://aadutygzgrbexxuznqlr.supabase.co/storage/v1/object/public/item-images/doms/paper_stationery_doms_double_line_notebook_jewels_of_india_series.webp"
"ANG-STA-0551","DOMS Unruled Notebook(Martial Art Series)","Paper & Notebooks","ഡോംസ് unruled നോട്ട്ബുക്ക്(martial art series)","55","2","https://aadutygzgrbexxuznqlr.supabase.co/storage/v1/object/public/item-images/doms/paper_stationery_doms_double_line_notebook_martial_arts_series.webp"
"ANG-STA-0552","DOMS Unruled Notebook(Music Series)","Paper & Notebooks","ഡോംസ് unruled നോട്ട്ബുക്ക്(music series)","55","2","https://aadutygzgrbexxuznqlr.supabase.co/storage/v1/object/public/item-images/doms/paper_stationery_doms_single_line_notebookmusic_series.webp"
"ANG-STA-0553","DOMS Unruled Notebook(Pop Art Series)","Paper & Notebooks","ഡോംസ് unruled നോട്ട്ബുക്ക്(pop art series)","55","2","https://aadutygzgrbexxuznqlr.supabase.co/storage/v1/object/public/item-images/doms/paper_stationery_doms_unruled_notebookpop_art_series.webp"
"ANG-STA-0554","DOMS Unruled Notebook(Sports Cars Series)","Paper & Notebooks","ഡോംസ് unruled നോട്ട്ബുക്ക്(sports cars series)","55","2","https://aadutygzgrbexxuznqlr.supabase.co/storage/v1/object/public/item-images/doms/paper_stationery_doms_single_line_notebooksports_cars_series.webp"
"ANG-STA-0555","DOMS Unruled Notebook(Sports Cars Series) (Edition 2)","Paper & Notebooks","ഡോംസ് unruled നോട്ട്ബുക്ക്(sports cars series) (edition 2)","55","2","https://aadutygzgrbexxuznqlr.supabase.co/storage/v1/object/public/item-images/doms/paper_stationery_doms_single_line_notebooksports_cars_series.webp"
"ANG-STA-0556","DOMS Unruled Notebook(Sports Cars Series) (Edition 3)","Paper & Notebooks","ഡോംസ് unruled നോട്ട്ബുക്ക്(sports cars series) (edition 3)","55","2","https://aadutygzgrbexxuznqlr.supabase.co/storage/v1/object/public/item-images/doms/paper_stationery_doms_single_line_notebooksports_cars_series.webp"
"ANG-STA-0557","DOMS Unruled Notebook(Sundial Series)","Paper & Notebooks","ഡോംസ് unruled നോട്ട്ബുക്ക്(sundial series)","55","2","https://aadutygzgrbexxuznqlr.supabase.co/storage/v1/object/public/item-images/doms/paper_stationery_doms_unruled_notebooksundial_series.webp"
"ANG-STA-0558","Doms Unruled Notebooktravel Stories Series","Paper & Notebooks","ഡോംസ് unruled notebooktravel stories series","55","2","https://aadutygzgrbexxuznqlr.supabase.co/storage/v1/object/public/item-images/doms/paper_stationery_doms_single_line_notebooktravel_stories_series.webp"
"ANG-STA-0559","DOMS Unruled Notebook(Wonder of Nature Series)","Paper & Notebooks","ഡോംസ് unruled നോട്ട്ബുക്ക്(wonder of nature series)","55","2","https://aadutygzgrbexxuznqlr.supabase.co/storage/v1/object/public/item-images/doms/paper_stationery_doms_single_line_notebookwonders_of_nature_series.webp"
"ANG-STA-0560","DOMS Unruled Scarp Book(32 Pages)","Paper & Notebooks","ഡോംസ് unruled scarp book(32 pages)","55","2","https://aadutygzgrbexxuznqlr.supabase.co/storage/v1/object/public/item-images/doms/paper_stationery_doms_unruled_scarp_book32_pages.webp"
"ANG-STA-0561","Doms Xlumia Colour Single Line 14 8 X10 5cm Notebook","Paper & Notebooks","ഡോംസ് xlumia colour single line 14 8 x10 5cm നോട്ട്ബുക്ക്","55","2","https://aadutygzgrbexxuznqlr.supabase.co/storage/v1/object/public/item-images/doms/paper_stationery_doms_xlumia_colour_single_line_14_8_x10_5cm_notebook.webp"
"ANG-STA-0562","DOMS Xlumia Colour Single line 21 x14.8Cm Notebook","Paper & Notebooks","ഡോംസ് xlumia colour single line 21 x14.8cm നോട്ട്ബുക്ക്","55","2","https://aadutygzgrbexxuznqlr.supabase.co/storage/v1/object/public/item-images/doms/paper_stationery_doms_xlumia_colour_single_line_21_x14_8cm_notebook.webp"
"ANG-STA-0563","DOMS Xlumia Colour Single line 24 x18Cm Notebook","Paper & Notebooks","ഡോംസ് xlumia colour single line 24 x18cm നോട്ട്ബുക്ക്","55","2","https://aadutygzgrbexxuznqlr.supabase.co/storage/v1/object/public/item-images/doms/paper_stationery_doms_xlumia_colour_single_line_24_x18cm_notebook.webp"
"ANG-STA-0564","Doms Xlumia Colour Single Line Wiro Ruled Notebook A4","Paper & Notebooks","ഡോംസ് xlumia colour single line wiro ruled നോട്ട്ബുക്ക് a4","55","2","https://aadutygzgrbexxuznqlr.supabase.co/storage/v1/object/public/item-images/doms/paper_stationery_doms_xlumia_colour_single_line_wiro_ruled_notebook_a4.webp"
"ANG-STA-0565","Doms Xlumia Colour Single Line Wiro Ruled Notebook A5","Paper & Notebooks","ഡോംസ് xlumia colour single line wiro ruled നോട്ട്ബുക്ക് a5","55","2","https://aadutygzgrbexxuznqlr.supabase.co/storage/v1/object/public/item-images/doms/paper_stationery_doms_xlumia_colour_single_line_wiro_ruled_notebook_a5.webp"
"ANG-STA-0566","DOMS Yellow Drawing Book – 21×29.7Cm","Paper & Notebooks","ഡോംസ് yellow ഡ്രോയിംഗ് ബുക്ക് – 21×29.7cm","45","2","https://aadutygzgrbexxuznqlr.supabase.co/storage/v1/object/public/item-images/doms/paper_stationery_doms_yellow_drawing_book_21x29_7cm.webp"
"ANG-STA-0567","DOMS Accumate","Mathematical Instruments","ഡോംസ് accumate","95","1","https://aadutygzgrbexxuznqlr.supabase.co/storage/v1/object/public/item-images/doms/mathematical_drawing_instruments_doms_accumate_2.webp"
"ANG-STA-0568","DOMS Accumate (Series 2)","Mathematical Instruments","ഡോംസ് accumate (series 2)","95","1","https://aadutygzgrbexxuznqlr.supabase.co/storage/v1/object/public/item-images/doms/mathematical_drawing_instruments_doms_accumate.webp"
"ANG-STA-0569","DOMS Compass","Mathematical Instruments","ഡോംസ് കോമ്പസ്","35","1","https://aadutygzgrbexxuznqlr.supabase.co/storage/v1/object/public/item-images/doms/mathematical_drawing_instruments_doms_compass.webp"
"ANG-STA-0570","DOMS E-Mech","Mathematical Instruments","ഡോംസ് e-mech","95","1","https://aadutygzgrbexxuznqlr.supabase.co/storage/v1/object/public/item-images/doms/mathematical_drawing_instruments_doms_e_mech_2.webp"
"ANG-STA-0571","DOMS E-Mech (Series 2)","Mathematical Instruments","ഡോംസ് e-mech (series 2)","95","1","https://aadutygzgrbexxuznqlr.supabase.co/storage/v1/object/public/item-images/doms/mathematical_drawing_instruments_doms_e_mech.webp"
"ANG-STA-0572","DOMS Engineo","Mathematical Instruments","ഡോംസ് engineo","95","1","https://aadutygzgrbexxuznqlr.supabase.co/storage/v1/object/public/item-images/doms/mathematical_drawing_instruments_doms_engineo_2.webp"
"ANG-STA-0573","DOMS Engineo (Series 2)","Mathematical Instruments","ഡോംസ് engineo (series 2)","95","1","https://aadutygzgrbexxuznqlr.supabase.co/storage/v1/object/public/item-images/doms/mathematical_drawing_instruments_doms_engineo.webp"
"ANG-STA-0574","DOMS Geofine","Mathematical Instruments","ഡോംസ് geofine","95","1","https://aadutygzgrbexxuznqlr.supabase.co/storage/v1/object/public/item-images/doms/mathematical_drawing_instruments_doms_geofine_2.webp"
"ANG-STA-0575","DOMS Geofine (Series 2)","Mathematical Instruments","ഡോംസ് geofine (series 2)","95","1","https://aadutygzgrbexxuznqlr.supabase.co/storage/v1/object/public/item-images/doms/mathematical_drawing_instruments_doms_geofine.webp"
"ANG-STA-0576","DOMS Geoflip","Mathematical Instruments","ഡോംസ് geoflip","95","1","https://aadutygzgrbexxuznqlr.supabase.co/storage/v1/object/public/item-images/doms/mathematical_drawing_instruments_doms_geoflip_2.webp"
"ANG-STA-0577","DOMS Geoflip (Series 2)","Mathematical Instruments","ഡോംസ് geoflip (series 2)","95","1","https://aadutygzgrbexxuznqlr.supabase.co/storage/v1/object/public/item-images/doms/mathematical_drawing_instruments_doms_geoflip.webp"
"ANG-STA-0578","DOMS Geomatic","Mathematical Instruments","ഡോംസ് geomatic","95","1","https://aadutygzgrbexxuznqlr.supabase.co/storage/v1/object/public/item-images/doms/mathematical_drawing_instruments_doms_geomatic_2.webp"
"ANG-STA-0579","DOMS Geomatic (Series 2)","Mathematical Instruments","ഡോംസ് geomatic (series 2)","95","1","https://aadutygzgrbexxuznqlr.supabase.co/storage/v1/object/public/item-images/doms/mathematical_drawing_instruments_doms_geomatic.webp"
"ANG-STA-0580","DOMS Geomiti","Mathematical Instruments","ഡോംസ് geomiti","95","1","https://aadutygzgrbexxuznqlr.supabase.co/storage/v1/object/public/item-images/doms/mathematical_drawing_instruments_doms_geomiti.png"
"ANG-STA-0581","DOMS Geomiti (Series 2)","Mathematical Instruments","ഡോംസ് geomiti (series 2)","95","1","https://aadutygzgrbexxuznqlr.supabase.co/storage/v1/object/public/item-images/doms/mathematical_drawing_instruments_doms_geommy_copy.webp"
"ANG-STA-0582","DOMS Geommy","Mathematical Instruments","ഡോംസ് geommy","95","1","https://aadutygzgrbexxuznqlr.supabase.co/storage/v1/object/public/item-images/doms/mathematical_drawing_instruments_doms_geommy.webp"
"ANG-STA-0583","DOMS Geommy (Edition 2)","Mathematical Instruments","ഡോംസ് geommy (edition 2)","95","1","https://aadutygzgrbexxuznqlr.supabase.co/storage/v1/object/public/item-images/doms/mathematical_drawing_instruments_doms_geommy_2.webp"
"ANG-STA-0584","DOMS Geoplus Geomtery Box","Mathematical Instruments","ഡോംസ് geoplus geomtery box","95","1","https://aadutygzgrbexxuznqlr.supabase.co/storage/v1/object/public/item-images/doms/mathematical_drawing_instruments_doms_geoplus_geomtery_box_3.png"
"ANG-STA-0585","DOMS Geoplus Geomtery Box (Series 2)","Mathematical Instruments","ഡോംസ് geoplus geomtery box (series 2)","95","1","https://aadutygzgrbexxuznqlr.supabase.co/storage/v1/object/public/item-images/doms/mathematical_drawing_instruments_doms_compass.webp"
"ANG-STA-0586","DOMS Geoplus Geomtery Box (Edition 2)","Mathematical Instruments","ഡോംസ് geoplus geomtery box (edition 2)","95","1","https://aadutygzgrbexxuznqlr.supabase.co/storage/v1/object/public/item-images/doms/mathematical_drawing_instruments_doms_geoplus_geomtery_box_2.webp"
"ANG-STA-0587","DOMS Geotron","Mathematical Instruments","ഡോംസ് geotron","95","1","https://aadutygzgrbexxuznqlr.supabase.co/storage/v1/object/public/item-images/doms/mathematical_drawing_instruments_doms_geotron_2.webp"
"ANG-STA-0588","DOMS Geotron (Series 2)","Mathematical Instruments","ഡോംസ് geotron (series 2)","95","1","https://aadutygzgrbexxuznqlr.supabase.co/storage/v1/object/public/item-images/doms/mathematical_drawing_instruments_doms_geotron.webp"
"ANG-STA-0589","DOMS ISRO","Mathematical Instruments","ഡോംസ് isro","95","1","https://aadutygzgrbexxuznqlr.supabase.co/storage/v1/object/public/item-images/doms/mathematical_drawing_instruments_doms_isro_2.webp"
"ANG-STA-0590","DOMS ISRO (Series 2)","Mathematical Instruments","ഡോംസ് isro (series 2)","95","1","https://aadutygzgrbexxuznqlr.supabase.co/storage/v1/object/public/item-images/doms/mathematical_drawing_instruments_doms_isro.webp"
"ANG-STA-0591","DOMS Mathematical Set","Mathematical Instruments","ഡോംസ് മാത്തമാറ്റിക്കൽ സെറ്റ്","95","1","https://aadutygzgrbexxuznqlr.supabase.co/storage/v1/object/public/item-images/doms/mathematical_drawing_instruments_doms_geoplus_geomtery_box_2.webp"
"ANG-STA-0592","DOMS Protractor","Mathematical Instruments","ഡോംസ് പ്രൊട്രാക്ടർ","35","1","https://aadutygzgrbexxuznqlr.supabase.co/storage/v1/object/public/item-images/doms/mathematical_drawing_instruments_doms_protractor_2.webp"
"ANG-STA-0593","DOMS Protractor (Series 2)","Mathematical Instruments","ഡോംസ് പ്രൊട്രാക്ടർ (series 2)","35","1","https://aadutygzgrbexxuznqlr.supabase.co/storage/v1/object/public/item-images/doms/mathematical_drawing_instruments_doms_protractor.webp"
"ANG-STA-0594","DOMS Scales (15 cms)","Mathematical Instruments","ഡോംസ് സ്കെയിൽ (15 cms)","10","2","https://aadutygzgrbexxuznqlr.supabase.co/storage/v1/object/public/item-images/doms/mathematical_drawing_instruments_doms_e_mech.webp"
"ANG-STA-0595","DOMS Scales (20 cms)","Mathematical Instruments","ഡോംസ് സ്കെയിൽ (20 cms)","10","2","https://aadutygzgrbexxuznqlr.supabase.co/storage/v1/object/public/item-images/doms/mathematical_drawing_instruments_doms_isro.webp"
"ANG-STA-0596","DOMS Scales (30 cms)","Mathematical Instruments","ഡോംസ് സ്കെയിൽ (30 cms)","20","1","https://aadutygzgrbexxuznqlr.supabase.co/storage/v1/object/public/item-images/doms/mathematical_drawing_instruments_doms_engineo.webp"
"ANG-STA-0597","DOMS X1 Premium","Mathematical Instruments","ഡോംസ് x1 premium","95","1","https://aadutygzgrbexxuznqlr.supabase.co/storage/v1/object/public/item-images/doms/mathematical_drawing_instruments_doms_x1_premium_2.webp"
"ANG-STA-0598","DOMS X1 Premium (Series 2)","Mathematical Instruments","ഡോംസ് x1 premium (series 2)","95","1","https://aadutygzgrbexxuznqlr.supabase.co/storage/v1/object/public/item-images/doms/mathematical_drawing_instruments_doms_x1_premium.webp"
"ANG-STA-0599","DOMS CD/DVD/OHP Marker Pens (Series 2)","Markers & Highlighters","ഡോംസ് സിഡി/ഡിവിഡി മാർക്കർ പെന്നുകൾ (series 2)","25","2","https://aadutygzgrbexxuznqlr.supabase.co/storage/v1/object/public/item-images/doms/markers_highlighters_doms_cd_dvd_ohp_marker_pens.webp"
"ANG-STA-0600","DOMS Inxten Permanent Marker Pens","Markers & Highlighters","ഡോംസ് inxten permanent മാർക്കർ പെന്നുകൾ","25","2","https://aadutygzgrbexxuznqlr.supabase.co/storage/v1/object/public/item-images/doms/markers_highlighters_doms_inxten_permanent_marker_pens.webp"
"ANG-STA-0601","DOMS INXTEN Whiteboard Marker","Markers & Highlighters","ഡോംസ് inxten വൈറ്റ്ബോർഡ് മാർക്കർ","25","2","https://aadutygzgrbexxuznqlr.supabase.co/storage/v1/object/public/item-images/doms/markers_highlighters_doms_inxten_whiteboard_marker.webp"
"ANG-STA-0602","DOMS Magnetic Whiteboard Duster","Markers & Highlighters","ഡോംസ് magnetic whiteboard duster","25","2","https://aadutygzgrbexxuznqlr.supabase.co/storage/v1/object/public/item-images/doms/markers_highlighters_doms_magnetic_whiteboard_duster.webp"
"ANG-STA-0603","DOMS REFILO Marker Inks","Markers & Highlighters","ഡോംസ് refilo marker inks","25","2","https://aadutygzgrbexxuznqlr.supabase.co/storage/v1/object/public/item-images/doms/markers_highlighters_doms_refilo_marker_inks.webp"
"ANG-STA-0604","DOMS REFILO Permanent Marker Pens","Markers & Highlighters","ഡോംസ് refilo permanent മാർക്കർ പെന്നുകൾ","25","2","https://aadutygzgrbexxuznqlr.supabase.co/storage/v1/object/public/item-images/doms/markers_highlighters_doms_refilo_permanent_marker_pens.webp"
"ANG-STA-0605","DOMS REFILO Whiteboard Marker Pens","Markers & Highlighters","ഡോംസ് refilo whiteboard മാർക്കർ പെന്നുകൾ","25","2","https://aadutygzgrbexxuznqlr.supabase.co/storage/v1/object/public/item-images/doms/markers_highlighters_doms_refilo_whiteboard_marker_pens.webp"
"ANG-STA-0606","DOMS Super Neon Highlighters","Markers & Highlighters","ഡോംസ് super neon ഹൈലൈറ്ററുകൾ","25","2","https://aadutygzgrbexxuznqlr.supabase.co/storage/v1/object/public/item-images/doms/markers_highlighters_doms_super_neon_highlighters.webp"
"ANG-STA-0607","DOMS Whitener Pens 3ml","Markers & Highlighters","ഡോംസ് whitener pens 3ml","25","2","https://aadutygzgrbexxuznqlr.supabase.co/storage/v1/object/public/item-images/doms/markers_highlighters_doms_whitener_pens.webp"
"ANG-STA-0608","DOMS Whitener Pens 7ml","Markers & Highlighters","ഡോംസ് whitener pens 7ml","25","2","https://aadutygzgrbexxuznqlr.supabase.co/storage/v1/object/public/item-images/doms/markers_highlighters_doms_whitener_pens_2.webp"
"ANG-STA-0609","DOMS All The Best Kit","Gifting & Stationery Kits","ഡോംസ് all the best കിറ്റ്","99","1","https://aadutygzgrbexxuznqlr.supabase.co/storage/v1/object/public/item-images/doms/gifting_doms_all_the_best_kit.webp"
"ANG-STA-0610","DOMS Art AMAZE KIT","Gifting & Stationery Kits","ഡോംസ് art amaze കിറ്റ്","149","1","https://aadutygzgrbexxuznqlr.supabase.co/storage/v1/object/public/item-images/doms/gifting_doms_art_amaze_kit.webp"
"ANG-STA-0611","DOMS Art Amusement Kit","Gifting & Stationery Kits","ഡോംസ് ആർട്ട് അമ്യൂസ്മെന്റ് കിറ്റ്","149","1","https://aadutygzgrbexxuznqlr.supabase.co/storage/v1/object/public/item-images/doms/gifting_doms_art_amusement_kit_modern_trade_product.webp"
"ANG-STA-0612","DOMS Art Apps NXT Kit","Gifting & Stationery Kits","ഡോംസ് art apps nxt കിറ്റ്","149","1","https://aadutygzgrbexxuznqlr.supabase.co/storage/v1/object/public/item-images/doms/gifting_doms_art_apps_nxt_kit.webp"
"ANG-STA-0613","DOMS Art Carnival Kit","Gifting & Stationery Kits","ഡോംസ് ആർട്ട് കാർണിവൽ കിറ്റ്","199","1","https://aadutygzgrbexxuznqlr.supabase.co/storage/v1/object/public/item-images/doms/gifting_doms_art_carnival_kit.webp"
"ANG-STA-0614","DOMS Art Express Kit","Gifting & Stationery Kits","ഡോംസ് art express കിറ്റ്","149","1","https://aadutygzgrbexxuznqlr.supabase.co/storage/v1/object/public/item-images/doms/gifting_doms_art_express_kit_modern_trade_product.webp"
"ANG-STA-0615","DOMS Art Gear Kit","Gifting & Stationery Kits","ഡോംസ് art gear കിറ്റ്","149","1","https://aadutygzgrbexxuznqlr.supabase.co/storage/v1/object/public/item-images/doms/gifting_doms_art_gear_kit_2.webp"
"ANG-STA-0616","DOMS Art Gear Kit (Series 2)","Gifting & Stationery Kits","ഡോംസ് art gear കിറ്റ് (series 2)","149","1","https://aadutygzgrbexxuznqlr.supabase.co/storage/v1/object/public/item-images/doms/gifting_doms_art_gear_kit.webp"
"ANG-STA-0617","DOMS ART PEPS KIT","Gifting & Stationery Kits","ഡോംസ് art peps കിറ്റ്","149","1","https://aadutygzgrbexxuznqlr.supabase.co/storage/v1/object/public/item-images/doms/gifting_doms_art_peps_kit.webp"
"ANG-STA-0618","DOMS Art Strokes Kit","Gifting & Stationery Kits","ഡോംസ് ആർട്ട് സ്ട്രോക്ക്സ് കിറ്റ്","199","1","https://aadutygzgrbexxuznqlr.supabase.co/storage/v1/object/public/item-images/doms/gifting_doms_art_strokes_kit.webp"
"ANG-STA-0619","DOMS Art Zania Kit","Gifting & Stationery Kits","ഡോംസ് art zania കിറ്റ്","149","1","https://aadutygzgrbexxuznqlr.supabase.co/storage/v1/object/public/item-images/doms/gifting_doms_art_zania_kit.webp"
"ANG-STA-0620","DOMS Artsy Kit","Gifting & Stationery Kits","ഡോംസ് artsy കിറ്റ്","149","1","https://aadutygzgrbexxuznqlr.supabase.co/storage/v1/object/public/item-images/doms/gifting_doms_artsy_kit.webp"
"ANG-STA-0621","DOMS Camo Kit","Gifting & Stationery Kits","ഡോംസ് camo കിറ്റ്","149","1","https://aadutygzgrbexxuznqlr.supabase.co/storage/v1/object/public/item-images/doms/gifting_doms_camo_kit.webp"
"ANG-STA-0622","DOMS Champions Kit","Gifting & Stationery Kits","ഡോംസ് ചാമ്പ്യൻസ് കിറ്റ്","299","1","https://aadutygzgrbexxuznqlr.supabase.co/storage/v1/object/public/item-images/doms/gifting_doms_champions_kit.webp"
"ANG-STA-0623","DOMS Creatist Kit","Gifting & Stationery Kits","ഡോംസ് creatist കിറ്റ്","149","1","https://aadutygzgrbexxuznqlr.supabase.co/storage/v1/object/public/item-images/doms/gifting_doms_creatist_kit.webp"
"ANG-STA-0624","DOMS Exam Essential Kit","Gifting & Stationery Kits","ഡോംസ് exam essential കിറ്റ്","149","1","https://aadutygzgrbexxuznqlr.supabase.co/storage/v1/object/public/item-images/doms/gifting_doms_exam_essential_kit.webp"
"ANG-STA-0625","DOMS Fun Fiesta Kit","Gifting & Stationery Kits","ഡോംസ് fun fiesta കിറ്റ്","149","1","https://aadutygzgrbexxuznqlr.supabase.co/storage/v1/object/public/item-images/doms/gifting_doms_fun_fiesta_kit.webp"
"ANG-STA-0626","DOMS Glamore Kit","Gifting & Stationery Kits","ഡോംസ് glamore കിറ്റ്","149","1","https://aadutygzgrbexxuznqlr.supabase.co/storage/v1/object/public/item-images/doms/gifting_doms_glamore_kit.webp"
"ANG-STA-0627","DOMS Groove Kit","Gifting & Stationery Kits","ഡോംസ് groove കിറ്റ്","149","1","https://aadutygzgrbexxuznqlr.supabase.co/storage/v1/object/public/item-images/doms/gifting_doms_groove_kit.webp"
"ANG-STA-0628","DOMS Groove Plus Pencil Kit","Gifting & Stationery Kits","ഡോംസ് groove plus പെൻസിൽ കിറ്റ്","149","1","https://aadutygzgrbexxuznqlr.supabase.co/storage/v1/object/public/item-images/doms/gifting_doms_groove_plus_pencil_kit.webp"
"ANG-STA-0629","DOMS Happie Kit","Gifting & Stationery Kits","ഡോംസ് happie കിറ്റ്","149","1","https://aadutygzgrbexxuznqlr.supabase.co/storage/v1/object/public/item-images/doms/gifting_doms_happie_kit.webp"
"ANG-STA-0630","DOMS Junior Art Kit","Gifting & Stationery Kits","ഡോംസ് junior art കിറ്റ്","149","1","https://aadutygzgrbexxuznqlr.supabase.co/storage/v1/object/public/item-images/doms/gifting_doms_junior_art_kit.webp"
"ANG-STA-0631","DOMS My 1st Pencil Kit","Gifting & Stationery Kits","ഡോംസ് my 1st പെൻസിൽ കിറ്റ്","149","1","https://aadutygzgrbexxuznqlr.supabase.co/storage/v1/object/public/item-images/doms/gifting_doms_my_1st_pencil_kit.webp"
"ANG-STA-0632","DOMS NEON GEAR KIT","Gifting & Stationery Kits","ഡോംസ് neon gear കിറ്റ്","149","1","https://aadutygzgrbexxuznqlr.supabase.co/storage/v1/object/public/item-images/doms/gifting_doms_neon_gear_kit.webp"
"ANG-STA-0633","DOMS Neon Prime Kit","Gifting & Stationery Kits","ഡോംസ് neon prime കിറ്റ്","149","1","https://aadutygzgrbexxuznqlr.supabase.co/storage/v1/object/public/item-images/doms/gifting_doms_neon_prime_kit.webp"
"ANG-STA-0634","DOMS Painting Kit","Gifting & Stationery Kits","ഡോംസ് പെയിന്റിംഗ് കിറ്റ്","149","1","https://aadutygzgrbexxuznqlr.supabase.co/storage/v1/object/public/item-images/doms/gifting_doms_painting_kit.webp"
"ANG-STA-0635","DOMS Smart Kit","Gifting & Stationery Kits","ഡോംസ് സ്മാർട്ട് സ്റ്റേഷനറി കിറ്റ്","99","1","https://aadutygzgrbexxuznqlr.supabase.co/storage/v1/object/public/item-images/doms/gifting_doms_smart_kit.webp"
"ANG-STA-0636","DOMS SPEEDZ Jr KIT","Gifting & Stationery Kits","ഡോംസ് speedz jr കിറ്റ്","149","1","https://aadutygzgrbexxuznqlr.supabase.co/storage/v1/object/public/item-images/doms/gifting_doms_speedz_jr_kit.webp"
"ANG-STA-0637","DOMS Speedz Kit","Gifting & Stationery Kits","ഡോംസ് speedz കിറ്റ്","149","1","https://aadutygzgrbexxuznqlr.supabase.co/storage/v1/object/public/item-images/doms/gifting_doms_speedz_kit.webp"
"ANG-STA-0638","DOMS Unicorn Jr Kit","Gifting & Stationery Kits","ഡോംസ് unicorn jr കിറ്റ്","149","1","https://aadutygzgrbexxuznqlr.supabase.co/storage/v1/object/public/item-images/doms/gifting_doms_unicorn_jr_kit.webp"
"ANG-STA-0639","DOMS Unicorn Kit","Gifting & Stationery Kits","ഡോംസ് unicorn കിറ്റ്","149","1","https://aadutygzgrbexxuznqlr.supabase.co/storage/v1/object/public/item-images/doms/gifting_doms_unicorn_kit.webp"
"ANG-STA-0640","DOMS Wonder Kit","Gifting & Stationery Kits","ഡോംസ് wonder കിറ്റ്","149","1","https://aadutygzgrbexxuznqlr.supabase.co/storage/v1/object/public/item-images/doms/gifting_doms_wonder_kit.webp"
"ANG-STA-0641","DOMS Wow Kit","Gifting & Stationery Kits","ഡോംസ് wow കിറ്റ്","149","1","https://aadutygzgrbexxuznqlr.supabase.co/storage/v1/object/public/item-images/doms/gifting_doms_wow_kit.webp"
"ANG-STA-0642","DOMS Exam Essential Kit (Edition 2)","Gifting & Stationery Kits","ഡോംസ് exam essential കിറ്റ് (edition 2)","149","1","https://aadutygzgrbexxuznqlr.supabase.co/storage/v1/object/public/item-images/doms/gifting_doms_exam_essential_kit_2.webp"
"ANG-STA-0643","DOMS Groove Kit (Edition 2)","Gifting & Stationery Kits","ഡോംസ് groove കിറ്റ് (edition 2)","149","1","https://aadutygzgrbexxuznqlr.supabase.co/storage/v1/object/public/item-images/doms/gifting_doms_groove_kit_2.webp"
"ANG-STA-0644","DOMS Neon Prime Kit (Edition 2)","Gifting & Stationery Kits","ഡോംസ് neon prime കിറ്റ് (edition 2)","149","1","https://aadutygzgrbexxuznqlr.supabase.co/storage/v1/object/public/item-images/doms/gifting_doms_neon_prime_kit_2.webp"
"ANG-STA-0645","DOMS All The Best Kit (Edition 2)","Gifting & Stationery Kits","ഡോംസ് all the best കിറ്റ് (edition 2)","99","1","https://aadutygzgrbexxuznqlr.supabase.co/storage/v1/object/public/item-images/doms/gifting_doms_all_the_best_kit_2.webp"
"ANG-STA-0646","DOMS Unicorn Jr Kit (Edition 2)","Gifting & Stationery Kits","ഡോംസ് unicorn jr കിറ്റ് (edition 2)","149","1","https://aadutygzgrbexxuznqlr.supabase.co/storage/v1/object/public/item-images/doms/gifting_doms_unicorn_jr_kit_2.webp"
"ANG-STA-0647","DOMS SPEEDZ Jr KIT (Edition 2)","Gifting & Stationery Kits","ഡോംസ് speedz jr കിറ്റ് (edition 2)","149","1","https://aadutygzgrbexxuznqlr.supabase.co/storage/v1/object/public/item-images/doms/gifting_doms_speedz_jr_kit_2.webp"
"ANG-STA-0648","DOMS Art Express Kit (Series 2)","Gifting & Stationery Kits","ഡോംസ് art express കിറ്റ് (series 2)","149","1","https://aadutygzgrbexxuznqlr.supabase.co/storage/v1/object/public/item-images/doms/gifting_doms_art_express_kit.webp"
"ANG-STA-0649","DOMS Smart Kit (Edition 2)","Gifting & Stationery Kits","ഡോംസ് സ്മാർട്ട് സ്റ്റേഷനറി കിറ്റ് (edition 2)","99","1","https://aadutygzgrbexxuznqlr.supabase.co/storage/v1/object/public/item-images/doms/gifting_doms_smart_kit_2.webp"
"ANG-STA-0650","DOMS Camo Kit (Edition 2)","Gifting & Stationery Kits","ഡോംസ് camo കിറ്റ് (edition 2)","149","1","https://aadutygzgrbexxuznqlr.supabase.co/storage/v1/object/public/item-images/doms/gifting_doms_camo_kit_2.webp"
"ANG-STA-0651","DOMS Glamore Kit (Edition 2)","Gifting & Stationery Kits","ഡോംസ് glamore കിറ്റ് (edition 2)","149","1","https://aadutygzgrbexxuznqlr.supabase.co/storage/v1/object/public/item-images/doms/gifting_doms_glamore_kit_2.webp"
"ANG-STA-0652","DOMS Art Carnival Kit (Edition 2)","Gifting & Stationery Kits","ഡോംസ് ആർട്ട് കാർണിവൽ കിറ്റ് (edition 2)","199","1","https://aadutygzgrbexxuznqlr.supabase.co/storage/v1/object/public/item-images/doms/gifting_doms_art_carnival_kit_2.webp"
"ANG-STA-0653","DOMS Junior Art Kit (Edition 2)","Gifting & Stationery Kits","ഡോംസ് junior art കിറ്റ് (edition 2)","149","1","https://aadutygzgrbexxuznqlr.supabase.co/storage/v1/object/public/item-images/doms/gifting_doms_junior_art_kit_2.webp"
"ANG-STA-0654","DOMS Unicorn Kit (Edition 2)","Gifting & Stationery Kits","ഡോംസ് unicorn കിറ്റ് (edition 2)","149","1","https://aadutygzgrbexxuznqlr.supabase.co/storage/v1/object/public/item-images/doms/gifting_doms_unicorn_kit_2.webp"
"ANG-STA-0655","DOMS Art Zania Kit (Edition 2)","Gifting & Stationery Kits","ഡോംസ് art zania കിറ്റ് (edition 2)","149","1","https://aadutygzgrbexxuznqlr.supabase.co/storage/v1/object/public/item-images/doms/gifting_doms_art_zania_kit_2.webp"
"ANG-STA-0656","DOMS Speedz Kit (Edition 2)","Gifting & Stationery Kits","ഡോംസ് speedz കിറ്റ് (edition 2)","149","1","https://aadutygzgrbexxuznqlr.supabase.co/storage/v1/object/public/item-images/doms/gifting_doms_speedz_kit_2.webp"
"ANG-STA-0657","DOMS Art Apps NXT Kit (Edition 2)","Gifting & Stationery Kits","ഡോംസ് art apps nxt കിറ്റ് (edition 2)","149","1","https://aadutygzgrbexxuznqlr.supabase.co/storage/v1/object/public/item-images/doms/gifting_doms_art_apps_nxt_kit_2.webp"
"ANG-STA-0658","DOMS Painting Kit (Edition 2)","Gifting & Stationery Kits","ഡോംസ് പെയിന്റിംഗ് കിറ്റ് (edition 2)","149","1","https://aadutygzgrbexxuznqlr.supabase.co/storage/v1/object/public/item-images/doms/gifting_doms_painting_kit_2.webp"
"ANG-STA-0659","DOMS Art Strokes Kit (Edition 2)","Gifting & Stationery Kits","ഡോംസ് ആർട്ട് സ്ട്രോക്ക്സ് കിറ്റ് (edition 2)","199","1","https://aadutygzgrbexxuznqlr.supabase.co/storage/v1/object/public/item-images/doms/gifting_doms_art_strokes_kit_2.webp"
"ANG-STA-0660","DOMS Champions Kit (Edition 2)","Gifting & Stationery Kits","ഡോംസ് ചാമ്പ്യൻസ് കിറ്റ് (edition 2)","299","1","https://aadutygzgrbexxuznqlr.supabase.co/storage/v1/object/public/item-images/doms/gifting_doms_champions_kit_2.webp"
"ANG-STA-0661","DOMS Art Amusement Kit (Series 2)","Gifting & Stationery Kits","ഡോംസ് ആർട്ട് അമ്യൂസ്മെന്റ് കിറ്റ് (series 2)","149","1","https://aadutygzgrbexxuznqlr.supabase.co/storage/v1/object/public/item-images/doms/gifting_doms_art_amusement_kit.webp"
"ANG-STA-0662","DOMS Fun Fiesta Kit (Edition 2)","Gifting & Stationery Kits","ഡോംസ് fun fiesta കിറ്റ് (edition 2)","149","1","https://aadutygzgrbexxuznqlr.supabase.co/storage/v1/object/public/item-images/doms/gifting_doms_fun_fiesta_kit_2.webp"
"ANG-STA-0663","DOMS Happie Kit (Edition 2)","Gifting & Stationery Kits","ഡോംസ് happie കിറ്റ് (edition 2)","149","1","https://aadutygzgrbexxuznqlr.supabase.co/storage/v1/object/public/item-images/doms/gifting_doms_happie_kit_2.webp"
"ANG-STA-0664","DOMS Wow Kit (Edition 2)","Gifting & Stationery Kits","ഡോംസ് wow കിറ്റ് (edition 2)","149","1","https://aadutygzgrbexxuznqlr.supabase.co/storage/v1/object/public/item-images/doms/gifting_doms_wow_kit_2.webp"
"ANG-STA-0665","DOMS Wonder Kit (Edition 2)","Gifting & Stationery Kits","ഡോംസ് wonder കിറ്റ് (edition 2)","149","1","https://aadutygzgrbexxuznqlr.supabase.co/storage/v1/object/public/item-images/doms/gifting_doms_wonder_kit_2.webp"
"ANG-STA-0666","DOMS My 1st Pencil Kit (Edition 2)","Gifting & Stationery Kits","ഡോംസ് my 1st പെൻസിൽ കിറ്റ് (edition 2)","149","1","https://aadutygzgrbexxuznqlr.supabase.co/storage/v1/object/public/item-images/doms/gifting_doms_my_1st_pencil_kit_2.webp"
"ANG-STA-0667","DOMS Acrylic Colours","Drawing & Colouring","ഡോംസ് acrylic colours","45","1","https://aadutygzgrbexxuznqlr.supabase.co/storage/v1/object/public/item-images/doms/drawing_colouring_doms_acrylic_colours.webp"
"ANG-STA-0668","DOMS Aqua Colour Cakes 15MM","Drawing & Colouring","ഡോംസ് aqua colour cakes 15mm","45","1","https://aadutygzgrbexxuznqlr.supabase.co/storage/v1/object/public/item-images/doms/drawing_colouring_doms_aqua_colour_cakes_15mm.webp"
"ANG-STA-0669","DOMS Aqua Colour Cakes 23MM","Drawing & Colouring","ഡോംസ് aqua colour cakes 23mm","45","1","https://aadutygzgrbexxuznqlr.supabase.co/storage/v1/object/public/item-images/doms/drawing_colouring_doms_aqua_colour_cakes_23mm.webp"
"ANG-STA-0670","DOMS Aqua Colour Cakes 30MM","Drawing & Colouring","ഡോംസ് aqua colour cakes 30mm","45","1","https://aadutygzgrbexxuznqlr.supabase.co/storage/v1/object/public/item-images/doms/drawing_colouring_doms_aqua_colour_cakes_30mm.webp"
"ANG-STA-0671","DOMS Aqua Water Colour Pens","Drawing & Colouring","ഡോംസ് aqua water colour pens","75","1","https://aadutygzgrbexxuznqlr.supabase.co/storage/v1/object/public/item-images/doms/drawing_colouring_doms_aqua_water_colour_pens.webp"
"ANG-STA-0672","DOMS Artistic Brush Zip Case","Drawing & Colouring","ഡോംസ് artistic brush zip case","45","1","https://aadutygzgrbexxuznqlr.supabase.co/storage/v1/object/public/item-images/doms/drawing_colouring_doms_artistic_brush_zip_case.webp"
"ANG-STA-0673","DOMS Artistic Brushes","Drawing & Colouring","ഡോംസ് artistic brushes","45","1","https://aadutygzgrbexxuznqlr.supabase.co/storage/v1/object/public/item-images/doms/drawing_colouring_doms_artistic_brushes.webp"
"ANG-STA-0674","DOMS Bi-Colour Pencils","Drawing & Colouring","ഡോംസ് bi-colour പെൻസിലുകൾ","45","1","https://aadutygzgrbexxuznqlr.supabase.co/storage/v1/object/public/item-images/doms/drawing_colouring_doms_bi_colour_pencils.webp"
"ANG-STA-0675","DOMS Bi-Colour Wax Crayons","Drawing & Colouring","ഡോംസ് bi-colour വാക്സ് ക്രയോൺസ്","40","1","https://aadutygzgrbexxuznqlr.supabase.co/storage/v1/object/public/item-images/doms/drawing_colouring_doms_bi_colour_wax_crayons.webp"
"ANG-STA-0676","DOMS Brush Pens","Drawing & Colouring","ഡോംസ് ബ്രഷ് പെന്നുകൾ","150","1","https://aadutygzgrbexxuznqlr.supabase.co/storage/v1/object/public/item-images/doms/drawing_colouring_doms_brush_pens.webp"
"ANG-STA-0677","DOMS Colour Pencils","Drawing & Colouring","ഡോംസ് colour പെൻസിലുകൾ","45","1","https://aadutygzgrbexxuznqlr.supabase.co/storage/v1/object/public/item-images/doms/drawing_colouring_doms_colour_pencils.webp"
"ANG-STA-0678","DOMS Colour Pencils 50S FSC","Drawing & Colouring","ഡോംസ് colour പെൻസിലുകൾ 50s fsc","45","1","https://aadutygzgrbexxuznqlr.supabase.co/storage/v1/object/public/item-images/doms/drawing_colouring_doms_colour_pencils_50s_fsc.webp"
"ANG-STA-0679","DOMS Colour Pencils Flat Tin","Drawing & Colouring","ഡോംസ് colour പെൻസിലുകൾ flat tin","45","1","https://aadutygzgrbexxuznqlr.supabase.co/storage/v1/object/public/item-images/doms/drawing_colouring_doms_colour_pencils_flat_tin.webp"
"ANG-STA-0680","DOMS Colour Pencils Round Tin","Drawing & Colouring","ഡോംസ് colour പെൻസിലുകൾ round tin","45","1","https://aadutygzgrbexxuznqlr.supabase.co/storage/v1/object/public/item-images/doms/drawing_colouring_doms_colour_pencils_round_tin.webp"
"ANG-STA-0681","DOMS Colourmate Brushes","Drawing & Colouring","ഡോംസ് colourmate brushes","45","1","https://aadutygzgrbexxuznqlr.supabase.co/storage/v1/object/public/item-images/doms/drawing_colouring_doms_colourmate_brushes.webp"
"ANG-STA-0682","DOMS Dommymate Plastic Crayons","Drawing & Colouring","ഡോംസ് dommymate പ്ലാസ്റ്റിക് ക്രയോൺസ്","40","1","https://aadutygzgrbexxuznqlr.supabase.co/storage/v1/object/public/item-images/doms/drawing_colouring_doms_dommymate_plastic_crayons.webp"
"ANG-STA-0683","DOMS Floating Markers","Drawing & Colouring","ഡോംസ് floating markers","45","1","https://aadutygzgrbexxuznqlr.supabase.co/storage/v1/object/public/item-images/doms/drawing_colouring_doms_floating_markers.webp"
"ANG-STA-0684","DOMS Fluid Acrylic Colours","Drawing & Colouring","ഡോംസ് fluid acrylic colours","45","1","https://aadutygzgrbexxuznqlr.supabase.co/storage/v1/object/public/item-images/doms/drawing_colouring_doms_fluid_acrylic_colours.webp"
"ANG-STA-0685","DOMS Grip pop plastic crayons","Drawing & Colouring","ഡോംസ് grip pop പ്ലാസ്റ്റിക് ക്രയോൺസ്","40","1","https://aadutygzgrbexxuznqlr.supabase.co/storage/v1/object/public/item-images/doms/drawing_colouring_doms_grip_pop_plastic_crayons.webp"
"ANG-STA-0686","DOMS Grippie Plastic Crayons","Drawing & Colouring","ഡോംസ് grippie പ്ലാസ്റ്റിക് ക്രയോൺസ്","40","1","https://aadutygzgrbexxuznqlr.supabase.co/storage/v1/object/public/item-images/doms/drawing_colouring_doms_grippie_plastic_crayons.webp"
"ANG-STA-0687","DOMS Groove Plastic Crayons","Drawing & Colouring","ഡോംസ് groove പ്ലാസ്റ്റിക് ക്രയോൺസ്","40","1","https://aadutygzgrbexxuznqlr.supabase.co/storage/v1/object/public/item-images/doms/drawing_colouring_doms_groove_plastic_crayons.webp"
"ANG-STA-0688","DOMS Jumbo Magic Pens","Drawing & Colouring","ഡോംസ് jumbo magic pens","45","1","https://aadutygzgrbexxuznqlr.supabase.co/storage/v1/object/public/item-images/doms/drawing_colouring_doms_jumbo_magic_pens.webp"
"ANG-STA-0689","DOMS Jumbo Sketch Max","Drawing & Colouring","ഡോംസ് jumbo sketch max","45","1","https://aadutygzgrbexxuznqlr.supabase.co/storage/v1/object/public/item-images/doms/drawing_colouring_doms_jumbo_sketch_max.webp"
"ANG-STA-0690","DOMS Jumbo Sketch Max (Edition 2)","Drawing & Colouring","ഡോംസ് jumbo sketch max (edition 2)","45","1","https://aadutygzgrbexxuznqlr.supabase.co/storage/v1/object/public/item-images/doms/drawing_colouring_doms_jumbo_sketch_max_2.webp"
"ANG-STA-0691","DOMS Jumbo Wax Crayons","Drawing & Colouring","ഡോംസ് jumbo വാക്സ് ക്രയോൺസ്","40","1","https://aadutygzgrbexxuznqlr.supabase.co/storage/v1/object/public/item-images/doms/drawing_colouring_doms_jumbo_wax_crayons.webp"
"ANG-STA-0692","DOMS Long Wax Crayons","Drawing & Colouring","ഡോംസ് long വാക്സ് ക്രയോൺസ്","40","1","https://aadutygzgrbexxuznqlr.supabase.co/storage/v1/object/public/item-images/doms/drawing_colouring_doms_long_wax_crayons.webp"
"ANG-STA-0693","DOMS Magic Palette Aqua Colour 40mm","Drawing & Colouring","ഡോംസ് magic palette aqua colour 40mm","45","1","https://aadutygzgrbexxuznqlr.supabase.co/storage/v1/object/public/item-images/doms/drawing_colouring_doms_magic_palette_aqua_colour_cakes_40mm.webp"
"ANG-STA-0694","DOMS Metallic Brush Pens","Drawing & Colouring","ഡോംസ് metallic ബ്രഷ് പെന്നുകൾ","150","1","https://aadutygzgrbexxuznqlr.supabase.co/storage/v1/object/public/item-images/doms/drawing_colouring_doms_metallic_brush_pens.webp"
"ANG-STA-0695","DOMS Oil Pastels Box Pack","Drawing & Colouring","ഡോംസ് ഓയിൽ പാസ്റ്റൽസ് box pack","65","1","https://aadutygzgrbexxuznqlr.supabase.co/storage/v1/object/public/item-images/doms/drawing_colouring_doms_oil_pastels_box_pack.webp"
"ANG-STA-0696","DOMS Oil Pastels Plastic Pack","Drawing & Colouring","ഡോംസ് ഓയിൽ പാസ്റ്റൽസ് plastic pack","65","1","https://aadutygzgrbexxuznqlr.supabase.co/storage/v1/object/public/item-images/doms/drawing_colouring_doms_oil_pastels_plastic_pack.webp"
"ANG-STA-0697","DOMS Opti Grip Plastic Crayons","Drawing & Colouring","ഡോംസ് opti grip പ്ലാസ്റ്റിക് ക്രയോൺസ്","40","1","https://aadutygzgrbexxuznqlr.supabase.co/storage/v1/object/public/item-images/doms/drawing_colouring_doms_opti_grip_plastic_crayons.webp"
"ANG-STA-0698","DOMS Plastic Crayons","Drawing & Colouring","ഡോംസ് പ്ലാസ്റ്റിക് ക്രയോൺസ്","40","1","https://aadutygzgrbexxuznqlr.supabase.co/storage/v1/object/public/item-images/doms/drawing_colouring_doms_plastic_crayons.webp"
"ANG-STA-0699","DOMS Plastic Crayons (Edition 2)","Drawing & Colouring","ഡോംസ് പ്ലാസ്റ്റിക് ക്രയോൺസ് (edition 2)","40","1","https://aadutygzgrbexxuznqlr.supabase.co/storage/v1/object/public/item-images/doms/drawing_colouring_doms_plastic_crayons_2.webp"
"ANG-STA-0700","DOMS Poster Colours","Drawing & Colouring","ഡോംസ് പോസ്റ്റർ കളേഴ്സ്","120","1","https://aadutygzgrbexxuznqlr.supabase.co/storage/v1/object/public/item-images/doms/drawing_colouring_doms_poster_colours.webp"
"ANG-STA-0701","DOMS Refillable Aqua Cakes 12+6 Shades","Drawing & Colouring","ഡോംസ് refillable aqua cakes 12+6 shades","45","1","https://aadutygzgrbexxuznqlr.supabase.co/storage/v1/object/public/item-images/doms/drawing_colouring_doms_refillable_aqua_colour_cakes_126_shades.webp"
"ANG-STA-0702","DOMS Refillable Aqua Colour Cakes 12+6 Shades","Drawing & Colouring","ഡോംസ് refillable aqua colour cakes 12+6 shades","45","1","https://aadutygzgrbexxuznqlr.supabase.co/storage/v1/object/public/item-images/doms/drawing_colouring_doms_refillable_aqua_colour_cakes_126_shades_2.webp"
"ANG-STA-0703","DOMS Sketch Max","Drawing & Colouring","ഡോംസ് sketch max","45","1","https://aadutygzgrbexxuznqlr.supabase.co/storage/v1/object/public/item-images/doms/drawing_colouring_doms_sketch_max.webp"
"ANG-STA-0704","DOMS Sketch max Pens","Drawing & Colouring","ഡോംസ് sketch max pens","45","1","https://aadutygzgrbexxuznqlr.supabase.co/storage/v1/object/public/item-images/doms/drawing_colouring_doms_sketch_max_pens.webp"
"ANG-STA-0705","DOMS Super Washable Pens","Drawing & Colouring","ഡോംസ് super washable pens","45","1","https://aadutygzgrbexxuznqlr.supabase.co/storage/v1/object/public/item-images/doms/drawing_colouring_doms_super_washable_pens.webp"
"ANG-STA-0706","DOMS Tempera Colours","Drawing & Colouring","ഡോംസ് tempera colours","45","1","https://aadutygzgrbexxuznqlr.supabase.co/storage/v1/object/public/item-images/doms/drawing_colouring_doms_tempera_colours.webp"
"ANG-STA-0707","DOMS Tri Extra Long Wax Crayons","Drawing & Colouring","ഡോംസ് tri extra long വാക്സ് ക്രയോൺസ്","40","1","https://aadutygzgrbexxuznqlr.supabase.co/storage/v1/object/public/item-images/doms/drawing_colouring_doms_extra_long_wax_crayons.webp"
"ANG-STA-0708","DOMS Tri Jumbo Wax Crayons","Drawing & Colouring","ഡോംസ് tri jumbo വാക്സ് ക്രയോൺസ്","40","1","https://aadutygzgrbexxuznqlr.supabase.co/storage/v1/object/public/item-images/doms/drawing_colouring_doms_tri_jumbo_wax_crayons.webp"
"ANG-STA-0709","DOMS Water Colour Pencils","Drawing & Colouring","ഡോംസ് water colour പെൻസിലുകൾ","75","1","https://aadutygzgrbexxuznqlr.supabase.co/storage/v1/object/public/item-images/doms/drawing_colouring_doms_water_colour_pencils.webp"
"ANG-STA-0710","DOMS Water Colour Pens","Drawing & Colouring","ഡോംസ് water colour pens","75","1","https://aadutygzgrbexxuznqlr.supabase.co/storage/v1/object/public/item-images/doms/drawing_colouring_doms_water_colour_pens.webp"
"ANG-STA-0711","DOMS Water Colour Tubes","Drawing & Colouring","ഡോംസ് വാട്ടർ കളർ ട്യൂബുകൾ","75","1","https://aadutygzgrbexxuznqlr.supabase.co/storage/v1/object/public/item-images/doms/drawing_colouring_doms_water_colour_tubes.webp"
"ANG-STA-0712","DOMS Wax Crayons","Drawing & Colouring","ഡോംസ് വാക്സ് ക്രയോൺസ്","40","1","https://aadutygzgrbexxuznqlr.supabase.co/storage/v1/object/public/item-images/doms/drawing_colouring_doms_wax_crayons.webp"
"ANG-STA-0713","DOMS Oil Pastels Plastic Hexagonal Pack","Drawing & Colouring","ഡോംസ് ഓയിൽ പാസ്റ്റൽസ് plastic hexagonal pack","65","1","https://aadutygzgrbexxuznqlr.supabase.co/storage/v1/object/public/item-images/doms/drawing_colouring_oil_pastels_plastic_hexagonal_pack.webp"
"ANG-STA-0714","DOMS Fixy Fix Fragrance Glue 100ml","Crafts & Hobbyist","ഡോംസ് fixy fix fragrance glue 100ml","50","1","https://aadutygzgrbexxuznqlr.supabase.co/storage/v1/object/public/item-images/doms/crafts_hobbyist_doms_fixy_fix_fragrance_glue_100ml.webp"
"ANG-STA-0715","DOMS Fixy Fix Fragrance Gum 18ML","Crafts & Hobbyist","ഡോംസ് fixy fix fragrance gum 18ml","50","1","https://aadutygzgrbexxuznqlr.supabase.co/storage/v1/object/public/item-images/doms/crafts_hobbyist_doms_fixy_fix_fragrance_gum_18ml.webp"
"ANG-STA-0716","DOMS Fixy Fix Fragrance Gum 20ML","Crafts & Hobbyist","ഡോംസ് fixy fix fragrance gum 20ml","50","1","https://aadutygzgrbexxuznqlr.supabase.co/storage/v1/object/public/item-images/doms/crafts_hobbyist_doms_fixy_fix_fragrance_gum_20ml.webp"
"ANG-STA-0717","DOMS Fixy Fix Glue Stick","Crafts & Hobbyist","ഡോംസ് ഫിക്സി ഫിക്സ് ഗ്ലൂ സ്റ്റിക്ക്","30","1","https://aadutygzgrbexxuznqlr.supabase.co/storage/v1/object/public/item-images/doms/crafts_hobbyist_doms_fixy_fix_glue_stick_2.webp"
"ANG-STA-0718","DOMS Fixy Fix Glue Stick (Edition 3)","Crafts & Hobbyist","ഡോംസ് ഫിക്സി ഫിക്സ് ഗ്ലൂ സ്റ്റിക്ക് (edition 3)","30","1","https://aadutygzgrbexxuznqlr.supabase.co/storage/v1/object/public/item-images/doms/crafts_hobbyist_doms_fixy_fix_glue_stick_3.webp"
"ANG-STA-0719","DOMS Fixy Fix Glue Stick (Edition 4)","Crafts & Hobbyist","ഡോംസ് ഫിക്സി ഫിക്സ് ഗ്ലൂ സ്റ്റിക്ക് (edition 4)","30","1","https://aadutygzgrbexxuznqlr.supabase.co/storage/v1/object/public/item-images/doms/crafts_hobbyist_doms_fixy_fix_glue_stick_4.webp"
"ANG-STA-0720","DOMS Fixy Fix White Glue (105 grams)","Crafts & Hobbyist","ഡോംസ് fixy fix white glue (105 grams)","50","1","https://aadutygzgrbexxuznqlr.supabase.co/storage/v1/object/public/item-images/doms/crafts_hobbyist_doms_fixy_fix_white_glue_105_grams.webp"
"ANG-STA-0721","DOMS Fixy Fix White Glue 20GMS","Crafts & Hobbyist","ഡോംസ് fixy fix white glue 20gms","50","1","https://aadutygzgrbexxuznqlr.supabase.co/storage/v1/object/public/item-images/doms/crafts_hobbyist_doms_fixy_fix_white_glue_20gms.webp"
"ANG-STA-0722","DOMS Glitter Colours 5.5ml","Crafts & Hobbyist","ഡോംസ് glitter colours 5.5ml","50","1","https://aadutygzgrbexxuznqlr.supabase.co/storage/v1/object/public/item-images/doms/crafts_hobbyist_doms_glitter_colours_5_5ml.webp"
"ANG-STA-0723","DOMS Glitter Glue 18 Shades","Crafts & Hobbyist","ഡോംസ് glitter glue 18 shades","50","1","https://aadutygzgrbexxuznqlr.supabase.co/storage/v1/object/public/item-images/doms/crafts_hobbyist_doms_glitter_glue_18_shades.webp"
"ANG-STA-0724","DOMS Modelling Clay","Crafts & Hobbyist","ഡോംസ് മോഡലിംഗ് ക്ലേ","65","1","https://aadutygzgrbexxuznqlr.supabase.co/storage/v1/object/public/item-images/doms/crafts_hobbyist_doms_modelling_clay.webp"
"ANG-STA-0725","DOMS Modelling Clay Bar","Crafts & Hobbyist","ഡോംസ് മോഡലിംഗ് ക്ലേ bar","65","1","https://aadutygzgrbexxuznqlr.supabase.co/storage/v1/object/public/item-images/doms/crafts_hobbyist_doms_modelling_clay_bar.webp"
"ANG-STA-0726","DOMS Modelling Dough","Crafts & Hobbyist","ഡോംസ് മോഡലിംഗ് ക്ലേ","65","1","https://aadutygzgrbexxuznqlr.supabase.co/storage/v1/object/public/item-images/doms/crafts_hobbyist_doms_modelling_dough.webp"
"ANG-STA-0727","DOMS Modelling Dough (Edition 2)","Crafts & Hobbyist","ഡോംസ് മോഡലിംഗ് ക്ലേ (edition 2)","65","1","https://aadutygzgrbexxuznqlr.supabase.co/storage/v1/object/public/item-images/doms/crafts_hobbyist_doms_modelling_dough_2.webp"
"ANG-STA-0728","DOMS Modelling Dough (Edition 3)","Crafts & Hobbyist","ഡോംസ് മോഡലിംഗ് ക്ലേ (edition 3)","65","1","https://aadutygzgrbexxuznqlr.supabase.co/storage/v1/object/public/item-images/doms/crafts_hobbyist_doms_modelling_dough_3.webp"
"ANG-STA-0729","DOMS Perfumed Gum 20ML","Crafts & Hobbyist","ഡോംസ് perfumed gum 20ml","50","1","https://aadutygzgrbexxuznqlr.supabase.co/storage/v1/object/public/item-images/doms/crafts_hobbyist_doms_perfumed_gum_20ml.webp"
"ANG-STA-0730","DOMS Amariz Premium Poster Colour","Fine Art & Painting","ഡോംസ് അമരിസ് premium പോസ്റ്റർ കളർ","315","1","https://aadutygzgrbexxuznqlr.supabase.co/storage/v1/object/public/item-images/doms/fine_art_amariz_premium_poster_colour_12sh_x_15ml.png"
"ANG-STA-0731","DOMS Amariz DOMS Acrylic Markers (Works well on Diverse Surfaces)","Fine Art & Painting","ഡോംസ് അമരിസ് ഡോംസ് acrylic markers (works well on diverse surfaces)","200","1","https://aadutygzgrbexxuznqlr.supabase.co/storage/v1/object/public/item-images/doms/fine_art_doms_acrylic_markers_highly_pigmented_acrylic_ink_lightfast_and_quick_drying_works_well_on_diverse_surfaces.png"
"ANG-STA-0732","DOMS Amariz Canvas Rolls","Fine Art & Painting","ഡോംസ് അമരിസ് കാൻവാസ് rolls","1520","1","https://aadutygzgrbexxuznqlr.supabase.co/storage/v1/object/public/item-images/doms/fine_art_canvas_rolls.jpg"
"ANG-STA-0733","DOMS Amariz Canvas Boards","Fine Art & Painting","ഡോംസ് അമരിസ് കാൻവാസ് boards","100","1","https://aadutygzgrbexxuznqlr.supabase.co/storage/v1/object/public/item-images/doms/fine_art_canvas_boards.png"
"ANG-STA-0734","DOMS Amariz Inspiro Sketch Book | 150 Gsm | A5 Size (Pack of 4 Books)","Fine Art & Painting","ഡോംസ് അമരിസ് inspiro sketch book | 150 gsm | a5 size (pack of 4 books)","140","1","https://aadutygzgrbexxuznqlr.supabase.co/storage/v1/object/public/item-images/doms/fine_art_inspiro_sketch_book_150_gsm_a5_size_pack_of_2.png"
"ANG-STA-0735","DOMS Amariz Water-Colour Combo Deal Pack","Fine Art & Painting","ഡോംസ് അമരിസ് water-colour combo deal pack","999","1","https://aadutygzgrbexxuznqlr.supabase.co/storage/v1/object/public/item-images/doms/fine_art_amariz_water_colour_combo_kit.png"
"ANG-STA-0736","DOMS Amariz DOMS Acrylic Paints Set (6 Shades x 15ml)","Fine Art & Painting","ഡോംസ് അമരിസ് ഡോംസ് അക്രിലിക് പെയിന്റുകൾ set (6 shades x 15ml)","110","1","https://aadutygzgrbexxuznqlr.supabase.co/storage/v1/object/public/item-images/doms/fine_art_doms_acrylic_paints_set_6_shades_x_15ml.png"
"ANG-STA-0737","DOMS Amariz DOMS Acrylic Paints Set (6 Shades x 10ml)","Fine Art & Painting","ഡോംസ് അമരിസ് ഡോംസ് അക്രിലിക് പെയിന്റുകൾ set (6 shades x 10ml)","90","1","https://aadutygzgrbexxuznqlr.supabase.co/storage/v1/object/public/item-images/doms/fine_art_doms_acrylic_paints_set_6_shades_x_10ml.png"
"ANG-STA-0738","DOMS Amariz DOMS Acrylic Paints Set (12 Shades x 15ml)","Fine Art & Painting","ഡോംസ് അമരിസ് ഡോംസ് അക്രിലിക് പെയിന്റുകൾ set (12 shades x 15ml)","210","1","https://aadutygzgrbexxuznqlr.supabase.co/storage/v1/object/public/item-images/doms/fine_art_doms_acrylic_paints_set_12_shades_x_15ml_each.png"
"ANG-STA-0739","DOMS Amariz Artist Watercolor Cakes (24 Shades)(Metal Tin Pack)","Fine Art & Painting","ഡോംസ് അമരിസ് artist watercolor cakes (24 shades)(metal tin pack)","270","1","https://aadutygzgrbexxuznqlr.supabase.co/storage/v1/object/public/item-images/doms/fine_art_artist_watercolor_cakes_24_shadesmetal_tin_pack.png"
"ANG-STA-0740","DOMS Amariz Artist's Acrylic Paints (12 Shades x 40ml Each) (2 Brushes + 1 Palette + 2 Mediums)","Fine Art & Painting","ഡോംസ് അമരിസ് artist's അക്രിലിക് പെയിന്റുകൾ (12 shades x 40ml each) (2 brushes + 1 palette + 2 mediums)","999","1","https://aadutygzgrbexxuznqlr.supabase.co/storage/v1/object/public/item-images/doms/fine_art_artists_acrylic_paints_12_shades_x_40ml_each_2_brushes_1_palette_2_mediums.png"
"ANG-STA-0741","DOMS Amariz Duo Brush Pens (14 Shades) (Soft + Hard Tip) (Tin Pack)","Fine Art & Painting","ഡോംസ് അമരിസ് duo ബ്രഷ് പെന്നുകൾ (14 shades) (soft + hard tip) (tin pack)","228","1","https://aadutygzgrbexxuznqlr.supabase.co/storage/v1/object/public/item-images/doms/fine_art_duo_brush_pens_14_shades_soft_hard_tip_tin_pack.png"
"ANG-STA-0742","DOMS Amariz Artist's Acrylic Paints (14 Shades x 20ml Each) (Tin Pack)","Fine Art & Painting","ഡോംസ് അമരിസ് artist's അക്രിലിക് പെയിന്റുകൾ (14 shades x 20ml each) (tin pack)","630","1","https://aadutygzgrbexxuznqlr.supabase.co/storage/v1/object/public/item-images/doms/fine_art_artists_acrylic_paints_14_shades_x_20ml_each_tin_pack.png"
"ANG-STA-0743","DOMS Amariz Pigment Liners","Fine Art & Painting","ഡോംസ് അമരിസ് pigment liners","157","1","https://aadutygzgrbexxuznqlr.supabase.co/storage/v1/object/public/item-images/doms/fine_art_pigment_liners.jpg"
"ANG-STA-0744","DOMS Amariz Watercolour Papers (Spiral Book) 300 GSM","Fine Art & Painting","ഡോംസ് അമരിസ് watercolour papers (spiral book) 300 gsm","584","1","https://aadutygzgrbexxuznqlr.supabase.co/storage/v1/object/public/item-images/doms/fine_art_watercolour_papers_spiral_book_300_gsm.jpg"
"ANG-STA-0745","DOMS Amariz Studio Artist Paint Brush Sets","Fine Art & Painting","ഡോംസ് അമരിസ് studio artist paint brush sets","90","1","https://aadutygzgrbexxuznqlr.supabase.co/storage/v1/object/public/item-images/doms/fine_art_studio_artist_paint_brush_sets.png"
"ANG-STA-0746","DOMS Amariz Artist Kneadable Eraser (Tin Pack) (Pack of 2pcs)","Fine Art & Painting","ഡോംസ് അമരിസ് artist kneadable ഇറേസർ (tin pack) (pack of 2pcs)","99","1","https://aadutygzgrbexxuznqlr.supabase.co/storage/v1/object/public/item-images/doms/fine_art_artist_kneadable_eraser_tin_pack.png"