S.No.,Product Code,Product Name,Malayalam Name,Category,Base Unit,Sell Mode,Base Unit Price (INR),Max Price Ceiling (INR),Default Variant,All Variants (Pack - Price),Image CDN URL
1,ANG-BAK-0001,White Bread,വൈറ്റ് ബ്രെഡ്,Bakery,g,Fixed,0.00,,200g (₹0),200g: ₹0 | 350g: ₹0 | 400g: ₹0 | 600g: ₹0 | 800g: ₹0,https://aadutygzgrbexxuznqlr.supabase.co/storage/v1/object/public/item-images/demos/demo_1789311870996_033793.jpg
2,ANG-BAK-0003,Wheat Bread,ഹോൾ വീറ്റ് ബ്രെഡ് (ആട്ട ബ്രെഡ്),Bakery,g,Fixed,0.00,,250g (₹0),250g: ₹0 | 400g: ₹0,https://aadutygzgrbexxuznqlr.supabase.co/storage/v1/object/public/item-images/demos/demo_1789311700806_579073.jpg
3,ANG-BAK-0004,Bread Sandwich,ബ്രെഡ് സാൻഡ്വിച്ച്,Bakery,pcs,Fixed,0.00,,400g (₹0),400g: ₹0 | 600g: ₹0 | 800g: ₹0,https://aadutygzgrbexxuznqlr.supabase.co/storage/v1/object/public/item-images/demos/demo_1789315857999_262592.jpg
4,ANG-BAK-0005,Burger Bun,ബർഗർ ബൺ,Bakery,pcs,Fixed,0.00,,2pcs (₹0),2pcs: ₹0 | 4pcs: ₹0 | 6pcs: ₹0,https://images.unsplash.com/photo-1586190848861-99aa4a171e90?w=500&auto=format&fit=crop&q=80
5,ANG-BAK-0008,Sweet Bun,സ്വീറ്റ് ബൺ,Bakery,pcs,Fixed,0.00,,1pc (₹0),1pc: ₹0 | 2pcs: ₹0 | 4pcs: ₹0,https://aadutygzgrbexxuznqlr.supabase.co/storage/v1/object/public/item-images/demos/demo_1789315757575_527142.jpg
6,ANG-BAK-0009,Cream Bun,ക്രീം ബൺ,Bakery,pcs,Fixed,0.00,,1pc (₹0),1pc: ₹0 | 2pcs: ₹0 | 4pcs: ₹0,https://aadutygzgrbexxuznqlr.supabase.co/storage/v1/object/public/item-images/demos/demo_1789367536407_595886.webp
7,ANG-BAK-0013,Black Forest Cake,ബ്ലാക്ക് ഫോറസ്റ്റ് കേക്ക്,Bakery,g,Fixed,0.00,,250g (₹0),250g: ₹0 | 500g: ₹0 | 1kg: ₹0,https://images.unsplash.com/photo-1606313564200-e75d5e30476c?w=500&auto=format&fit=crop&q=80
8,ANG-BAK-0014,Kerala Egg Puff,മുട്ട പഫ്സ്,Bakery,pcs,Fixed,0.00,,1pc (₹0),1pc: ₹0 | 2pcs: ₹0 | 4pcs: ₹0 | 6pcs: ₹0,https://aadutygzgrbexxuznqlr.supabase.co/storage/v1/object/public/item-images/demos/demo_1789316312387_602269.webp
9,ANG-BAK-0015,Kerala Chicken Puff,ചിക്കൻ പഫ്സ്,Bakery,pcs,Fixed,0.00,,1pc (₹0),1pc: ₹0 | 2pcs: ₹0 | 4pcs: ₹0 | 6pcs: ₹0,https://aadutygzgrbexxuznqlr.supabase.co/storage/v1/object/public/item-images/demos/demo_1789316322858_602859.webp
10,ANG-BAK-0016,Kerala Veg Puff,വെജ് പഫ്സ്,Bakery,pcs,Fixed,0.00,,1pc (₹0),1pc: ₹0 | 2pcs: ₹0 | 4pcs: ₹0 | 6pcs: ₹0,https://aadutygzgrbexxuznqlr.supabase.co/storage/v1/object/public/item-images/demos/demo_1789316049593_039390.webp
11,ANG-BAK-0017,Kerala Meat Puff (Beef),മീറ്റ് പഫ്സ് (ബീഫ്),Bakery,pcs,Fixed,0.00,,1pc (₹0),1pc: ₹0 | 2pcs: ₹0 | 4pcs: ₹0,https://aadutygzgrbexxuznqlr.supabase.co/storage/v1/object/public/item-images/demos/demo_1789316265318_230316.webp
12,ANG-BAK-0018,Kerala Chicken Cutlet,ചിക്കൻ കട്ട്ലറ്റ്,Bakery,pcs,Fixed,0.00,,1pc (₹0),1pc: ₹0 | 2pcs: ₹0 | 4pcs: ₹0,https://aadutygzgrbexxuznqlr.supabase.co/storage/v1/object/public/item-images/demos/demo_1789316331274_937726.png
13,ANG-BAK-0019,Kerala Meat Cutlet (Beef),മീറ്റ് കട്ട്ലറ്റ് (ബീഫ്),Bakery,pcs,Fixed,0.00,,1pc (₹0),1pc: ₹0 | 2pcs: ₹0 | 4pcs: ₹0,https://aadutygzgrbexxuznqlr.supabase.co/storage/v1/object/public/item-images/demos/demo_1789316298775_012808.png
14,ANG-BAK-0020,Kerala Veg Cutlet,വെജ് കട്ട്ലറ്റ്,Bakery,pcs,Fixed,0.00,,1pc (₹0),1pc: ₹0 | 2pcs: ₹0 | 4pcs: ₹0,https://aadutygzgrbexxuznqlr.supabase.co/storage/v1/object/public/item-images/demos/demo_1789316123203_808491.jpg
15,ANG-BAK-0021,Samosa,സമൂസ,Bakery,pcs,Fixed,0.00,,2pcs (₹0),2pcs: ₹0 | 4pcs: ₹0 | 6pcs: ₹0 | 10pcs: ₹0,https://aadutygzgrbexxuznqlr.supabase.co/storage/v1/object/public/item-images/demos/demo_1789316185527_764112.jpg
16,ANG-BAK-0022,Banana Fry (Pazham Pori),പഴം പൊരി (ഏത്തക്ക അപ്പം),Bakery,pcs,Fixed,0.00,,1pc (₹0),1pc: ₹0 | 2pcs: ₹0 | 4pcs: ₹0,https://images.unsplash.com/photo-1528825871115-3581a5387919?w=500&auto=format&fit=crop&q=80
17,ANG-BAK-0023,Unniyappam,ഉണ്ണിയപ്പം,Bakery,pcs,Fixed,0.00,,4pcs (₹0),4pcs: ₹0 | 6pcs: ₹0 | 10pcs: ₹0 | 12pcs: ₹0,https://aadutygzgrbexxuznqlr.supabase.co/storage/v1/object/public/item-images/demos/demo_1789315560396_514317.jpg
18,ANG-BAK-0024,Neyyappam,നെയ്യപ്പം,Bakery,pcs,Fixed,0.00,,2pcs (₹0),2pcs: ₹0 | 4pcs: ₹0 | 6pcs: ₹0,https://aadutygzgrbexxuznqlr.supabase.co/storage/v1/object/public/item-images/demos/demo_1789315965610_377694.webp
19,ANG-BAK-0025,Achappam (Rose Cookies),അച്ചപ്പം,Bakery,g,Fixed,0.00,,100g (₹0),100g: ₹0 | 200g: ₹0 | 250g: ₹0 | 500g: ₹0,https://images.unsplash.com/photo-1499636136210-6f4ee915583e?w=500&auto=format&fit=crop&q=80
20,ANG-BAK-0026,Vattayappam,വട്ടയപ്പം,Bakery,pcs,Fixed,0.00,,250g (₹0),250g: ₹0 | 500g: ₹0,https://aadutygzgrbexxuznqlr.supabase.co/storage/v1/object/public/item-images/demos/demo_1789315525992_629671.jpg
21,ANG-BAK-0204,Black Raisin,ബ്ലാക്ക് റൈസിൻ കേക്ക്,Bakery,g,Fixed,75.00,87.00,150 g (₹75),150 g: ₹75,https://images.unsplash.com/photo-1565958011703-44f9829ba187?w=500&auto=format&fit=crop&q=80
22,ANG-BAK-0223,Plum Cake,പ്ലം കേക്ക്,Bakery,pcs,Fixed,420.00,483.00,800 g (₹420),800 g: ₹420,https://aadutygzgrbexxuznqlr.supabase.co/storage/v1/object/public/item-images/demos/demo_1789315894854_071608.webp
23,ANG-BAK-0233,Tea Cake,ടീ കേക്ക്,Bakery,g,Manual,90.00,104.00,250 g (₹90),250 g: ₹90,https://aadutygzgrbexxuznqlr.supabase.co/storage/v1/object/public/item-images/demos/demo_1789315709885_453788.jpg
24,ANG-BAK-0236,Choco Brownie Cake,Choco Brownie Cake,Bakery,g,Fixed,75.00,87.00,150 g (₹75),150 g: ₹75,https://images.unsplash.com/photo-1607958996333-41aef7caefaa?w=500&auto=format&fit=crop&q=80
25,ANG-BAK-0250,Cup Cake,Cup Cake,Bakery,g,Fixed,12.00,14.00,30 g (₹12),30 g: ₹12,https://aadutygzgrbexxuznqlr.supabase.co/storage/v1/object/public/item-images/demos/demo_1789315357087_364976.jpg
26,ANG-BAK-0251,Elite Brown Bread,എലൈറ്റ് ബ്രൗൺ ബ്രെഡ്,Bakery,g,Fixed,55.00,64.00,400 g (₹55),400 g: ₹55,https://aadutygzgrbexxuznqlr.supabase.co/storage/v1/object/public/item-images/elite/more_health_range_brown_20bread.png
27,ANG-BAK-0252,Elite Marble Cake,എലൈറ്റ് മാർബിൾ കേക്ക്,Bakery,g,Fixed,45.00,52.00,140 g (₹45),140 g: ₹45 | 200 g: ₹60,https://aadutygzgrbexxuznqlr.supabase.co/storage/v1/object/public/item-images/elite/cake_marbla_20cake_20140g.png
28,ANG-BAK-0253,Elite Fruit Bar Cake,എലൈറ്റ് ഫ്രൂട്ട് ബാർ കേക്ക്,Bakery,g,Fixed,45.00,52.00,140 g (₹45),140 g: ₹45 | 200 g: ₹60,https://aadutygzgrbexxuznqlr.supabase.co/storage/v1/object/public/item-images/elite/cake_fruit_20cake_20140g.png
29,ANG-BAK-0254,Elite Chocolate Bar Cake,എലൈറ്റ് ചോക്ലേറ്റ് ബാർ കേക്ക്,Bakery,g,Fixed,45.00,52.00,140 g (₹45),140 g: ₹45 | 200 g: ₹60,https://aadutygzgrbexxuznqlr.supabase.co/storage/v1/object/public/item-images/elite/cake_choco_20barcake_20140g_20-_208906009990682_20-_20front.png
30,ANG-BAK-0255,Elite Vanilla Bar Cake,എലൈറ്റ് വാനില ബാർ കേക്ക്,Bakery,g,Fixed,45.00,52.00,140 g (₹45),140 g: ₹45 | 200 g: ₹60,https://aadutygzgrbexxuznqlr.supabase.co/storage/v1/object/public/item-images/elite/cake_vanilla_20_20barcake_20140g_20-_208906009990651_20-_20front.png
31,ANG-BAK-0256,Elite Orange Bar Cake,എലൈറ്റ് ഓറഞ്ച് ബാർ കേക്ക്,Bakery,g,Fixed,45.00,52.00,140 g (₹45),140 g: ₹45 | 200 g: ₹60,https://aadutygzgrbexxuznqlr.supabase.co/storage/v1/object/public/item-images/elite/cake_orange_20barcake_2030g_20-_208906009993195_20-_20front.png
32,ANG-BAK-0257,Elite Orange Fruity Cake,എലൈറ്റ് ഓറഞ്ച് ഫ്രൂട്ടി കേക്ക്,Bakery,g,Fixed,45.00,52.00,140 g (₹45),140 g: ₹45 | 200 g: ₹60,https://aadutygzgrbexxuznqlr.supabase.co/storage/v1/object/public/item-images/elite/cake_orange_20fruity_20barcake_20100g_20-_208906009993157_20-_20front.png
33,ANG-BAK-0258,Elite Pineapple Fruity Cake,എലൈറ്റ് പൈനാപ്പിൾ ഫ്രൂട്ടി കേക്ക്,Bakery,g,Fixed,45.00,52.00,140 g (₹45),140 g: ₹45 | 200 g: ₹60,https://aadutygzgrbexxuznqlr.supabase.co/storage/v1/object/public/item-images/elite/cake_pineapple-fruity-barcake.png
34,ANG-BAK-0259,Elite Orange Chocolate,എലൈറ്റ് Orange Chocolate,Bakery,g,Fixed,45.00,52.00,140 g (₹45),140 g: ₹45 | 200 g: ₹60,https://aadutygzgrbexxuznqlr.supabase.co/storage/v1/object/public/item-images/elite/cake_choco_20orange_20barcake_20140g_20-_208906009990675_20-_20front.png
35,ANG-BAK-0260,Elite Pineapple Chocolate,എലൈറ്റ് Pineapple Chocolate,Bakery,g,Fixed,45.00,52.00,140 g (₹45),140 g: ₹45 | 200 g: ₹60,https://aadutygzgrbexxuznqlr.supabase.co/storage/v1/object/public/item-images/elite/cake_choco_20pineapple_20barcake_20140g_20-_208906009990668_20-_20front.png
36,ANG-BAK-0261,Elite Black Raisin,എലൈറ്റ് Black Raisin,Bakery,g,Fixed,45.00,52.00,140 g (₹45),140 g: ₹45 | 200 g: ₹60,https://aadutygzgrbexxuznqlr.supabase.co/storage/v1/object/public/item-images/elite/cake_black-raisin-cake.png
37,ANG-BAK-0262,Elite Banana Pudding Cake Sliced,എലൈറ്റ് ബനാന പുഡ്ഡിംഗ് കേക്ക് Sliced,Bakery,g,Fixed,45.00,52.00,140 g (₹45),140 g: ₹45 | 200 g: ₹60,https://aadutygzgrbexxuznqlr.supabase.co/storage/v1/object/public/item-images/elite/cake_banana-pudding-cake-150g.png
38,ANG-BAK-0263,Elite Dates Pudding Cake Sliced,എലൈറ്റ് ഡേറ്റ്സ് പുഡ്ഡിംഗ് കേക്ക് Sliced,Bakery,g,Fixed,45.00,52.00,140 g (₹45),140 g: ₹45 | 200 g: ₹60,https://aadutygzgrbexxuznqlr.supabase.co/storage/v1/object/public/item-images/elite/cake_dates-pudding-cake-150g.png
39,ANG-BAK-0264,Elite Jack fruit Pudding Cake Sliced,എലൈറ്റ് Jack fruit Pudding കേക്ക് Sliced,Bakery,g,Fixed,45.00,52.00,140 g (₹45),140 g: ₹45 | 200 g: ₹60,https://aadutygzgrbexxuznqlr.supabase.co/storage/v1/object/public/item-images/elite/cake_jackfruit-pudding-cake-150g.png
40,ANG-BAK-0265,Elite Carrot Pudding Cake Sliced,എലൈറ്റ് കാരറ്റ് പുഡ്ഡിംഗ് കേക്ക് Sliced,Bakery,g,Fixed,45.00,52.00,140 g (₹45),140 g: ₹45 | 200 g: ₹60,https://aadutygzgrbexxuznqlr.supabase.co/storage/v1/object/public/item-images/elite/cake_carrot-pudding-cake-150g2.png
41,ANG-BAK-0266,Elite Centoz Sweet Heart Strawberry,എലൈറ്റ് Centoz Sweet Heart Strawberry,Bakery,g,Fixed,45.00,52.00,140 g (₹45),140 g: ₹45 | 200 g: ₹60,https://aadutygzgrbexxuznqlr.supabase.co/storage/v1/object/public/item-images/elite/cake_heart_20cake_2054g.png
42,ANG-BAK-0267,Elite Choco Cupcake,എലൈറ്റ് Choco കപ്പ് കേക്ക്,Bakery,g,Fixed,20.00,23.00,60 g (₹20),60 g: ₹20,https://aadutygzgrbexxuznqlr.supabase.co/storage/v1/object/public/item-images/elite/cake_choco-cup-cake-18g.png
43,ANG-BAK-0268,Elite Butter Cup Cake,എലൈറ്റ് Butter കപ്പ് കേക്ക്,Bakery,g,Fixed,20.00,23.00,60 g (₹20),60 g: ₹20,https://aadutygzgrbexxuznqlr.supabase.co/storage/v1/object/public/item-images/elite/cake_butter-cup-cake-18g.png
44,ANG-BAK-0269,Elite Strawberry Cup Cake,എലൈറ്റ് Strawberry കപ്പ് കേക്ക്,Bakery,g,Fixed,20.00,23.00,60 g (₹20),60 g: ₹20,https://aadutygzgrbexxuznqlr.supabase.co/storage/v1/object/public/item-images/elite/cake_strawberry-6-1.png
45,ANG-BAK-0270,Elite Choco Cup Cake 6 in 1,എലൈറ്റ് Choco കപ്പ് കേക്ക് 6 in 1,Bakery,g,Fixed,20.00,23.00,60 g (₹20),60 g: ₹20,https://aadutygzgrbexxuznqlr.supabase.co/storage/v1/object/public/item-images/elite/cake_choco-6-1.png
46,ANG-BAK-0271,Elite Butter Cup Cake 6 in 1,എലൈറ്റ് Butter കപ്പ് കേക്ക് 6 in 1,Bakery,g,Fixed,20.00,23.00,60 g (₹20),60 g: ₹20,https://aadutygzgrbexxuznqlr.supabase.co/storage/v1/object/public/item-images/elite/cake_butter-6-1.png
47,ANG-BAK-0272,Elite Carrot Pudding 6 in 1,എലൈറ്റ് Carrot Pudding 6 in 1,Bakery,g,Fixed,45.00,52.00,140 g (₹45),140 g: ₹45 | 200 g: ₹60,https://aadutygzgrbexxuznqlr.supabase.co/storage/v1/object/public/item-images/elite/cake_carrot-6-1.png
48,ANG-BAK-0273,Elite Centoz Choco,എലൈറ്റ് Centoz Choco,Bakery,g,Fixed,45.00,52.00,140 g (₹45),140 g: ₹45 | 200 g: ₹60,https://aadutygzgrbexxuznqlr.supabase.co/storage/v1/object/public/item-images/elite/cake_centoz-choco-cup-cake-1.png
49,ANG-BAK-0274,Elite Centoz Strawberry,എലൈറ്റ് Centoz Strawberry,Bakery,g,Fixed,45.00,52.00,140 g (₹45),140 g: ₹45 | 200 g: ₹60,https://aadutygzgrbexxuznqlr.supabase.co/storage/v1/object/public/item-images/elite/cake_centoz-strawberry-cup-cake-1.png
50,ANG-BAK-0275,Elite Plum Surprise,എലൈറ്റ് Plum Surprise,Bakery,g,Fixed,120.00,138.00,330 g (₹120),330 g: ₹120 | 800 g: ₹260,https://aadutygzgrbexxuznqlr.supabase.co/storage/v1/object/public/item-images/elite/cake_plum_20surprise_20680g_20-_208906009990125_20-_20front.png
51,ANG-BAK-0276,Elite Choco Plum,എലൈറ്റ് Choco Plum,Bakery,g,Fixed,120.00,138.00,330 g (₹120),330 g: ₹120 | 800 g: ₹260,https://aadutygzgrbexxuznqlr.supabase.co/storage/v1/object/public/item-images/elite/cake_choco_20plum_20680g_20-_208906009990101_20-_20front.png
52,ANG-BAK-0277,Elite Rich Plum,എലൈറ്റ് Rich Plum,Bakery,g,Fixed,120.00,138.00,330 g (₹120),330 g: ₹120 | 800 g: ₹260,https://aadutygzgrbexxuznqlr.supabase.co/storage/v1/object/public/item-images/elite/cake_rich_20plum_20cake_20300g_20-_208906009991160_20-_20front.png
53,ANG-BAK-0278,Elite Plum Classic,എലൈറ്റ് Plum Classic,Bakery,g,Fixed,120.00,138.00,330 g (₹120),330 g: ₹120 | 800 g: ₹260,https://aadutygzgrbexxuznqlr.supabase.co/storage/v1/object/public/item-images/elite/cake_plum_20classic_20680g_20-_208906009992921_20-_20front.png
54,ANG-BAK-0279,Elite Plum Delight,എലൈറ്റ് Plum Delight,Bakery,g,Fixed,120.00,138.00,330 g (₹120),330 g: ₹120 | 800 g: ₹260,https://aadutygzgrbexxuznqlr.supabase.co/storage/v1/object/public/item-images/elite/cake_plum_20delight_20cake_20650g-new.png
55,ANG-BAK-0280,Elite Rich Plum Cake,എലൈറ്റ് Rich പ്ലം കേക്ക്,Bakery,g,Fixed,120.00,138.00,330 g (₹120),330 g: ₹120 | 800 g: ₹260,https://aadutygzgrbexxuznqlr.supabase.co/storage/v1/object/public/item-images/elite/cake_rich_20plum_20-_20tin-new.png
56,ANG-BAK-0281,Elite LA Elite Plum Cake,എലൈറ്റ് LA എലൈറ്റ് പ്ലം കേക്ക്,Bakery,g,Fixed,120.00,138.00,330 g (₹120),330 g: ₹120 | 800 g: ₹260,https://aadutygzgrbexxuznqlr.supabase.co/storage/v1/object/public/item-images/elite/cake_la_20elite_20tin-new.png
57,ANG-BAK-0282,Elite Butterscotch Pudding Cake,എലൈറ്റ് Butterscotch Pudding കേക്ക്,Bakery,g,Fixed,45.00,52.00,140 g (₹45),140 g: ₹45 | 200 g: ₹60,https://aadutygzgrbexxuznqlr.supabase.co/storage/v1/object/public/item-images/elite/cake_butterscotch-pudding-cake.png
58,ANG-BAK-0283,Elite Carrot Pudding Cake,എലൈറ്റ് കാരറ്റ് പുഡ്ഡിംഗ് കേക്ക്,Bakery,g,Fixed,45.00,52.00,140 g (₹45),140 g: ₹45 | 200 g: ₹60,https://aadutygzgrbexxuznqlr.supabase.co/storage/v1/object/public/item-images/elite/cake_carrot_20pudding_20cake_20500g_20-_208906009992679_20-_20front.png
59,ANG-BAK-0284,Elite Dates Pudding Cake,എലൈറ്റ് ഡേറ്റ്സ് പുഡ്ഡിംഗ് കേക്ക്,Bakery,g,Fixed,45.00,52.00,140 g (₹45),140 g: ₹45 | 200 g: ₹60,https://aadutygzgrbexxuznqlr.supabase.co/storage/v1/object/public/item-images/elite/cake_dates_20pudding_20cake_20500g_20-_208906009992518_20-_20front.png
60,ANG-BAK-0285,Elite Jackfruit Pudding Cake,എലൈറ്റ് Jackfruit Pudding കേക്ക്,Bakery,g,Fixed,45.00,52.00,140 g (₹45),140 g: ₹45 | 200 g: ₹60,https://aadutygzgrbexxuznqlr.supabase.co/storage/v1/object/public/item-images/elite/cake_jackfruit_20pudding_20cake_20500g_20-_208906009992976_20-_20front.png
61,ANG-BAK-0286,Elite Pineapple Pudding Cake,എലൈറ്റ് Pineapple Pudding കേക്ക്,Bakery,g,Fixed,45.00,52.00,140 g (₹45),140 g: ₹45 | 200 g: ₹60,https://aadutygzgrbexxuznqlr.supabase.co/storage/v1/object/public/item-images/elite/cake_pineapple_20pudding_20cake_20500g_20-_208906009994031_20-_20front.png
62,ANG-BAK-0287,Elite Banana Pudding Cake,എലൈറ്റ് ബനാന പുഡ്ഡിംഗ് കേക്ക്,Bakery,g,Fixed,45.00,52.00,140 g (₹45),140 g: ₹45 | 200 g: ₹60,https://aadutygzgrbexxuznqlr.supabase.co/storage/v1/object/public/item-images/elite/cake_banana_20pudding_20cake_20500g_20-_208906009993379_20-_20front.png
63,ANG-BAK-0288,Elite Jackfruit Pudding cake 700g,എലൈറ്റ് Jackfruit Pudding കേക്ക് 700g,Bakery,g,Fixed,45.00,52.00,140 g (₹45),140 g: ₹45 | 200 g: ₹60,https://aadutygzgrbexxuznqlr.supabase.co/storage/v1/object/public/item-images/elite/cake_jackfruit_20pudding_20cake_20-700g_20-_20front1.png
64,ANG-BAK-0289,Elite Carrot pudding Sliced Cake 700g,എലൈറ്റ് Carrot pudding Sliced കേക്ക് 700g,Bakery,g,Fixed,45.00,52.00,140 g (₹45),140 g: ₹45 | 200 g: ₹60,https://aadutygzgrbexxuznqlr.supabase.co/storage/v1/object/public/item-images/elite/cake_carrot_20pudding_20cake_20sliced_20-700g_20-_20front1.png
65,ANG-BAK-0290,Elite Tea Cake,എലൈറ്റ് Tea കേക്ക്,Bakery,g,Fixed,45.00,52.00,140 g (₹45),140 g: ₹45 | 200 g: ₹60,https://aadutygzgrbexxuznqlr.supabase.co/storage/v1/object/public/item-images/elite/cake_tea-cake-500g.png
66,ANG-BAK-0291,Elite Pineapple Cake,എലൈറ്റ് Pineapple കേക്ക്,Bakery,g,Fixed,45.00,52.00,140 g (₹45),140 g: ₹45 | 200 g: ₹60,https://aadutygzgrbexxuznqlr.supabase.co/storage/v1/object/public/item-images/elite/cake_pineapple-cake-350g.png
67,ANG-BAK-0292,Elite Sponge Cake,എലൈറ്റ് Sponge കേക്ക്,Bakery,g,Fixed,45.00,52.00,140 g (₹45),140 g: ₹45 | 200 g: ₹60,https://aadutygzgrbexxuznqlr.supabase.co/storage/v1/object/public/item-images/elite/cake_sponge-cake.png
68,ANG-BAK-0293,Elite Choco Brownie Cake,എലൈറ്റ് Choco Brownie കേക്ക്,Bakery,g,Fixed,45.00,52.00,140 g (₹45),140 g: ₹45 | 200 g: ₹60,https://aadutygzgrbexxuznqlr.supabase.co/storage/v1/object/public/item-images/elite/cake_brownie.png
69,ANG-BAK-0294,Elite Fruit N Nut Brownie Cake,എലൈറ്റ് Fruit N Nut Brownie കേക്ക്,Bakery,g,Fixed,45.00,52.00,140 g (₹45),140 g: ₹45 | 200 g: ₹60,https://aadutygzgrbexxuznqlr.supabase.co/storage/v1/object/public/item-images/elite/cake_fruit-n-nut-brownie-cake.png
70,ANG-BAK-0295,Elite Plum Pudding Cake,എലൈറ്റ് Plum Pudding കേക്ക്,Bakery,g,Fixed,120.00,138.00,330 g (₹120),330 g: ₹120 | 800 g: ₹260,https://aadutygzgrbexxuznqlr.supabase.co/storage/v1/object/public/item-images/elite/cake_plum_20pudding_20slice_20cake.png
71,ANG-BAK-0296,Elite Fruit Slice Cake,എലൈറ്റ് Fruit Slice കേക്ക്,Bakery,g,Fixed,45.00,52.00,140 g (₹45),140 g: ₹45 | 200 g: ₹60,https://aadutygzgrbexxuznqlr.supabase.co/storage/v1/object/public/item-images/elite/cake_fruit_20slice_20cake.png
72,ANG-BAK-0297,Elite Veg Choco Brownie Cake,എലൈറ്റ് Veg Choco Brownie കേക്ക്,Bakery,g,Fixed,45.00,52.00,140 g (₹45),140 g: ₹45 | 200 g: ₹60,https://aadutygzgrbexxuznqlr.supabase.co/storage/v1/object/public/item-images/elite/cake_veg_20brownie_2040g.png
73,ANG-BAK-0298,Elite Veg Milk Bar Cake,എലൈറ്റ് Veg Milk ബാർ കേക്ക്,Bakery,g,Fixed,45.00,52.00,140 g (₹45),140 g: ₹45 | 200 g: ₹60,https://aadutygzgrbexxuznqlr.supabase.co/storage/v1/object/public/item-images/elite/cake_veg_20milk_20bar_20cake_20_1_.png
74,ANG-BAK-0299,Elite Veg Orange Bar Cake,എലൈറ്റ് Veg ഓറഞ്ച് ബാർ കേക്ക്,Bakery,g,Fixed,45.00,52.00,140 g (₹45),140 g: ₹45 | 200 g: ₹60,https://aadutygzgrbexxuznqlr.supabase.co/storage/v1/object/public/item-images/elite/cake_veg_20orange_20bar_20cake_20_1_.png
75,ANG-BAK-0300,Elite Veg Banana Pudding,എലൈറ്റ് Veg Banana Pudding,Bakery,g,Fixed,45.00,52.00,140 g (₹45),140 g: ₹45 | 200 g: ₹60,https://aadutygzgrbexxuznqlr.supabase.co/storage/v1/object/public/item-images/elite/cake_veg_20banana_20pudding_20cake_20150g_20_1_.png
76,ANG-BAK-0301,Elite Veg Dates Pudding,എലൈറ്റ് Veg Dates Pudding,Bakery,g,Fixed,45.00,52.00,140 g (₹45),140 g: ₹45 | 200 g: ₹60,https://aadutygzgrbexxuznqlr.supabase.co/storage/v1/object/public/item-images/elite/cake_veg_20dates_20pudding_20cake150g_20_1_.png
77,ANG-BAK-0302,Elite VEG Jackfruit Pudding Cake,എലൈറ്റ് VEG Jackfruit Pudding കേക്ക്,Bakery,g,Fixed,45.00,52.00,140 g (₹45),140 g: ₹45 | 200 g: ₹60,https://aadutygzgrbexxuznqlr.supabase.co/storage/v1/object/public/item-images/elite/cake_veg_20jackfruit_20pudding_20cake_20140g.png
78,ANG-BAK-0303,Elite Veg carrot Pudding cake,എലൈറ്റ് Veg കാരറ്റ് പുഡ്ഡിംഗ് കേക്ക്,Bakery,g,Fixed,45.00,52.00,140 g (₹45),140 g: ₹45 | 200 g: ₹60,https://aadutygzgrbexxuznqlr.supabase.co/storage/v1/object/public/item-images/elite/cake_veg_20carrot_20pudding_20cake_20140g.png
79,ANG-BAK-0304,Elite Veg Plum Pudding,എലൈറ്റ് Veg Plum Pudding,Bakery,g,Fixed,120.00,138.00,330 g (₹120),330 g: ₹120 | 800 g: ₹260,https://aadutygzgrbexxuznqlr.supabase.co/storage/v1/object/public/item-images/elite/cake_veg-plum-pudding-oblong.png
80,ANG-BAK-0305,Elite Veg Vanilla Oblong Cake,എലൈറ്റ് Veg Vanilla Oblong കേക്ക്,Bakery,g,Fixed,45.00,52.00,140 g (₹45),140 g: ₹45 | 200 g: ₹60,https://aadutygzgrbexxuznqlr.supabase.co/storage/v1/object/public/item-images/elite/cake_veg-vanilla-oblong.png
81,ANG-BAK-0306,Elite Veg Plum Cake,എലൈറ്റ് Veg പ്ലം കേക്ക്,Bakery,g,Fixed,120.00,138.00,330 g (₹120),330 g: ₹120 | 800 g: ₹260,https://aadutygzgrbexxuznqlr.supabase.co/storage/v1/object/public/item-images/elite/cake_veg_20plum_20700g_20-_208906009993928_20-_20front.png
82,ANG-BAK-0307,Elite Veg Vanilla Cup Cake,എലൈറ്റ് Veg Vanilla കപ്പ് കേക്ക്,Bakery,g,Fixed,20.00,23.00,60 g (₹20),60 g: ₹20,https://aadutygzgrbexxuznqlr.supabase.co/storage/v1/object/public/item-images/elite/cake_veg_20vanilla_20cup_20cake_20_1_.png
83,ANG-BAK-0308,Elite Family Wonder,എലൈറ്റ് ഫാമിലി വണ്ടർ ബ്രെഡ്,Bakery,g,Fixed,45.00,52.00,400 g (₹45),400 g: ₹45,https://aadutygzgrbexxuznqlr.supabase.co/storage/v1/object/public/item-images/elite/bread___bun_1.png
84,ANG-BAK-0309,Elite Magic Sweet Bread,എലൈറ്റ് Magic Sweet ബ്രെഡ്,Bakery,g,Fixed,45.00,52.00,400 g (₹45),400 g: ₹45,https://aadutygzgrbexxuznqlr.supabase.co/storage/v1/object/public/item-images/elite/bread___bun_magic_20sweet_20bread_20400g.png
85,ANG-BAK-0310,Elite Tasty Delight,എലൈറ്റ് Tasty Delight,Bakery,g,Fixed,45.00,52.00,400 g (₹45),400 g: ₹45,https://aadutygzgrbexxuznqlr.supabase.co/storage/v1/object/public/item-images/elite/bread___bun_tasty_20delight_20bread_20300g.png
86,ANG-BAK-0311,Elite Tasty Treat,എലൈറ്റ് Tasty Treat,Bakery,g,Fixed,45.00,52.00,400 g (₹45),400 g: ₹45,https://aadutygzgrbexxuznqlr.supabase.co/storage/v1/object/public/item-images/elite/bread___bun_4.png
87,ANG-BAK-0312,Elite White Bread,എലൈറ്റ് വൈറ്റ് ബ്രെഡ്,Bakery,g,Fixed,45.00,52.00,400 g (₹45),400 g: ₹45,https://aadutygzgrbexxuznqlr.supabase.co/storage/v1/object/public/item-images/elite/bread___bun_4.png
88,ANG-BAK-0313,Elite Fruity Bread,എലൈറ്റ് Fruity ബ്രെഡ്,Bakery,g,Fixed,45.00,52.00,400 g (₹45),400 g: ₹45,https://aadutygzgrbexxuznqlr.supabase.co/storage/v1/object/public/item-images/elite/bread___bun_8.png
89,ANG-BAK-0314,Elite Magic sweet Bun,എലൈറ്റ് Magic സ്വീറ്റ് ബൺ,Bakery,g,Fixed,30.00,35.00,150 g (₹30),150 g: ₹30,https://aadutygzgrbexxuznqlr.supabase.co/storage/v1/object/public/item-images/elite/bread___bun_magic_20sweet_20bun.png
90,ANG-BAK-0315,Elite Vanilla Cream Bun Roll,എലൈറ്റ് Vanilla Cream ബൺ Roll,Bakery,g,Fixed,30.00,35.00,150 g (₹30),150 g: ₹30,https://aadutygzgrbexxuznqlr.supabase.co/storage/v1/object/public/item-images/elite/bread___bun_vanilla_20bun_20roll_20pack.png
91,ANG-BAK-0316,Elite Butterscotch Bunroll,എലൈറ്റ് Butterscotch Bunroll,Bakery,g,Fixed,30.00,35.00,150 g (₹30),150 g: ₹30,https://aadutygzgrbexxuznqlr.supabase.co/storage/v1/object/public/item-images/elite/bread___bun_butter_20scotch_20bun_20roll.png
92,ANG-BAK-0317,Elite Strawberry Bunroll,എലൈറ്റ് Strawberry Bunroll,Bakery,g,Fixed,30.00,35.00,150 g (₹30),150 g: ₹30,https://aadutygzgrbexxuznqlr.supabase.co/storage/v1/object/public/item-images/elite/bread___bun_strawberry.png
93,ANG-BAK-0318,Elite Half Cooked Chapathi,എലൈറ്റ് Half Cooked Chapathi,Bakery,g,Fixed,45.00,52.00,400 g (₹45),400 g: ₹45,https://aadutygzgrbexxuznqlr.supabase.co/storage/v1/object/public/item-images/elite/bread___bun_half_cooked_chapati_new.png
94,ANG-BAK-0319,Elite Half Cooked Poori,എലൈറ്റ് Half Cooked Poori,Bakery,g,Fixed,45.00,52.00,400 g (₹45),400 g: ₹45,https://aadutygzgrbexxuznqlr.supabase.co/storage/v1/object/public/item-images/elite/bread___bun_half-cooked-poori.png
95,ANG-BAK-0320,Elite HALF COOKED PAROTTA,എലൈറ്റ് HALF COOKED PAROTTA,Bakery,g,Fixed,45.00,52.00,400 g (₹45),400 g: ₹45,https://aadutygzgrbexxuznqlr.supabase.co/storage/v1/object/public/item-images/elite/bread___bun_hc_20parotta.png
96,ANG-BAK-0321,Elite HALF COOKED WHEAT PAROTTA,എലൈറ്റ് HALF COOKED WHEAT PAROTTA,Bakery,g,Fixed,45.00,52.00,400 g (₹45),400 g: ₹45,https://aadutygzgrbexxuznqlr.supabase.co/storage/v1/object/public/item-images/elite/bread___bun_wheat_20hc_20parotta_20_1_.png
97,ANG-BAK-0322,Aashirvaad Garlic & Coriander Naan,ആശീർവാദ് വെളുത്തുള്ളി മല്ലിയില നാൻ (ഫ്രോസൺ),Bakery,pack,Fixed,140.00,161.00,Pack of 5 Naans (400 g) (₹140),Pack of 5 Naans (400 g): ₹140 | Twin Pack (5 x 2): ₹270,https://aadutygzgrbexxuznqlr.supabase.co/storage/v1/object/public/item-images/demos/aashirvaad/aashirvaad_garlic_coriander_naan_1789406431226.webp
98,ANG-BAK-0323,Aashirvaad Malabar Paratha,ആശീർവാദ് മലബാർ പൊറോട്ട,Bakery,pack,Fixed,110.00,127.00,Pack of 5 Parathas (400 g) (₹110),Pack of 5 Parathas (400 g): ₹110 | Family Pack of 10 Parathas (800 g): ₹210,https://aadutygzgrbexxuznqlr.supabase.co/storage/v1/object/public/item-images/demos/aashirvaad/aashirvaad_malabar_paratha_1789406432199.webp
99,ANG-BAK-0324,Aashirvaad Aloo Paratha,ആശീർവാദ് ആലു പൊറോട്ട (ഫ്രോസൺ),Bakery,pack,Fixed,135.00,156.00,Pack of 4 Parathas (400 g) (₹135),Pack of 4 Parathas (400 g): ₹135 | Twin Pack (4 x 2): ₹260,https://aadutygzgrbexxuznqlr.supabase.co/storage/v1/object/public/item-images/demos/aashirvaad/aashirvaad_aloo_paratha_1789406432869.webp
100,ANG-BAK-0325,Aashirvaad Paneer Paratha,ആശീർവാദ് പനീർ പൊറോട്ട (ഫ്രോസൺ),Bakery,pack,Fixed,160.00,184.00,Pack of 4 Parathas (400 g) (₹160),Pack of 4 Parathas (400 g): ₹160 | Twin Pack (4 x 2): ₹310,https://aadutygzgrbexxuznqlr.supabase.co/storage/v1/object/public/item-images/demos/aashirvaad/aashirvaad_paneer_paratha_1789406433642.webp
101,ANG-BAK-0326,Aashirvaad Tandoori Naan,ആശീർവാദ് തന്തൂരി നാൻ (ഫ്രോസൺ),Bakery,pack,Fixed,130.00,150.00,Pack of 5 Naans (400 g) (₹130),Pack of 5 Naans (400 g): ₹130 | Twin Pack (5 x 2): ₹250,https://aadutygzgrbexxuznqlr.supabase.co/storage/v1/object/public/item-images/demos/aashirvaad/aashirvaad_tandoori_naan_1789406434380.webp
102,ANG-BAK-0327,Aashirvaad Ready To Cook Chapati,ആശീർവാദ് റെഡി ടു കുക്ക് ചപ്പാത്തി,Bakery,pack,Fixed,90.00,104.00,Pack of 10 Chapatis (350 g) (₹90),Pack of 10 Chapatis (350 g): ₹90 | Mega Pack of 20 Chapatis (700 g): ₹175,https://aadutygzgrbexxuznqlr.supabase.co/storage/v1/object/public/item-images/demos/aashirvaad/aashirvaad_ready_to_cook_chapati_1789406435166.webp
103,ANG-BEV-0001,Premium Dust Tea,ഡസ്റ്റ് ചായപ്പൊടി,Beverages,g,Fixed,0.00,,100g (₹0),100g: ₹0 | 250g: ₹0 | 500g: ₹0 | 1kg: ₹0,https://images.unsplash.com/photo-1576092768241-dec231879fc3?w=500&auto=format&fit=crop&q=80
104,ANG-BEV-0002,Strong Tea,സ്ട്രോങ്ങ് ചായപ്പൊടി,Beverages,g,Fixed,0.00,,100g (₹0),100g: ₹0 | 250g: ₹0 | 500g: ₹0 | 1kg: ₹0,https://images.unsplash.com/photo-1576092768241-dec231879fc3?w=500&auto=format&fit=crop&q=80
105,ANG-BEV-0003,Leaf Tea / Gold Tea,ലീഫ് ചായപ്പൊടി,Beverages,g,Fixed,0.00,,100g (₹0),100g: ₹0 | 250g: ₹0 | 500g: ₹0,https://images.unsplash.com/photo-1576092768241-dec231879fc3?w=500&auto=format&fit=crop&q=80
106,ANG-BEV-0004,Green Tea,ഗ്രീൻ ടീ,Beverages,pack,Fixed,0.00,,10 bags (₹0),10 bags: ₹0 | 25 bags: ₹0 | 50 bags: ₹0 | 100g: ₹0,https://images.unsplash.com/photo-1576092768241-dec231879fc3?w=500&auto=format&fit=crop&q=80
107,ANG-BEV-0005,Instant Coffee,ഇൻസ്റ്റന്റ് കോഫി,Beverages,g,Fixed,0.00,,25g (₹0),25g: ₹0 | 50g: ₹0 | 100g: ₹0 | 200g: ₹0,https://images.unsplash.com/photo-1514432324607-a09d9b4aefdd?w=500&auto=format&fit=crop&q=80
108,ANG-BEV-0006,Filter Coffee Powder,ഫിൽട്ടർ കോഫി പൊടി,Beverages,g,Fixed,0.00,,100g (₹0),100g: ₹0 | 200g: ₹0 | 500g: ₹0 | 1kg: ₹0,https://images.unsplash.com/photo-1514432324607-a09d9b4aefdd?w=500&auto=format&fit=crop&q=80
109,ANG-BEV-0007,Malt Nutrition Drink,മാൾട്ട് ഹെൽത്ത് ഡ്രിങ്ക്,Beverages,g,Fixed,0.00,,200g (₹0),200g: ₹0 | 400g: ₹0 | 500g: ₹0 | 750g: ₹0 | 1kg: ₹0,https://images.unsplash.com/photo-1548839140-29a749e1bc4e?w=500&auto=format&fit=crop&q=80
110,ANG-BEV-0008,Packaged Drinking Water,കുടിവെള്ളം,Beverages,L,Fixed,0.00,,500ml (₹0),500ml: ₹0 | 1L: ₹0 | 2L: ₹0 | 5L: ₹0 | 20L: ₹0,https://images.unsplash.com/photo-1548839140-29a749e1bc4e?w=500&auto=format&fit=crop&q=80
111,ANG-BEV-0009,Club Soda,,Beverages,ml,Fixed,0.00,,300ml (₹0),300ml: ₹0 | 750ml: ₹0 | 1L: ₹0,https://aadutygzgrbexxuznqlr.supabase.co/storage/v1/object/public/item-images/demos/demo_1789015504673_2slbps.avif
112,ANG-BEV-0011,Fresh Lime Juice,ഫ്രഷ് ലൈം ജ്യൂസ്,Beverages,ml,Manual,0.00,,300ml (₹0),300ml: ₹0 | 500ml: ₹0 | 1L: ₹0,https://images.unsplash.com/photo-1621506289937-a8e4df240d0b?w=500&auto=format&fit=crop&q=80
113,ANG-BEV-0168,Elanadu Mango Lassi Drink,എളനാട് മാംഗോ ലസ്സി,Beverages,ml,Fixed,25.00,29.00,200 ml (₹25),200 ml: ₹25,https://images.unsplash.com/photo-1572490122747-3968b75cc699?w=500&auto=format&fit=crop&q=80
114,ANG-BEV-0169,Elanadu Sweet Lassi Bottle,എളനാട് സ്വീറ്റ് ലസ്സി ബോട്ടിൽ,Beverages,ml,Fixed,20.00,23.00,200 ml (₹20),200 ml: ₹20,https://images.unsplash.com/photo-1572490122747-3968b75cc699?w=500&auto=format&fit=crop&q=80
115,ANG-BEV-0173,Elanadu Fresh Malai Paneer Block,എളനാട് Fresh Malai Paneer Block,Dairy,g,Fixed,95.00,110.00,200 g (₹95),200 g: ₹95,https://images.unsplash.com/photo-1631452180519-c014fe946bc7?w=500&auto=format&fit=crop&q=80
116,ANG-BEV-0174,Elanadu Instant Sip Up (Ice Lolly Pack),എളനാട് Instant Sip Up (Ice Lolly Pack),Desserts & Ice Creams,pack,Fixed,25.00,29.00,50 ml x 5 (₹25),50 ml x 5: ₹25,https://images.unsplash.com/photo-1497034825429-c343d7c6a68f?w=500&auto=format&fit=crop&q=80
117,ANG-BEV-0175,Elanadu Fresh Dairy Khoya / Mawa,എളനാട് Fresh Dairy Khoya / Mawa,Dairy,g,Fixed,90.00,104.00,200 g (₹90),200 g: ₹90,https://images.unsplash.com/photo-1599488615731-7e5c2823ff28?w=500&auto=format&fit=crop&q=80
118,ANG-BEV-1270,Eastern Chukku Kappi Powder,,Beverages,kg,Fixed,,,100 g (₹45),100 g: ₹45,https://aadutygzgrbexxuznqlr.supabase.co/storage/v1/object/public/item-images/eastern/chukku-kappi-powder.jpg
119,ANG-BEV-1271,Eastern Pure Coffee Powder,,Beverages,kg,Fixed,,,100 g (₹45),100 g: ₹45,https://aadutygzgrbexxuznqlr.supabase.co/storage/v1/object/public/item-images/eastern/pure-coffee-powder.jpg
120,ANG-BEV-1272,Eastern Adimali Kappi,,Beverages,kg,Fixed,,,100 g (₹45),100 g: ₹45,https://aadutygzgrbexxuznqlr.supabase.co/storage/v1/object/public/item-images/eastern/adimali-kappi.jpg
121,ANG-BEV-1273,Elite Chukku Kappi,എലൈറ്റ് ചുക്കുകാപ്പി,Beverages,g,Fixed,45.00,52.00,100 g (₹45),100 g: ₹45 | 200 g: ₹85,https://aadutygzgrbexxuznqlr.supabase.co/storage/v1/object/public/item-images/elite/instant_mix_chukku-kappi.png
122,ANG-BEV-1274,Tata Tea Classic Kannan Devan Tea,ടാറ്റാ ടീ കണ്ണൻ ദേവൻ ക്ലാസിക് ചായപ്പൊടി,Beverages,g,Fixed,38.00,44.00,250 g Pouch (₹91),100 g Pouch: ₹38 | 250 g Pouch: ₹91 | 500 g Pouch: ₹180 | 1 kg Pouch: ₹355,https://aadutygzgrbexxuznqlr.supabase.co/storage/v1/object/public/item-images/demos/tata_tea/tata_tea_classic_kannan_devan_1789407474600.webp
123,ANG-BEV-1275,7UP Original Lemon-Lime Soda,7അപ്പ് ലെമൺ ലൈം സോഡ,Beverages,L,Fixed,53.33,61.33,750ml Bottle (₹40),250ml Can: ₹35 | 500ml Bottle: ₹38 | 750ml Bottle: ₹40 | 1.25L Bottle: ₹65 | 2L Bottle: ₹95 | 2.25L Bottle: ₹100,https://aadutygzgrbexxuznqlr.supabase.co/storage/v1/object/public/item-images/demos/beverages/7up_original_lemon_lime_soda_1789453082768.png
124,ANG-BEV-1276,7UP Zero Sugar Lemon-Lime Soda,7അപ്പ് സീറോ ഷുഗർ ലെമൺ ലൈം സോഡ,Beverages,L,Fixed,53.33,61.33,750ml Bottle (₹40),250ml Can: ₹35 | 500ml Bottle: ₹38 | 750ml Bottle: ₹40,https://aadutygzgrbexxuznqlr.supabase.co/storage/v1/object/public/item-images/demos/beverages/7up_zero_sugar_lemon_lime_soda_1789453085092.png
125,ANG-BEV-1277,7UP Pink Lemonade Zero Sugar,7അപ്പ് പിങ്ക് ലെമണേഡ് സീറോ ഷുഗർ,Beverages,L,Fixed,160.00,184.00,250ml Can (₹40),250ml Can: ₹40 | 330ml Can: ₹60 | 500ml Bottle: ₹45,https://aadutygzgrbexxuznqlr.supabase.co/storage/v1/object/public/item-images/demos/beverages/7up_pink_lemonade_zero_sugar_1789453086400.png
126,ANG-BEV-1278,7UP Nimbooz Real Lemon Juice Drink,7അപ്പ് നിമ്പൂസ് റിയൽ ലെമൺ ജ്യൂസ്,Beverages,L,Fixed,66.67,76.67,350ml Bottle (₹25),250ml Tetra Pack: ₹20 | 350ml Bottle: ₹25 | 600ml Bottle: ₹40,https://aadutygzgrbexxuznqlr.supabase.co/storage/v1/object/public/item-images/demos/beverages/7up_nimbooz_real_lemon_juice_d_1789453087656.png
127,ANG-BEV-1279,Pepsi Cola Original Soft Drink,പെപ്സി ഒറിജിനൽ കോള സോഫ്റ്റ്‌ ഡ്രിങ്ക്,Beverages,L,Fixed,53.33,61.33,750ml Bottle (₹40),250ml Can: ₹35 | 500ml Bottle: ₹38 | 750ml Bottle: ₹40 | 1.25L Bottle: ₹65 | 2L Bottle: ₹95 | 2.25L Bottle: ₹100,https://aadutygzgrbexxuznqlr.supabase.co/storage/v1/object/public/item-images/demos/beverages/pepsi_cola_original_soft_drink_1789453089774.png
128,ANG-BEV-1280,Pepsi Zero Sugar Cola Soft Drink,പെപ്സി സീറോ ഷുഗർ / പെപ്സി ബ്ലാക്ക്,Beverages,L,Fixed,53.33,61.33,250ml Can (₹35),250ml Can: ₹35 | 500ml Bottle: ₹38 | 750ml Bottle: ₹40,https://aadutygzgrbexxuznqlr.supabase.co/storage/v1/object/public/item-images/demos/beverages/pepsi_zero_sugar_cola_soft_dri_1789453091456.png
129,ANG-BEV-1281,Diet Pepsi Soft Drink,ഡയറ്റ് പെപ്സി സോഫ്റ്റ്‌ ഡ്രിങ്ക്,Beverages,L,Fixed,80.00,92.00,250ml Can (₹40),250ml Can: ₹40 | 300ml Can: ₹45 | 500ml Bottle: ₹40,https://aadutygzgrbexxuznqlr.supabase.co/storage/v1/object/public/item-images/demos/beverages/diet_pepsi_soft_drink_1789453093480.png
130,ANG-BEV-1282,Pepsi Wild Cherry Flavoured Cola,പെപ്സി വൈൽഡ് ചെറി ഫ്ലേവർഡ് കോള,Beverages,L,Fixed,180.00,207.00,250ml Can (₹45),250ml Can: ₹45 | 355ml Can: ₹70,https://aadutygzgrbexxuznqlr.supabase.co/storage/v1/object/public/item-images/demos/beverages/pepsi_wild_cherry_flavoured_co_1789453095173.png
131,ANG-BEV-1283,Pepsi-Cola Real Sugar Soft Drink,പെപ്സി കോള റിയൽ ഷുഗർ,Beverages,L,Fixed,151.51,174.24,330ml Glass Bottle (₹50),330ml Glass Bottle: ₹50 | 355ml Can: ₹75,https://aadutygzgrbexxuznqlr.supabase.co/storage/v1/object/public/item-images/demos/beverages/pepsi_cola_real_sugar_soft_dri_1789453097087.png
132,ANG-BEV-1284,Mountain Dew Original Citrus Soft Drink,മൗണ്ടൻ ഡ്യൂ സിട്രസ് സോഫ്റ്റ്‌ ഡ്രിങ്ക്,Beverages,L,Fixed,53.33,61.33,750ml Bottle (₹40),250ml Can: ₹35 | 500ml Bottle: ₹38 | 750ml Bottle: ₹40 | 1.25L Bottle: ₹65 | 2L Bottle: ₹95 | 2.25L Bottle: ₹100,https://aadutygzgrbexxuznqlr.supabase.co/storage/v1/object/public/item-images/demos/beverages/mountain_dew_original_citrus_s_1789453099197.png
133,ANG-BEV-1285,Mountain Dew Zero Sugar Citrus Drink,മൗണ്ടൻ ഡ്യൂ സീറോ ഷുഗർ,Beverages,L,Fixed,53.33,61.33,250ml Can (₹35),250ml Can: ₹35 | 500ml Bottle: ₹38 | 750ml Bottle: ₹40,https://aadutygzgrbexxuznqlr.supabase.co/storage/v1/object/public/item-images/demos/beverages/mountain_dew_zero_sugar_citrus_1789453100744.png
134,ANG-BEV-1286,Mountain Dew Baja Blast Tropical Lime Drink,മൗണ്ടൻ ഡ്യൂ ബാജ ബ്ലാസ്റ്റ് ട്രോപ്പിക്കൽ ലൈം,Beverages,L,Fixed,180.00,207.00,250ml Can (₹45),250ml Can: ₹45 | 355ml Can: ₹75 | 591ml Bottle: ₹95,https://aadutygzgrbexxuznqlr.supabase.co/storage/v1/object/public/item-images/demos/beverages/mountain_dew_baja_blast_tropic_1789453102357.png
135,ANG-BEV-1287,Mountain Dew Baja Blast Zero Sugar,മൗണ്ടൻ ഡ്യൂ ബാജ ബ്ലാസ്റ്റ് സീറോ ഷുഗർ,Beverages,L,Fixed,211.26,242.95,355ml Can (₹75),355ml Can: ₹75 | 591ml Bottle: ₹95,https://aadutygzgrbexxuznqlr.supabase.co/storage/v1/object/public/item-images/demos/beverages/mountain_dew_baja_blast_zero_s_1789453103725.png
136,ANG-BEV-1288,Mountain Dew Code Red Cherry Flavoured Soda,മൗണ്ടൻ ഡ്യൂ കോഡ് റെഡ് ചെറി ഫ്ലേവർ,Beverages,L,Fixed,211.26,242.95,355ml Can (₹75),355ml Can: ₹75 | 500ml Bottle: ₹80,https://aadutygzgrbexxuznqlr.supabase.co/storage/v1/object/public/item-images/demos/beverages/mountain_dew_code_red_cherry_f_1789453105267.png
137,ANG-BEV-1289,Mountain Dew Voltage Raspberry Citrus Soda,മൗണ്ടൻ ഡ്യൂ വോൾട്ടേജ് റാസ്പ്ബെറി സിട്രസ്,Beverages,L,Fixed,211.26,242.95,355ml Can (₹75),355ml Can: ₹75 | 500ml Bottle: ₹80,https://aadutygzgrbexxuznqlr.supabase.co/storage/v1/object/public/item-images/demos/beverages/mountain_dew_voltage_raspberry_1789453107292.png
138,ANG-BEV-1290,Mountain Dew Diet Dew Citrus Drink,ഡയറ്റ് മൗണ്ടൻ ഡ്യൂ സിട്രസ് ഡ്രിങ്ക്,Beverages,L,Fixed,211.26,242.95,355ml Can (₹75),355ml Can: ₹75 | 500ml Bottle: ₹80,https://aadutygzgrbexxuznqlr.supabase.co/storage/v1/object/public/item-images/demos/beverages/mountain_dew_diet_dew_citrus_d_1789453109194.png
139,ANG-BEV-1291,Coca-Cola Original Taste Cola,കൊക്കക്കോള ഒറിജിനൽ ടേസ്റ്റ് കോള,Beverages,L,Fixed,53.33,61.33,750ml Bottle (₹40),250ml Can: ₹35 | 300ml Can: ₹40 | 500ml Bottle: ₹38 | 750ml Bottle: ₹40 | 1.25L Bottle: ₹65 | 2L Bottle: ₹95 | 2.25L Bottle: ₹100,https://aadutygzgrbexxuznqlr.supabase.co/storage/v1/object/public/item-images/demos/beverages/coca_cola_original_taste_cola_1789453110770.webp
140,ANG-BEV-1292,Coca-Cola Zero Sugar Soft Drink,കൊക്കക്കോള സീറോ ഷുഗർ സോഫ്റ്റ്‌ ഡ്രിങ്ക്,Beverages,L,Fixed,53.33,61.33,250ml Can (₹35),250ml Can: ₹35 | 300ml Can: ₹40 | 750ml Bottle: ₹40,https://aadutygzgrbexxuznqlr.supabase.co/storage/v1/object/public/item-images/demos/beverages/coca_cola_zero_sugar_soft_drin_1789453111978.webp
141,ANG-BEV-1293,Diet Coke Soft Drink,ഡയറ്റ് കോക്ക് സോഫ്റ്റ്‌ ഡ്രിങ്ക്,Beverages,L,Fixed,60.00,69.00,250ml Can (₹40),250ml Can: ₹40 | 300ml Can: ₹45 | 750ml Bottle: ₹45,https://aadutygzgrbexxuznqlr.supabase.co/storage/v1/object/public/item-images/demos/beverages/diet_coke_soft_drink_1789453113661.webp
142,ANG-BEV-1294,Sprite Lemon-Lime Flavoured Drink,സ്പ്രൈറ്റ് ലെമൺ ലൈം സോഫ്റ്റ്‌ ഡ്രിങ്ക്,Beverages,L,Fixed,53.33,61.33,750ml Bottle (₹40),250ml Can: ₹35 | 300ml Can: ₹40 | 500ml Bottle: ₹38 | 750ml Bottle: ₹40 | 1.25L Bottle: ₹65 | 2L Bottle: ₹95 | 2.25L Bottle: ₹100,https://aadutygzgrbexxuznqlr.supabase.co/storage/v1/object/public/item-images/demos/beverages/sprite_lemon_lime_flavoured_dr_1789453115489.webp
143,ANG-BEV-1295,Thums Up Charged Fizzy Cola,തംസ് അപ്പ് ചാർജ്ഡ് ഫിസ്സി കോള,Beverages,L,Fixed,53.33,61.33,750ml Bottle (₹40),250ml Can: ₹35 | 300ml Can: ₹40 | 500ml Bottle: ₹38 | 750ml Bottle: ₹40 | 1.25L Bottle: ₹65 | 2L Bottle: ₹95 | 2.25L Bottle: ₹100,https://aadutygzgrbexxuznqlr.supabase.co/storage/v1/object/public/item-images/demos/beverages/thums_up_charged_fizzy_cola_1789453117844.webp
144,ANG-BEV-1296,Thums Up X-Force Strong Fizzy Cola,തംസ് അപ്പ് എക്സ്-ഫോഴ്സ് കോള,Beverages,L,Fixed,60.00,69.00,500ml Bottle (₹40),250ml Can: ₹35 | 500ml Bottle: ₹40 | 750ml Bottle: ₹45,https://aadutygzgrbexxuznqlr.supabase.co/storage/v1/object/public/item-images/demos/beverages/thums_up_x_force_strong_fizzy__1789453120187.webp
145,ANG-BEV-1297,Limca Lemon & Lime Flavoured Drink,ലിംക ലെമൺ & ലൈം ഫ്ലേവർഡ് ഡ്രിങ്ക്,Beverages,L,Fixed,53.33,61.33,750ml Bottle (₹40),250ml Can: ₹35 | 300ml Can: ₹40 | 500ml Bottle: ₹38 | 750ml Bottle: ₹40 | 1.25L Bottle: ₹65 | 2L Bottle: ₹95,https://aadutygzgrbexxuznqlr.supabase.co/storage/v1/object/public/item-images/demos/beverages/limca_lemon_lime_flavoured_dri_1789453121797.webp
146,ANG-BEV-1298,Fanta Orange Flavoured Drink,ഫാന്റാ ഓറഞ്ച് ഫ്ലേവർഡ് ഡ്രിങ്ക്,Beverages,L,Fixed,53.33,61.33,750ml Bottle (₹40),250ml Can: ₹35 | 300ml Can: ₹40 | 500ml Bottle: ₹38 | 750ml Bottle: ₹40 | 1.25L Bottle: ₹65 | 2L Bottle: ₹95 | 2.25L Bottle: ₹100,https://aadutygzgrbexxuznqlr.supabase.co/storage/v1/object/public/item-images/demos/beverages/fanta_orange_flavoured_drink_1789453123516.webp
147,ANG-BEV-1299,Fanta Apple Delite Fizzy Drink,ഫാന്റാ ആപ്പിൾ ഡിലൈറ്റ് ഫിസ്സി ഡ്രിങ്ക്,Beverages,L,Fixed,53.33,61.33,750ml Bottle (₹40),250ml Can: ₹35 | 500ml Bottle: ₹38 | 750ml Bottle: ₹40,https://aadutygzgrbexxuznqlr.supabase.co/storage/v1/object/public/item-images/demos/beverages/fanta_apple_delite_fizzy_drink_1789453125090.webp
148,ANG-BEV-1300,Maaza Real Mango Juice Drink,മാസ മാമ്പഴ ജ്യൂസ് ഡ്രിങ്ക്,Beverages,L,Fixed,70.00,80.50,600ml Bottle (₹42),150ml Tetra Pack: ₹15 | 250ml Bottle: ₹20 | 600ml Bottle: ₹42 | 1.2L Bottle: ₹75,https://aadutygzgrbexxuznqlr.supabase.co/storage/v1/object/public/item-images/demos/beverages/maaza_real_mango_juice_drink_1789453127117.webp
149,ANG-BEV-1301,Minute Maid Pulpy Orange Juice Drink,മിനിറ്റ് മെയ്ഡ് പൾപ്പി ഓറഞ്ച് ജ്യൂസ്,Beverages,L,Fixed,85.00,97.75,400ml Bottle (₹38),250ml Bottle: ₹25 | 400ml Bottle: ₹38 | 1L Bottle: ₹85,https://aadutygzgrbexxuznqlr.supabase.co/storage/v1/object/public/item-images/demos/beverages/minute_maid_pulpy_orange_juice_1789453128855.webp
150,ANG-BEV-1302,Minute Maid Honey Infused Apple Juice,മിനിറ്റ് മെയ്ഡ് ഹണി ഇൻഫ്യൂസ്ഡ് ആപ്പിൾ ജ്യൂസ്,Beverages,L,Fixed,110.00,126.50,150ml Tetra Pack (₹20),150ml Tetra Pack: ₹20 | 1L Tetra Pack: ₹110,https://aadutygzgrbexxuznqlr.supabase.co/storage/v1/object/public/item-images/demos/beverages/minute_maid_honey_infused_appl_1789453130535.webp
151,ANG-BEV-1303,Minute Maid Honey Infused Guava Juice,മിനിറ്റ് മെയ്ഡ് ഹണി ഇൻഫ്യൂസ്ഡ് ഗ്വാവ ജ്യൂസ്,Beverages,L,Fixed,110.00,126.50,150ml Tetra Pack (₹20),150ml Tetra Pack: ₹20 | 1L Tetra Pack: ₹110,https://aadutygzgrbexxuznqlr.supabase.co/storage/v1/object/public/item-images/demos/beverages/minute_maid_honey_infused_guav_1789453132485.webp
152,ANG-BEV-1304,Minute Maid Honey Infused Mixed Fruit Juice,മിനിറ്റ് മെയ്ഡ് ഹണി ഇൻഫ്യൂസ്ഡ് മിക്സഡ് ഫ്രൂട്ട് ജ്യൂസ്,Beverages,L,Fixed,110.00,126.50,150ml Tetra Pack (₹20),150ml Tetra Pack: ₹20 | 1L Tetra Pack: ₹110,https://aadutygzgrbexxuznqlr.supabase.co/storage/v1/object/public/item-images/demos/beverages/minute_maid_honey_infused_mixe_1789453134330.webp
153,ANG-BEV-1305,Minute Maid Vita Punch Apple Berry Drink,മിനിറ്റ് മെയ്ഡ് വീറ്റാ പഞ്ച് ആപ്പിൾ ബെറി,Beverages,L,Fixed,125.00,143.75,150ml Tetra Pack (₹20),150ml Tetra Pack: ₹20 | 200ml Tetra Pack: ₹25,https://aadutygzgrbexxuznqlr.supabase.co/storage/v1/object/public/item-images/demos/beverages/minute_maid_vita_punch_apple_b_1789453135959.webp
154,ANG-BEV-1306,Minute Maid Vita Punch Mixed Fruit Drink,മിനിറ്റ് മെയ്ഡ് വീറ്റാ പഞ്ച് മിക്സഡ് ഫ്രൂട്ട്,Beverages,L,Fixed,125.00,143.75,150ml Tetra Pack (₹20),150ml Tetra Pack: ₹20 | 200ml Tetra Pack: ₹25,https://aadutygzgrbexxuznqlr.supabase.co/storage/v1/object/public/item-images/demos/beverages/minute_maid_vita_punch_mixed_f_1789453137889.webp
155,ANG-BEV-1307,Kinley Packaged Drinking Water,കിൻലെ പാക്കേജ്ഡ് ഡ്രിങ്കിംഗ് വാട്ടർ,Beverages,L,Fixed,20.00,23.00,1L Bottle (₹20),500ml Bottle: ₹10 | 1L Bottle: ₹20 | 2L Bottle: ₹30 | 20L Can: ₹90,https://aadutygzgrbexxuznqlr.supabase.co/storage/v1/object/public/item-images/demos/beverages/kinley_packaged_drinking_water_1789453139357.webp
156,ANG-BEV-1308,Kinley Club Soda,കിൻലെ ക്ലബ്ബ് സോഡ,Beverages,L,Fixed,26.67,30.67,750ml Bottle (₹20),250ml Can: ₹20 | 500ml Bottle: ₹15 | 750ml Bottle: ₹20,https://aadutygzgrbexxuznqlr.supabase.co/storage/v1/object/public/item-images/demos/beverages/kinley_club_soda_1789453141095.webp
157,ANG-BEV-1309,Kinley Copper Extra Mineral Water,കിൻലെ കോപ്പർ മിനറൽ വാട്ടർ,Beverages,L,Fixed,25.00,28.75,1L Bottle (₹25),500ml Bottle: ₹15 | 1L Bottle: ₹25,https://aadutygzgrbexxuznqlr.supabase.co/storage/v1/object/public/item-images/demos/beverages/kinley_copper_extra_mineral_wa_1789453142787.webp
158,ANG-BIS-0001,Butter Cookies,ബട്ടർ കുക്കീസ്,Biscuits & Cookies,g,Fixed,0.00,,50g (₹0),50g: ₹0 | 100g: ₹0 | 200g: ₹0 | 250g: ₹0 | 500g: ₹0,https://images.unsplash.com/photo-1499636136210-6f4ee915583e?w=500&auto=format&fit=crop&q=80
159,ANG-BIS-0003,Pista Badam Cookies,പിസ്ത ബദാം കുക്കീസ്,Biscuits & Cookies,g,Fixed,0.00,,50g (₹0),50g: ₹0 | 100g: ₹0 | 200g: ₹0,https://images.unsplash.com/photo-1499636136210-6f4ee915583e?w=500&auto=format&fit=crop&q=80
160,ANG-BIS-0004,Marie Biscuits,മേരി ബിസ്ക്കറ്റ്,Biscuits & Cookies,g,Fixed,0.00,,120g (₹0),120g: ₹0 | 200g: ₹0 | 250g: ₹0 | 300g: ₹0 | 1kg: ₹0,https://images.unsplash.com/photo-1499636136210-6f4ee915583e?w=500&auto=format&fit=crop&q=80
161,ANG-BIS-0005,Glucose Biscuits,ഗ്ലൂക്കോസ് ബിസ്ക്കറ്റ്,Biscuits & Cookies,g,Fixed,0.00,,50g (₹0),50g: ₹0 | 100g: ₹0 | 200g: ₹0 | 250g: ₹0 | 800g: ₹0 | 1kg: ₹0,https://images.unsplash.com/photo-1499636136210-6f4ee915583e?w=500&auto=format&fit=crop&q=80
162,ANG-BIS-0006,Milk Biscuits,മിൽക്ക് ബിസ്ക്കറ്റ്,Biscuits & Cookies,g,Fixed,0.00,,60g (₹0),60g: ₹0 | 100g: ₹0 | 200g: ₹0 | 250g: ₹0,https://images.unsplash.com/photo-1499636136210-6f4ee915583e?w=500&auto=format&fit=crop&q=80
163,ANG-BIS-0008,Salted Crackers,സാൾട്ട് ക്രാക്കേഴ്സ്,Biscuits & Cookies,g,Fixed,0.00,,50g (₹0),50g: ₹0 | 75g: ₹0 | 100g: ₹0 | 200g: ₹0 | 250g: ₹0,https://images.unsplash.com/photo-1499636136210-6f4ee915583e?w=500&auto=format&fit=crop&q=80
164,ANG-BIS-0009,Bourbon Cream Biscuits,ബോർബൺ ക്രീം ബിസ്ക്കറ്റ്,Biscuits & Cookies,g,Fixed,0.00,,60g (₹0),60g: ₹0 | 120g: ₹0 | 150g: ₹0 | 250g: ₹0,https://images.unsplash.com/photo-1499636136210-6f4ee915583e?w=500&auto=format&fit=crop&q=80
165,ANG-BIS-0010,Digestive Biscuits,ഡൈജസ്റ്റീവ് ബിസ്ക്കറ്റ്,Biscuits & Cookies,g,Fixed,0.00,,100g (₹0),100g: ₹0 | 200g: ₹0 | 250g: ₹0 | 500g: ₹0 | 1kg: ₹0,https://images.unsplash.com/photo-1499636136210-6f4ee915583e?w=500&auto=format&fit=crop&q=80
166,ANG-BIS-0011,Jim Jam Biscuits,ജിം ജാം ബിസ്ക്കറ്റ്,Biscuits & Cookies,g,Fixed,0.00,,50g (₹0),50g: ₹0 | 100g: ₹0 | 150g: ₹0 | 200g: ₹0,https://images.unsplash.com/photo-1499636136210-6f4ee915583e?w=500&auto=format&fit=crop&q=80
167,ANG-BIS-0012,Little Hearts,ലിറ്റിൽ ഹാർട്ട്സ്,Biscuits & Cookies,g,Fixed,0.00,,35g (₹0),35g: ₹0 | 75g: ₹0 | 150g: ₹0,https://images.unsplash.com/photo-1601050690597-df0568f70950?w=500&auto=format&fit=crop&q=80
168,ANG-BIS-0013,Choco Fills Cookies,ചോക്കോ ഫിൽസ് കുക്കീസ്,Biscuits & Cookies,g,Fixed,0.00,,75g (₹0),75g: ₹0 | 150g: ₹0 | 300g: ₹0,https://images.unsplash.com/photo-1499636136210-6f4ee915583e?w=500&auto=format&fit=crop&q=80
169,ANG-BIS-0014,Chocolate Chip Cookies,ചോക്ലേറ്റ് ചിപ്പ് കുക്കീസ്,Biscuits & Cookies,g,Fixed,0.00,,50g (₹0),50g: ₹0 | 100g: ₹0 | 120g: ₹0 | 200g: ₹0,https://images.unsplash.com/photo-1499636136210-6f4ee915583e?w=500&auto=format&fit=crop&q=80
170,ANG-BIS-0015,Cream Biscuits (Assorted),ക്രീം ബിസ്ക്കറ്റ്,Biscuits & Cookies,g,Fixed,0.00,,50g (₹0),50g: ₹0 | 100g: ₹0 | 120g: ₹0 | 200g: ₹0,https://images.unsplash.com/photo-1499636136210-6f4ee915583e?w=500&auto=format&fit=crop&q=80
171,ANG-BIS-0016,Sandwich Cream Cookies (Vanilla/Chocolate),സാൻഡ്വിച്ച് ക്രീം കുക്കീസ്,Biscuits & Cookies,g,Fixed,0.00,,50g (₹0),50g: ₹0 | 100g: ₹0 | 120g: ₹0 | 300g: ₹0,https://images.unsplash.com/photo-1499636136210-6f4ee915583e?w=500&auto=format&fit=crop&q=80
172,ANG-BIS-0017,Coconut Cookies,തെങ്ങ് കുക്കീസ് / കോക്കനട്ട് ബിസ്ക്കറ്റ്,Biscuits & Cookies,g,Fixed,0.00,,50g (₹0),50g: ₹0 | 100g: ₹0 | 150g: ₹0 | 200g: ₹0,https://images.unsplash.com/photo-1499636136210-6f4ee915583e?w=500&auto=format&fit=crop&q=80
173,ANG-BIS-0018,Milk Rusk,മിൽക്ക് റസ്ക്,Biscuits & Cookies,g,Fixed,0.00,,150g (₹0),150g: ₹0 | 200g: ₹0 | 300g: ₹0 | 400g: ₹0,https://images.unsplash.com/photo-1549931319-a545dcf3bc73?w=500&auto=format&fit=crop&q=80
174,ANG-BIS-0019,Local Bakery Butter Biscuits,നാടൻ ബട്ടർ ബിസ്ക്കറ്റ്,Biscuits & Cookies,g,Fixed,0.00,,100g (₹0),100g: ₹0 | 200g: ₹0 | 250g: ₹0 | 500g: ₹0 | 1kg: ₹0,https://images.unsplash.com/photo-1499636136210-6f4ee915583e?w=500&auto=format&fit=crop&q=80
175,ANG-BIS-0020,Local Bakery Salt Biscuits,നാടൻ ഉപ്പ് ബിസ്ക്കറ്റ്,Biscuits & Cookies,g,Fixed,0.00,,100g (₹0),100g: ₹0 | 200g: ₹0 | 250g: ₹0 | 500g: ₹0,https://images.unsplash.com/photo-1499636136210-6f4ee915583e?w=500&auto=format&fit=crop&q=80
176,ANG-BIS-0021,Local Bakery Ghee Biscuits (Nankhatai),നെയ്യ് ബിസ്ക്കറ്റ് (നാൻഖട്ടായ്),Biscuits & Cookies,g,Fixed,0.00,,100g (₹0),100g: ₹0 | 250g: ₹0 | 500g: ₹0,https://images.unsplash.com/photo-1499636136210-6f4ee915583e?w=500&auto=format&fit=crop&q=80
177,ANG-BIS-0022,Jeera Biscuits,ജീരക ബിസ്ക്കറ്റ്,Biscuits & Cookies,g,Fixed,0.00,,100g (₹0),100g: ₹0 | 200g: ₹0 | 250g: ₹0 | 500g: ₹0,https://images.unsplash.com/photo-1499636136210-6f4ee915583e?w=500&auto=format&fit=crop&q=80
178,ANG-BIS-0023,Elite Milk Rusk,എലൈറ്റ് മിൽക്ക് റസ്ക്,Biscuits & Cookies,g,Fixed,40.00,46.00,182 g (₹40),182 g: ₹40 | 300 g: ₹65,https://aadutygzgrbexxuznqlr.supabase.co/storage/v1/object/public/item-images/elite/baking_rusk_milk-rusk-182g-new.png
179,ANG-BIS-0024,Elite Classic Rusk,എലൈറ്റ് ക്ലാസിക് റസ്ക്,Biscuits & Cookies,g,Fixed,40.00,46.00,182 g (₹40),182 g: ₹40 | 300 g: ₹65,https://aadutygzgrbexxuznqlr.supabase.co/storage/v1/object/public/item-images/elite/baking_rusk_classic_20rusk.png
180,ANG-BIS-0025,Elite Elaichi Rusk,എലൈറ്റ് ഏലയ്ക്ക റസ്ക്,Biscuits & Cookies,g,Fixed,40.00,46.00,182 g (₹40),182 g: ₹40 | 300 g: ₹65,https://aadutygzgrbexxuznqlr.supabase.co/storage/v1/object/public/item-images/elite/baking_rusk_elaichi-rusk-182g-new.png
181,ANG-BIS-0026,Elite Pizza Rusk,എലൈറ്റ് പിസ്സ റസ്ക്,Biscuits & Cookies,g,Fixed,40.00,46.00,182 g (₹40),182 g: ₹40 | 300 g: ₹65,https://aadutygzgrbexxuznqlr.supabase.co/storage/v1/object/public/item-images/elite/baking_rusk_pizzaaa-rusk-100g.png
182,ANG-BIS-0027,Elite Cake Rusk,എലൈറ്റ് കേക്ക് റസ്ക്,Biscuits & Cookies,g,Fixed,40.00,46.00,182 g (₹40),182 g: ₹40 | 300 g: ₹65,https://aadutygzgrbexxuznqlr.supabase.co/storage/v1/object/public/item-images/elite/baking_rusk_cake-rusk-300g.png
183,ANG-BIS-0028,Elite Wheat Rusk,എലൈറ്റ് ഗോതമ്പ് റസ്ക്,Biscuits & Cookies,g,Fixed,40.00,46.00,182 g (₹40),182 g: ₹40 | 300 g: ₹65,https://aadutygzgrbexxuznqlr.supabase.co/storage/v1/object/public/item-images/elite/baking_rusk_wheat_20rusk_20200g.png
184,ANG-BIS-0029,Elite Jeera Rusk,എലൈറ്റ് ജീരക റസ്ക്,Biscuits & Cookies,g,Fixed,40.00,46.00,182 g (₹40),182 g: ₹40 | 300 g: ₹65,https://aadutygzgrbexxuznqlr.supabase.co/storage/v1/object/public/item-images/elite/baking_rusk_jeera_20rusk_20182.png
185,ANG-BIS-0030,Elite Rich Butter,എലൈറ്റ് റിച്ച് ബട്ടർ കുക്കീസ്,Biscuits & Cookies,g,Fixed,35.00,41.00,75 g (₹35),75 g: ₹35 | 150 g: ₹65,https://aadutygzgrbexxuznqlr.supabase.co/storage/v1/object/public/item-images/elite/snacks_rich-butter-cookies-duplex-75g.png
186,ANG-BIS-0031,Elite Cashew Almond,എലൈറ്റ് കശുവണ്ടി ബദാം കുക്കീസ്,Biscuits & Cookies,g,Fixed,35.00,41.00,75 g (₹35),75 g: ₹35 | 150 g: ₹65,https://aadutygzgrbexxuznqlr.supabase.co/storage/v1/object/public/item-images/elite/snacks_cashew-almond-cookies-duplex-75g.png
187,ANG-BIS-0032,Elite Choco Chips,എലൈറ്റ് ചോക്കോ ചിപ്സ് കുക്കീസ്,Biscuits & Cookies,g,Fixed,35.00,41.00,75 g (₹35),75 g: ₹35 | 150 g: ₹65,https://aadutygzgrbexxuznqlr.supabase.co/storage/v1/object/public/item-images/elite/snacks_chocochips-cookies-duplex-75g.png
188,ANG-BIS-0033,Elite Jowar Orange Flavoured Fills,എലൈറ്റ് Jowar Orange Flavoured ഫിൽസ്,Biscuits & Cookies,g,Fixed,35.00,41.00,75 g (₹35),75 g: ₹35 | 150 g: ₹65,https://aadutygzgrbexxuznqlr.supabase.co/storage/v1/object/public/item-images/elite/snacks_orange.png
189,ANG-BIS-0034,Elite Jowar Strawberry Flavoured Fills,എലൈറ്റ് Jowar Strawberry Flavoured ഫിൽസ്,Biscuits & Cookies,g,Fixed,35.00,41.00,75 g (₹35),75 g: ₹35 | 150 g: ₹65,https://aadutygzgrbexxuznqlr.supabase.co/storage/v1/object/public/item-images/elite/snacks_strawberry.png
190,ANG-BIS-0035,Elite Raggi Choco Fills,എലൈറ്റ് Raggi Choco ഫിൽസ്,Biscuits & Cookies,g,Fixed,35.00,41.00,75 g (₹35),75 g: ₹35 | 150 g: ₹65,https://aadutygzgrbexxuznqlr.supabase.co/storage/v1/object/public/item-images/elite/snacks_choco.png
191,ANG-DAI-0002,Full Cream Milk,ഫുൾ ക്രീം പാൽ,Dairy,ml,Fixed,0.00,,500ml (₹0),500ml: ₹0 | 1L: ₹0,https://images.unsplash.com/photo-1550583724-b2692b85b150?w=500&auto=format&fit=crop&q=80
192,ANG-DAI-0003,Cow Milk (Pasteurised),പശുവിൻ പാൽ,Dairy,ml,Fixed,0.00,,500ml (₹0),500ml: ₹0 | 1L: ₹0,https://images.unsplash.com/photo-1550583724-b2692b85b150?w=500&auto=format&fit=crop&q=80
193,ANG-DAI-0004,Double Toned Milk,ഡബിൾ ടോൺഡ് പാൽ (സ്മാർട്ട് പാൽ),Dairy,ml,Fixed,0.00,,500ml (₹0),500ml: ₹0 | 1L: ₹0,https://images.unsplash.com/photo-1550583724-b2692b85b150?w=500&auto=format&fit=crop&q=80
194,ANG-DAI-0005,Curd / Pouch Curd,തൈര്,Dairy,g,Fixed,0.00,,200g (₹0),200g: ₹0 | 400g: ₹0 | 500g: ₹0 | 1kg: ₹0,https://images.unsplash.com/photo-1488477181946-6428a0291777?w=500&auto=format&fit=crop&q=80
195,ANG-DAI-0006,Set Curd,സെറ്റ് തൈര്,Dairy,g,Fixed,0.00,,200g (₹0),200g: ₹0 | 400g: ₹0 | 1kg: ₹0,https://images.unsplash.com/photo-1488477181946-6428a0291777?w=500&auto=format&fit=crop&q=80
196,ANG-DAI-0007,Buttermilk / Sambharam,സംഭാരം (മോര്),Dairy,ml,Fixed,0.00,,200ml (₹0),200ml: ₹0 | 500ml: ₹0 | 1L: ₹0,https://images.unsplash.com/photo-1589985270826-4b7bb135bc9d?w=500&auto=format&fit=crop&q=80
197,ANG-DAI-0009,Cooking Butter (Unsalted),വെള്ള വെണ്ണ (കുക്കിംഗ് ബട്ടർ),Dairy,g,Fixed,0.00,,100g (₹0),100g: ₹0 | 200g: ₹0 | 500g: ₹0 | 1kg: ₹0,https://images.unsplash.com/photo-1589985270826-4b7bb135bc9d?w=500&auto=format&fit=crop&q=80
198,ANG-DAI-0010,Pure Cow Ghee,പശുവിൻ നെയ്യ്,Dairy,ml,Fixed,0.00,,100ml (₹0),100ml: ₹0 | 200ml: ₹0 | 500ml: ₹0 | 1L: ₹0,https://images.unsplash.com/photo-1589301760014-d929f3979dbc?w=500&auto=format&fit=crop&q=80
199,ANG-DAI-0011,Paneer / Fresh Malai Paneer,പനീർ,Dairy,g,Fixed,0.00,,100g (₹0),100g: ₹0 | 200g: ₹0 | 500g: ₹0 | 1kg: ₹0,https://images.unsplash.com/photo-1631452180519-c014fe946bc7?w=500&auto=format&fit=crop&q=80
200,ANG-DAI-0012,Fresh Cream,ഫ്രഷ് ക്രീം,Dairy,ml,Fixed,0.00,,250ml (₹0),250ml: ₹0 | 1L: ₹0,https://images.unsplash.com/photo-1550583724-b2692b85b150?w=500&auto=format&fit=crop&q=80
201,ANG-DAI-0013,Flavoured Milk,ഫ്ലേവർഡ് പാൽ,Dairy,ml,Fixed,0.00,,200ml (₹0),200ml: ₹0 | 250ml: ₹0,https://images.unsplash.com/photo-1550583724-b2692b85b150?w=500&auto=format&fit=crop&q=80
202,ANG-DAI-0014,Lassi,ലസ്സി,Dairy,ml,Fixed,0.00,,200ml (₹0),200ml: ₹0 | 250ml: ₹0,https://images.unsplash.com/photo-1488477181946-6428a0291777?w=500&auto=format&fit=crop&q=80
203,ANG-DAI-0015,Milk Peda,പാൽ പേഡ,Dairy,g,Fixed,0.00,,100g (₹0),100g: ₹0 | 250g: ₹0 | 500g: ₹0,https://images.unsplash.com/photo-1599488615731-7e5c2823ff28?w=500&auto=format&fit=crop&q=80
204,ANG-DAI-0016,Condensed Milk,കണ്ടൻസ്ഡ് പാൽ,Dairy,g,Fixed,0.00,,200g (₹0),200g: ₹0 | 400g: ₹0,https://images.unsplash.com/photo-1550583724-b2692b85b150?w=500&auto=format&fit=crop&q=80
205,ANG-DAI-0017,Cheese Slices,ചീസ് സ്ലൈസുകൾ,Dairy,g,Fixed,0.00,,100g (₹0),100g: ₹0 | 200g: ₹0 | 400g: ₹0,https://images.unsplash.com/photo-1486297678162-eb2a19b0a32d?w=500&auto=format&fit=crop&q=80
206,ANG-DAI-0018,Mozzarella Pizza Cheese,മൊസറല്ല ചീസ്,Dairy,g,Fixed,0.00,,200g (₹0),200g: ₹0 | 500g: ₹0 | 1kg: ₹0,https://images.unsplash.com/photo-1486297678162-eb2a19b0a32d?w=500&auto=format&fit=crop&q=80
207,ANG-DAI-0019,Skimmed Milk Powder,പാൽപ്പൊടി,Dairy,g,Fixed,0.00,,200g (₹0),200g: ₹0 | 500g: ₹0 | 1kg: ₹0,https://images.unsplash.com/photo-1550583724-b2692b85b150?w=500&auto=format&fit=crop&q=80
208,ANG-DAI-0108,Milma Homogenised Toned Milk,മിൽമ ടോൺഡ് പാൽ,Dairy,ml,Fixed,28.00,33.00,500 ml (₹28),500 ml: ₹28,https://images.unsplash.com/photo-1550583724-b2692b85b150?w=500&auto=format&fit=crop&q=80
209,ANG-DAI-0109,Milma Smart (Double Toned Milk),മിൽമ ഡബിൾ ടോൺഡ് പാൽ (സ്മാർട്ട്),Dairy,ml,Fixed,25.00,29.00,500 ml (₹25),500 ml: ₹25,https://images.unsplash.com/photo-1550583724-b2692b85b150?w=500&auto=format&fit=crop&q=80
210,ANG-DAI-0110,Milma Rich (Full Cream Milk),മിൽമ ഫുൾ ക്രീം പാൽ (റിച്ച്),Dairy,ml,Fixed,32.00,37.00,500 ml (₹32),500 ml: ₹32,https://images.unsplash.com/photo-1550583724-b2692b85b150?w=500&auto=format&fit=crop&q=80
211,ANG-DAI-0111,Milma Lite UHT Long-Life Milk,മിൽമ യുഎച്ച്ടി പാൽ (ലൈറ്റ്),Dairy,ml,Fixed,35.00,41.00,500 ml (₹35),500 ml: ₹35,https://images.unsplash.com/photo-1550583724-b2692b85b150?w=500&auto=format&fit=crop&q=80
212,ANG-DAI-0112,Milma Pride Milk,മിൽമ പ്രൈഡ് പാൽ,Dairy,ml,Fixed,28.00,33.00,500 ml (₹28),500 ml: ₹28,https://images.unsplash.com/photo-1550583724-b2692b85b150?w=500&auto=format&fit=crop&q=80
213,ANG-DAI-0116,Milma Fresh Pasteurised Table Butter,മിൽമ ടേബിൾ ബട്ടർ (വെണ്ണ),Dairy,g,Fixed,58.00,67.00,100 g (₹58),100 g: ₹58,https://images.unsplash.com/photo-1589985270826-4b7bb135bc9d?w=500&auto=format&fit=crop&q=80
214,ANG-DAI-0117,Milma Cooking Butter (Unsalted),മിൽമ കുക്കിംഗ് ബട്ടർ (ഉപ്പില്ലാത്ത വെണ്ണ),Dairy,g,Fixed,270.00,311.00,500 g (₹270),500 g: ₹270,https://images.unsplash.com/photo-1589985270826-4b7bb135bc9d?w=500&auto=format&fit=crop&q=80
215,ANG-DAI-0118,Milma Toned Milk Curd Sachet,മിൽമ ടോൺഡ് തൈര്,Dairy,g,Fixed,35.00,41.00,500 g (₹35),500 g: ₹35,https://images.unsplash.com/photo-1488477181946-6428a0291777?w=500&auto=format&fit=crop&q=80
216,ANG-DAI-0119,Milma Set Curd Tub,മിൽമ സെറ്റ് തൈര് ടബ്ബ്,Dairy,g,Fixed,45.00,52.00,400 g (₹45),400 g: ₹45,https://images.unsplash.com/photo-1497034825429-c343d7c6a68f?w=500&auto=format&fit=crop&q=80
217,ANG-DAI-0120,Milma Sambharam (Spiced Buttermilk),മിൽമ സംഭാരം (മോര്),Dairy,ml,Fixed,10.00,12.00,200 ml (₹10),200 ml: ₹10,https://images.unsplash.com/photo-1589985270826-4b7bb135bc9d?w=500&auto=format&fit=crop&q=80
218,ANG-DAI-0121,Milma Kattimoru (Thick Buttermilk),മിൽമ കട്ടിമോര്,Dairy,ml,Fixed,18.00,21.00,500 ml (₹18),500 ml: ₹18,https://images.unsplash.com/photo-1589985270826-4b7bb135bc9d?w=500&auto=format&fit=crop&q=80
219,ANG-DAI-0122,Milma Sweet Lassi Bottle,മിൽമ സ്വീറ്റ് ലസ്സി ബോട്ടിൽ,Dairy,ml,Fixed,20.00,23.00,200 ml (₹20),200 ml: ₹20,https://images.unsplash.com/photo-1572490122747-3968b75cc699?w=500&auto=format&fit=crop&q=80
220,ANG-DAI-0123,Milma Mango Lassi,മിൽമ മാംഗോ ലസ്സി,Dairy,ml,Fixed,25.00,29.00,200 ml (₹25),200 ml: ₹25,https://images.unsplash.com/photo-1572490122747-3968b75cc699?w=500&auto=format&fit=crop&q=80
221,ANG-DAI-0132,Milma Flavoured Flavoured Milk (Chocolate/Pista/Badam),മിൽമ Flavoured Flavoured Milk (Chocolate/Pista/Badam),Dairy,ml,Fixed,30.00,35.00,200 ml (₹30),200 ml: ₹30,https://images.unsplash.com/photo-1606313564200-e75d5e30476c?w=500&auto=format&fit=crop&q=80
222,ANG-DAI-0133,Elanadu Fresh Cow Milk (Pasteurised),എളനാട് ശുദ്ധമായ പശുവിൻ പാൽ,Dairy,ml,Fixed,28.00,33.00,500 ml (₹28),500 ml: ₹28,https://images.unsplash.com/photo-1550583724-b2692b85b150?w=500&auto=format&fit=crop&q=80
223,ANG-DAI-0134,Elanadu Homogenised Toned Milk,എളനാട് ടോൺഡ് പാൽ,Dairy,ml,Fixed,27.00,32.00,500 ml (₹27),500 ml: ₹27 | 1 Litre: ₹54,https://images.unsplash.com/photo-1550583724-b2692b85b150?w=500&auto=format&fit=crop&q=80
224,ANG-DAI-0135,Elanadu Premium Rich Milk (Full Cream),എളനാട് റിച്ച് ഫുൾ ക്രീം പാൽ,Dairy,ml,Fixed,33.00,38.00,500 ml (₹33),500 ml: ₹33,https://images.unsplash.com/photo-1550583724-b2692b85b150?w=500&auto=format&fit=crop&q=80
225,ANG-DAI-0136,Elanadu Smart Milk (Double Toned),എളനാട് സ്മാർട്ട് ഡബിൾ ടോൺഡ് പാൽ,Dairy,ml,Fixed,25.00,29.00,500 ml (₹25),500 ml: ₹25,https://images.unsplash.com/photo-1550583724-b2692b85b150?w=500&auto=format&fit=crop&q=80
226,ANG-DAI-0137,Elanadu Skimmed Milk,എളനാട് സ്കിംഡ് പാൽ,Dairy,ml,Fixed,23.00,27.00,500 ml (₹23),500 ml: ₹23,https://images.unsplash.com/photo-1550583724-b2692b85b150?w=500&auto=format&fit=crop&q=80
227,ANG-DAI-0138,Elanadu Pride Cow Milk,എളനാട് പ്രൈഡ് പശുവിൻ പാൽ,Dairy,ml,Fixed,29.00,34.00,500 ml (₹29),500 ml: ₹29,https://images.unsplash.com/photo-1550583724-b2692b85b150?w=500&auto=format&fit=crop&q=80
228,ANG-DAI-0139,Elanadu UHT Long-Life Toned Milk,എളനാട് യുഎച്ച്ടി ടോൺഡ് പാൽ,Dairy,ml,Fixed,35.00,41.00,500 ml (₹35),500 ml: ₹35,https://images.unsplash.com/photo-1550583724-b2692b85b150?w=500&auto=format&fit=crop&q=80
229,ANG-DAI-0140,Elanadu UHT Long-Life Slim Milk,എളനാട് യുഎച്ച്ടി സ്ലിം പാൽ,Dairy,L,Fixed,70.00,81.00,1 Litre (₹70),1 Litre: ₹70,https://images.unsplash.com/photo-1550583724-b2692b85b150?w=500&auto=format&fit=crop&q=80
230,ANG-DAI-0141,Elanadu Golden Turmeric Milk Premix Drink,എളനാട് മഞ്ഞൾ പാൽ ഡ്രിങ്ക്,Dairy,ml,Fixed,30.00,35.00,200 ml (₹30),200 ml: ₹30,https://images.unsplash.com/photo-1550583724-b2692b85b150?w=500&auto=format&fit=crop&q=80
231,ANG-DAI-0142,Elanadu Pure Dairy Cream,എളനാട് ഡയറി ക്രീം,Dairy,g,Fixed,75.00,87.00,200 g (₹75),200 g: ₹75,https://images.unsplash.com/photo-1550583724-b2692b85b150?w=500&auto=format&fit=crop&q=80
232,ANG-DAI-0143,Elanadu Fresh Toned Milk Curd Sachet,എളനാട് Fresh Toned Milk Curd Sachet,Dairy,g,Fixed,35.00,41.00,500 g (₹35),500 g: ₹35,https://images.unsplash.com/photo-1488477181946-6428a0291777?w=500&auto=format&fit=crop&q=80
233,ANG-DAI-0144,Elanadu Double Toned Low Fat Curd,എളനാട് ലോ ഫാറ്റ് തൈര്,Dairy,g,Fixed,32.00,37.00,500 g (₹32),500 g: ₹32,https://images.unsplash.com/photo-1488477181946-6428a0291777?w=500&auto=format&fit=crop&q=80
234,ANG-DAI-0145,Elanadu Skimmed Milk Fat-Free Curd,എളനാട് ഫാറ്റ് ഫ്രീ തൈര്,Dairy,g,Fixed,30.00,35.00,400 g (₹30),400 g: ₹30,https://images.unsplash.com/photo-1488477181946-6428a0291777?w=500&auto=format&fit=crop&q=80
235,ANG-DAI-0146,Elanadu Premium Set Curd Tub,എളനാട് പ്രീമിയം സെറ്റ് തൈര്,Dairy,g,Fixed,45.00,52.00,400 g (₹45),400 g: ₹45,https://images.unsplash.com/photo-1497034825429-c343d7c6a68f?w=500&auto=format&fit=crop&q=80
236,ANG-DAI-0147,Elanadu Kattimoru (Thick Buttermilk),എളനാട് കട്ടിമോര്,Dairy,ml,Fixed,18.00,21.00,500 ml (₹18),500 ml: ₹18,https://images.unsplash.com/photo-1589985270826-4b7bb135bc9d?w=500&auto=format&fit=crop&q=80
237,ANG-DAI-0148,Elanadu Traditional Sambharam (Spiced Buttermilk),എളനാട് നാടൻ സംഭാരം (മോര്),Dairy,ml,Fixed,10.00,12.00,200 ml (₹10),200 ml: ₹10,https://images.unsplash.com/photo-1589985270826-4b7bb135bc9d?w=500&auto=format&fit=crop&q=80
238,ANG-DAI-0151,Elanadu Pasteurised Table Butter (Salted),എളനാട് പാസ്ചറൈസ്ഡ് ടേബിൾ ബട്ടർ,Dairy,g,Fixed,58.00,67.00,100 g (₹58),100 g: ₹58,https://images.unsplash.com/photo-1589985270826-4b7bb135bc9d?w=500&auto=format&fit=crop&q=80
239,ANG-DAI-0152,Elanadu Unsalted Cooking Butter,എളനാട് ഉപ്പില്ലാത്ത വെണ്ണ,Dairy,g,Fixed,275.00,317.00,500 g (₹275),500 g: ₹275,https://images.unsplash.com/photo-1589985270826-4b7bb135bc9d?w=500&auto=format&fit=crop&q=80
240,ANG-DAI-0153,Elanadu Fresh Mozzarella Cheese Block,എളനാട് ഫ്രഷ് മൊസറെല്ല ചീസ്,Dairy,g,Fixed,140.00,161.00,200 g (₹140),200 g: ₹140,https://images.unsplash.com/photo-1486297678162-eb2a19b0a32d?w=500&auto=format&fit=crop&q=80
241,ANG-DAI-0154,Elanadu Processed Cheese Slice Pack,എളനാട് ചീസ് സ്ലൈസ് പാക്ക്,Dairy,g,Fixed,130.00,150.00,200 g (₹130),200 g: ₹130,https://images.unsplash.com/photo-1486297678162-eb2a19b0a32d?w=500&auto=format&fit=crop&q=80
242,ANG-DAI-0167,Elanadu Rich Butter Cookies,എളനാട് റിച്ച് ബട്ടർ കുക്കീസ്,Dairy,g,Fixed,65.00,75.00,200 g (₹65),200 g: ₹65,https://images.unsplash.com/photo-1499636136210-6f4ee915583e?w=500&auto=format&fit=crop&q=80
243,ANG-DAI-0170,Elanadu Sterilised Flavoured Milk (Badam/Pista/Choco),എളനാട് Sterilised Flavoured Milk (Badam/Pista/Choco),Dairy,ml,Fixed,30.00,35.00,200 ml (₹30),200 ml: ₹30,https://images.unsplash.com/photo-1606313564200-e75d5e30476c?w=500&auto=format&fit=crop&q=80
244,ANG-DAI-0211,Butter Cup Cake,ബട്ടർ കപ്പ്കേക്ക്,Dairy,g,Fixed,10.00,12.00,30 g (₹10),30 g: ₹10,https://images.unsplash.com/photo-1576618148400-f54bed99fcfd?w=500&auto=format&fit=crop&q=80
245,ANG-DAI-0214,Butter Cup Cake 6 in 1,ബട്ടർ കപ്പ്കേക്ക് (6 എണ്ണം),Dairy,g,Fixed,60.00,69.00,180 g (₹60),180 g: ₹60,https://images.unsplash.com/photo-1576618148400-f54bed99fcfd?w=500&auto=format&fit=crop&q=80
246,ANG-DAI-0225,Butterscotch Pudding Cake,ബട്ടർസ്കോച്ച് പുഡ്ഡിംഗ് കേക്ക്,Dairy,g,Fixed,140.00,161.00,350 g (₹140),350 g: ₹140,https://images.unsplash.com/photo-1565958011703-44f9829ba187?w=500&auto=format&fit=crop&q=80
247,ANG-DAL-0371,BB Royal Toor Dal / Arhar Dal,,"Dals, Pulses & Beans",kg,Fixed,140.00,0.00,1 kg (₹140),1 kg: ₹140 | 500 g: ₹72,https://images.unsplash.com/photo-1515543237350-b3eea1ec8082?auto=format&fit=crop&w=600&q=80
248,ANG-DAL-0373,BB Royal Premium Desi Toor Dal,,"Dals, Pulses & Beans",kg,Fixed,152.00,0.00,1 kg (₹152),1 kg: ₹152,https://images.unsplash.com/photo-1515543237350-b3eea1ec8082?auto=format&fit=crop&w=600&q=80
249,ANG-DAL-0374,24 Mantra Organic Toor Dal,,"Dals, Pulses & Beans",kg,Fixed,178.00,0.00,1 kg (₹178),1 kg: ₹178 | 500 g: ₹92,https://images.unsplash.com/photo-1515543237350-b3eea1ec8082?auto=format&fit=crop&w=600&q=80
250,ANG-DAL-0376,Organic Tattva Toor Dal,,"Dals, Pulses & Beans",kg,Fixed,182.00,0.00,1 kg (₹182),1 kg: ₹182,https://images.unsplash.com/photo-1515543237350-b3eea1ec8082?auto=format&fit=crop&w=600&q=80
251,ANG-DAL-0379,BB Royal Yellow Moong Dal,,"Dals, Pulses & Beans",kg,Fixed,118.00,0.00,1 kg (₹118),1 kg: ₹118 | 500 g: ₹60,https://images.unsplash.com/photo-1515543237350-b3eea1ec8082?auto=format&fit=crop&w=600&q=80
252,ANG-DAL-0381,BB Royal Green Moong Split (Chilka),,"Dals, Pulses & Beans",kg,Fixed,112.00,0.00,1 kg (₹112),1 kg: ₹112 | 500 g: ₹58,https://images.unsplash.com/photo-1515543237350-b3eea1ec8082?auto=format&fit=crop&w=600&q=80
253,ANG-DAL-0383,BB Royal Green Moong Whole,,"Dals, Pulses & Beans",kg,Fixed,120.00,0.00,1 kg (₹120),1 kg: ₹120 | 500 g: ₹62,https://images.unsplash.com/photo-1515543237350-b3eea1ec8082?auto=format&fit=crop&w=600&q=80
254,ANG-DAL-0385,24 Mantra Organic Green Moong Whole,,"Dals, Pulses & Beans",kg,Fixed,148.00,0.00,1 kg (₹148),1 kg: ₹148,https://images.unsplash.com/photo-1515543237350-b3eea1ec8082?auto=format&fit=crop&w=600&q=80
255,ANG-DAL-0388,BB Royal Chana Dal,,"Dals, Pulses & Beans",kg,Fixed,80.00,0.00,1 kg (₹80),1 kg: ₹80 | 500 g: ₹41,https://images.unsplash.com/photo-1515543237350-b3eea1ec8082?auto=format&fit=crop&w=600&q=80
256,ANG-DAL-0390,24 Mantra Organic Chana Dal,,"Dals, Pulses & Beans",kg,Fixed,110.00,0.00,1 kg (₹110),1 kg: ₹110,https://images.unsplash.com/photo-1515543237350-b3eea1ec8082?auto=format&fit=crop&w=600&q=80
257,ANG-DAL-0391,BB Royal Roasted Chana Dal,,"Dals, Pulses & Beans",g,Fixed,58.00,0.00,500 g (₹58),500 g: ₹58 | 200 g: ₹24,https://images.unsplash.com/photo-1515543237350-b3eea1ec8082?auto=format&fit=crop&w=600&q=80
258,ANG-DAL-0395,BB Royal Urad Dal White Split,,"Dals, Pulses & Beans",kg,Fixed,135.00,0.00,1 kg (₹135),1 kg: ₹135 | 500 g: ₹69,https://images.unsplash.com/photo-1515543237350-b3eea1ec8082?auto=format&fit=crop&w=600&q=80
259,ANG-DAL-0397,BB Royal Urad Whole White (Gota),,"Dals, Pulses & Beans",kg,Fixed,142.00,0.00,1 kg (₹142),1 kg: ₹142 | 500 g: ₹73,https://images.unsplash.com/photo-1515543237350-b3eea1ec8082?auto=format&fit=crop&w=600&q=80
260,ANG-DAL-0399,BB Royal Urad Dal Black Split (Chilka),,"Dals, Pulses & Beans",kg,Fixed,122.00,0.00,1 kg (₹122),1 kg: ₹122,https://images.unsplash.com/photo-1515543237350-b3eea1ec8082?auto=format&fit=crop&w=600&q=80
261,ANG-DAL-0400,BB Royal Urad Whole Black (Karutha Uzhunnu),,"Dals, Pulses & Beans",kg,Fixed,125.00,0.00,1 kg (₹125),1 kg: ₹125 | 500 g: ₹64,https://images.unsplash.com/photo-1515543237350-b3eea1ec8082?auto=format&fit=crop&w=600&q=80
262,ANG-DAL-0402,24 Mantra Organic Urad Dal White Split,,"Dals, Pulses & Beans",kg,Fixed,165.00,0.00,1 kg (₹165),1 kg: ₹165,https://images.unsplash.com/photo-1515543237350-b3eea1ec8082?auto=format&fit=crop&w=600&q=80
263,ANG-DAL-0405,BB Royal Masoor Dal Red Split,,"Dals, Pulses & Beans",kg,Fixed,88.00,0.00,1 kg (₹88),1 kg: ₹88 | 500 g: ₹45,https://images.unsplash.com/photo-1515543237350-b3eea1ec8082?auto=format&fit=crop&w=600&q=80
264,ANG-DAL-0407,BB Royal Masoor Whole Black,,"Dals, Pulses & Beans",kg,Fixed,92.00,0.00,1 kg (₹92),1 kg: ₹92 | 500 g: ₹47,https://images.unsplash.com/photo-1515543237350-b3eea1ec8082?auto=format&fit=crop&w=600&q=80
265,ANG-DAL-0409,24 Mantra Organic Masoor Dal Split,,"Dals, Pulses & Beans",kg,Fixed,118.00,0.00,1 kg (₹118),1 kg: ₹118,https://images.unsplash.com/photo-1515543237350-b3eea1ec8082?auto=format&fit=crop&w=600&q=80
266,ANG-DAL-0412,BB Royal Kabuli Chana Big,,"Dals, Pulses & Beans",kg,Fixed,132.00,0.00,1 kg (₹132),1 kg: ₹132 | 500 g: ₹68,https://images.unsplash.com/photo-1515543237350-b3eea1ec8082?auto=format&fit=crop&w=600&q=80
267,ANG-DAL-0414,BB Royal Kala Chana (Kadala),,"Dals, Pulses & Beans",kg,Fixed,86.00,0.00,1 kg (₹86),1 kg: ₹86 | 500 g: ₹44,https://images.unsplash.com/photo-1515543237350-b3eea1ec8082?auto=format&fit=crop&w=600&q=80
268,ANG-DAL-0416,24 Mantra Organic Kabuli Chana,,"Dals, Pulses & Beans",kg,Fixed,160.00,0.00,1 kg (₹160),1 kg: ₹160,https://images.unsplash.com/photo-1515543237350-b3eea1ec8082?auto=format&fit=crop&w=600&q=80
269,ANG-DAL-0419,BB Royal Rajma Jammu / Chitra,,"Dals, Pulses & Beans",kg,Fixed,138.00,0.00,1 kg (₹138),1 kg: ₹138 | 500 g: ₹70,https://images.unsplash.com/photo-1515543237350-b3eea1ec8082?auto=format&fit=crop&w=600&q=80
270,ANG-DAL-0421,BB Royal Dark Red Rajma,,"Dals, Pulses & Beans",kg,Fixed,128.00,0.00,1 kg (₹128),1 kg: ₹128 | 500 g: ₹65,https://images.unsplash.com/photo-1515543237350-b3eea1ec8082?auto=format&fit=crop&w=600&q=80
271,ANG-DAL-0423,24 Mantra Organic Rajma Chitra,,"Dals, Pulses & Beans",kg,Fixed,162.00,0.00,1 kg (₹162),1 kg: ₹162,https://images.unsplash.com/photo-1515543237350-b3eea1ec8082?auto=format&fit=crop&w=600&q=80
272,ANG-DAL-0424,BB Royal White Peas (Vella Pattani),,"Dals, Pulses & Beans",kg,Fixed,70.00,0.00,1 kg (₹70),1 kg: ₹70 | 500 g: ₹36,https://images.unsplash.com/photo-1515543237350-b3eea1ec8082?auto=format&fit=crop&w=600&q=80
273,ANG-DAL-0426,BB Royal Green Peas Dried (Pacha Pattani),,"Dals, Pulses & Beans",kg,Fixed,78.00,0.00,1 kg (₹78),1 kg: ₹78 | 500 g: ₹40,https://images.unsplash.com/photo-1515543237350-b3eea1ec8082?auto=format&fit=crop&w=600&q=80
274,ANG-DAL-0428,BB Royal Lobia White (Vanpayar),,"Dals, Pulses & Beans",kg,Fixed,104.00,0.00,1 kg (₹104),1 kg: ₹104 | 500 g: ₹54,https://images.unsplash.com/photo-1515543237350-b3eea1ec8082?auto=format&fit=crop&w=600&q=80
275,ANG-DAL-0430,BB Royal Red Lobia,,"Dals, Pulses & Beans",kg,Fixed,98.00,0.00,1 kg (₹98),1 kg: ₹98 | 500 g: ₹50,https://images.unsplash.com/photo-1515543237350-b3eea1ec8082?auto=format&fit=crop&w=600&q=80
276,ANG-DAL-0432,BB Royal Horse Gram (Muthira),,"Dals, Pulses & Beans",kg,Fixed,80.00,0.00,1 kg (₹80),1 kg: ₹80 | 500 g: ₹42,https://images.unsplash.com/photo-1515543237350-b3eea1ec8082?auto=format&fit=crop&w=600&q=80
277,ANG-DAL-0434,BB Royal Moth Dal Whole,,"Dals, Pulses & Beans",kg,Fixed,95.00,0.00,1 kg (₹95),1 kg: ₹95 | 500 g: ₹49,https://images.unsplash.com/photo-1515543237350-b3eea1ec8082?auto=format&fit=crop&w=600&q=80
278,ANG-DAL-0436,BB Royal Soyabean Whole,,"Dals, Pulses & Beans",kg,Fixed,88.00,0.00,1 kg (₹88),1 kg: ₹88 | 500 g: ₹45,https://images.unsplash.com/photo-1515543237350-b3eea1ec8082?auto=format&fit=crop&w=600&q=80
279,ANG-DAL-0438,Fortune Soya Chunks,,"Dals, Pulses & Beans",kg,Fixed,120.00,0.00,1 kg (₹120),1 kg: ₹120 | 200 g: ₹35,https://images.unsplash.com/photo-1515543237350-b3eea1ec8082?auto=format&fit=crop&w=600&q=80
280,ANG-DAL-0440,Nutrela Soya Chunks,,"Dals, Pulses & Beans",kg,Fixed,140.00,0.00,1 kg (₹140),1 kg: ₹140 | 200 g: ₹38,https://images.unsplash.com/photo-1515543237350-b3eea1ec8082?auto=format&fit=crop&w=600&q=80
281,ANG-DAL-0442,Nutrela Soya Mini Chunks,,"Dals, Pulses & Beans",g,Fixed,40.00,0.00,200 g (₹40),200 g: ₹40,https://images.unsplash.com/photo-1515543237350-b3eea1ec8082?auto=format&fit=crop&w=600&q=80
282,ANG-DAL-0443,Nutrela Soya Granules,,"Dals, Pulses & Beans",g,Fixed,40.00,0.00,200 g (₹40),200 g: ₹40,https://images.unsplash.com/photo-1515543237350-b3eea1ec8082?auto=format&fit=crop&w=600&q=80
283,ANG-DAL-0463,BB Royal Broken Wheat (Nurukku Gothambu),,"Dals, Pulses & Beans",kg,Fixed,50.00,0.00,1 kg (₹50),1 kg: ₹50 | 500 g: ₹26,https://images.unsplash.com/photo-1586201375761-83865001e31c?auto=format&fit=crop&w=600&q=80
284,ANG-DAL-0465,Patanjali Daliya,,"Dals, Pulses & Beans",g,Fixed,30.00,0.00,500 g (₹30),500 g: ₹30,https://images.unsplash.com/photo-1586201375761-83865001e31c?auto=format&fit=crop&w=600&q=80
285,ANG-DAL-0471,Organic Tattva Organic Chana Whole,,"Dals, Pulses & Beans",kg,Fixed,110.00,0.00,1 kg (₹110),1 kg: ₹110,https://images.unsplash.com/photo-1515543237350-b3eea1ec8082?auto=format&fit=crop&w=600&q=80
286,ANG-DAL-0472,Organic Tattva Organic Urad Dal Black Split,,"Dals, Pulses & Beans",kg,Fixed,140.00,0.00,1 kg (₹140),1 kg: ₹140,https://images.unsplash.com/photo-1515543237350-b3eea1ec8082?auto=format&fit=crop&w=600&q=80
287,ANG-DAL-0473,Aashirvaad Organic Chana Dal,ആശീർവാദ് ഓർഗാനിക് കടലപ്പരിപ്പ് (ചനാ ദാൽ),"Dals, Pulses & Beans",g,Fixed,82.00,95.00,500 g (₹82),500 g: ₹82 | 1 kg: ₹160,https://aadutygzgrbexxuznqlr.supabase.co/storage/v1/object/public/item-images/demos/aashirvaad/aashirvaad_organic_chana_dal_1789406437081.webp
288,ANG-DAL-0474,Aashirvaad Organic Tur Dal (Arhar Dal),ആശീർവാദ് ഓർഗാനിക് തുവരപ്പരിപ്പ് (തുവർ ദാൽ),"Dals, Pulses & Beans",g,Fixed,110.00,127.00,500 g (₹110),500 g: ₹110 | 1 kg: ₹215,https://aadutygzgrbexxuznqlr.supabase.co/storage/v1/object/public/item-images/demos/aashirvaad/aashirvaad_organic_tur_dal_1789406438009.webp
289,ANG-DAL-0475,Aashirvaad Organic Moong Dal,ആശീർവാദ് ഓർഗാനിക് ചെറുപയർ പരിപ്പ് (മൂംഗ് ദാൽ),"Dals, Pulses & Beans",g,Fixed,95.00,110.00,500 g (₹95),500 g: ₹95 | 1 kg: ₹185,https://aadutygzgrbexxuznqlr.supabase.co/storage/v1/object/public/item-images/demos/aashirvaad/aashirvaad_organic_moong_dal_1789406438945.webp
290,ANG-DAL-0476,Aashirvaad Organic Urad Dal Split,ആശീർവാദ് ഓർഗാനിക് ഉഴുന്നുപരിപ്പ് (ഉറദ് ദാൽ),"Dals, Pulses & Beans",g,Fixed,98.00,113.00,500 g (₹98),500 g: ₹98 | 1 kg: ₹190,https://aadutygzgrbexxuznqlr.supabase.co/storage/v1/object/public/item-images/demos/aashirvaad/aashirvaad_organic_urad_dal_split_1789406439690.webp
291,ANG-DES-0002,Chocolate Ice Cream,ചോക്ലേറ്റ് ഐസ്ക്രീം,Desserts & Ice Creams,ml,Fixed,0.00,,100ml (₹0),100ml: ₹0 | 500ml: ₹0 | 1L: ₹0,https://images.unsplash.com/photo-1497034825429-c343d7c6a68f?w=500&auto=format&fit=crop&q=80
292,ANG-DES-0003,Mango Ice Cream,മാംഗോ ഐസ്ക്രീം,Desserts & Ice Creams,ml,Fixed,0.00,,100ml (₹0),100ml: ₹0 | 500ml: ₹0 | 1L: ₹0,https://images.unsplash.com/photo-1497034825429-c343d7c6a68f?w=500&auto=format&fit=crop&q=80
293,ANG-DES-0005,Kulfi,കുൽഫി,Desserts & Ice Creams,ml,Fixed,0.00,,60ml (₹0),60ml: ₹0 | 100ml: ₹0 | 120ml: ₹0,https://images.unsplash.com/photo-1497034825429-c343d7c6a68f?w=500&auto=format&fit=crop&q=80
294,ANG-DES-0006,Ice Cream Bars / Chocobar,ചോക്കോബാർ / ഐസ്ക്രീം ബാർ,Desserts & Ice Creams,ml,Fixed,0.00,,60ml (₹0),60ml: ₹0 | 80ml: ₹0 | 100ml: ₹0,https://images.unsplash.com/photo-1497034825429-c343d7c6a68f?w=500&auto=format&fit=crop&q=80
295,ANG-DES-0007,Kozhikode Halwa (Black / Karutha Halwa),കോഴിക്കോടൻ കറുത്ത ഹൽവ,Desserts & Ice Creams,g,Manual,0.00,,250g (₹0),250g: ₹0 | 500g: ₹0 | 1kg: ₹0 | 2kg: ₹0,https://images.unsplash.com/photo-1599488615731-7e5c2823ff28?w=500&auto=format&fit=crop&q=80
296,ANG-DES-0008,Kozhikodan Yellow Halwa,കോഴിക്കോടൻ മഞ്ഞ ഹൽവ,Desserts & Ice Creams,g,Manual,0.00,,250g (₹0),250g: ₹0 | 500g: ₹0 | 1kg: ₹0,https://images.unsplash.com/photo-1599488615731-7e5c2823ff28?w=500&auto=format&fit=crop&q=80
297,ANG-DES-0009,Palada Payasam Mix,പാലട പായസം മിക്സ്,Desserts & Ice Creams,g,Fixed,0.00,,200g (₹0),200g: ₹0 | 300g: ₹0 | 500g: ₹0,https://aadutygzgrbexxuznqlr.supabase.co/storage/v1/object/public/item-images/eastern/palada-mix-2.jpg
298,ANG-DES-0010,Semiya Payasam Mix,സേമിയ പായസം മിക്സ്,Desserts & Ice Creams,g,Fixed,0.00,,200g (₹0),200g: ₹0 | 300g: ₹0 | 500g: ₹0,https://aadutygzgrbexxuznqlr.supabase.co/storage/v1/object/public/item-images/eastern/semiya-payasam.jpg
299,ANG-DES-0011,Gulab Jamun,ഗുലാബ് ജാമുൻ,Desserts & Ice Creams,g,Fixed,0.00,,250g (₹0),250g: ₹0 | 500g: ₹0 | 1kg: ₹0,https://images.unsplash.com/photo-1599488615731-7e5c2823ff28?w=500&auto=format&fit=crop&q=80
300,ANG-DES-0040,Supernova Palada Payasam Mix,സൂപ്പർനോവ പാലട പായസം മിക്സ്,Desserts & Ice Creams,g,Fixed,85.00,104.00,300 g (₹85),300 g: ₹85,https://supernovafoods.com/images/products/ready-to/palada-mix.jpg
301,ANG-DES-0041,Supernova Vermicelli Payasam Mix,സൂപ്പർനോവ സേമിയ പായസം മിക്സ്,Desserts & Ice Creams,g,Fixed,75.00,92.00,300 g (₹75),300 g: ₹75,https://supernovafoods.com/images/products/ready-to/semiya-payasam-mix.jpg
302,ANG-DES-0043,Supernova Gulab Jamun Mix,സൂപ്പർനോവ ഗുലാബ് ജാമുൻ മിക്സ്,Desserts & Ice Creams,g,Fixed,78.00,98.00,200 g (₹78),200 g: ₹78,https://supernovafoods.com/images/products/ready-to/palada-mix.jpg
303,ANG-DES-0047,Supernova Halwa Mix,സൂപ്പർനോവ ഹൽവ മിക്സ്,Desserts & Ice Creams,g,Fixed,55.00,69.00,200 g (₹55),200 g: ₹55,https://supernovafoods.com/images/products/ready-to/palada-mix.jpg
304,ANG-DES-0124,Milma Peda,മിൽമ പാൽ പേഡ,Desserts & Ice Creams,g,Fixed,130.00,150.00,250 g (₹130),250 g: ₹130,https://images.unsplash.com/photo-1599488615731-7e5c2823ff28?w=500&auto=format&fit=crop&q=80
305,ANG-DES-0125,Milma Instant Palada Payasam Mix,മിൽമ ഇൻസ്റ്റന്റ് പാലട പായസം മിക്സ്,Desserts & Ice Creams,g,Fixed,55.00,64.00,200 g (₹55),200 g: ₹55,https://images.unsplash.com/photo-1565958011703-44f9829ba187?w=500&auto=format&fit=crop&q=80
306,ANG-DES-0126,Milma Canned Gulab Jamun,മിൽമ ഗുലാബ് ജാമുൻ ടിൻ,Desserts & Ice Creams,g,Fixed,140.00,161.00,500 g (₹140),500 g: ₹140,https://images.unsplash.com/photo-1601050690597-df0568f70950?w=500&auto=format&fit=crop&q=80
307,ANG-DES-0127,Milma Golden Mix (Immunity Drink Blend),മിൽമ ഗോൾഡൻ മിക്സ് പാൽക്കൂട്ട്,Desserts & Ice Creams,g,Fixed,110.00,127.00,200 g (₹110),200 g: ₹110,https://images.unsplash.com/photo-1565958011703-44f9829ba187?w=500&auto=format&fit=crop&q=80
308,ANG-DES-0128,Milma Vanilla Ice Cream Tub,മിൽമ വാനില ഐസ്ക്രീം ടബ്ബ്,Desserts & Ice Creams,ml,Fixed,150.00,173.00,1000 ml (₹150),1000 ml: ₹150,https://images.unsplash.com/photo-1497034825429-c343d7c6a68f?w=500&auto=format&fit=crop&q=80
309,ANG-DES-0129,Milma Butterscotch Tub,മിൽമ ബട്ടർസ്കോച്ച് ഐസ്ക്രീം,Desserts & Ice Creams,ml,Fixed,280.00,322.00,1000 ml (₹280),1000 ml: ₹280,https://images.unsplash.com/photo-1497034825429-c343d7c6a68f?w=500&auto=format&fit=crop&q=80
310,ANG-DES-0130,Milma Choco Bar,മിൽമ ചോക്കോ ബാർ ഐസ്ക്രീം,Desserts & Ice Creams,ml,Fixed,30.00,35.00,60 ml (₹30),60 ml: ₹30,https://images.unsplash.com/photo-1563805042-7684c019e1cb?w=500&auto=format&fit=crop&q=80
311,ANG-DES-0131,Milma Blueberry IML Tub,മിൽമ ബ്ലൂബെറി ഐസ്ക്രീം,Desserts & Ice Creams,ml,Fixed,180.00,207.00,500 ml (₹180),500 ml: ₹180,https://images.unsplash.com/photo-1497034825429-c343d7c6a68f?w=500&auto=format&fit=crop&q=80
312,ANG-DES-0155,Elanadu Instant Palada Payasam Mix,എളനാട് ഇൻസ്റ്റന്റ് പാലട പായസം മിക്സ്,Desserts & Ice Creams,g,Fixed,55.00,64.00,200 g (₹55),200 g: ₹55,https://images.unsplash.com/photo-1565958011703-44f9829ba187?w=500&auto=format&fit=crop&q=80
313,ANG-DES-0156,Elanadu Vermicelli Payasam Mix,എളനാട് സേമിയ പായസം മിക്സ്,Desserts & Ice Creams,g,Fixed,50.00,58.00,200 g (₹50),200 g: ₹50,https://images.unsplash.com/photo-1565958011703-44f9829ba187?w=500&auto=format&fit=crop&q=80
314,ANG-DES-0157,Elanadu Wheat Ada Payasam Mix,എളനാട് ഗോതമ്പ് അട പായസം മിക്സ്,Desserts & Ice Creams,g,Fixed,52.00,60.00,200 g (₹52),200 g: ₹52,https://images.unsplash.com/photo-1565958011703-44f9829ba187?w=500&auto=format&fit=crop&q=80
315,ANG-DES-0158,Elanadu Ready-to-Eat Palada Pradhaman,എളനാട് പാലട പ്രഥമൻ (റെഡി ടു ഈറ്റ്),Desserts & Ice Creams,g,Fixed,120.00,138.00,500 g (₹120),500 g: ₹120,https://images.unsplash.com/photo-1565958011703-44f9829ba187?w=500&auto=format&fit=crop&q=80
316,ANG-DES-0159,Elanadu Traditional Milk Peda,എളനാട് നാടൻ പാൽ പേഡ,Desserts & Ice Creams,g,Fixed,130.00,150.00,250 g (₹130),250 g: ₹130,https://images.unsplash.com/photo-1599488615731-7e5c2823ff28?w=500&auto=format&fit=crop&q=80
317,ANG-DES-0160,Elanadu Coconut Burfi,എളനാട് തേങ്ങ ബർഫി,Desserts & Ice Creams,g,Fixed,125.00,144.00,250 g (₹125),250 g: ₹125,https://images.unsplash.com/photo-1599488615731-7e5c2823ff28?w=500&auto=format&fit=crop&q=80
318,ANG-DES-0161,Elanadu Canned Gulab Jamun,എളനാട് ഗുലാബ് ജാമുൻ ടിൻ,Desserts & Ice Creams,g,Fixed,140.00,161.00,500 g (₹140),500 g: ₹140,https://images.unsplash.com/photo-1601050690597-df0568f70950?w=500&auto=format&fit=crop&q=80
319,ANG-DES-0162,Elanadu Rasagulla Tin,എളനാട് റസഗുല്ല ടിൻ,Desserts & Ice Creams,g,Fixed,140.00,161.00,500 g (₹140),500 g: ₹140,https://images.unsplash.com/photo-1601050690597-df0568f70950?w=500&auto=format&fit=crop&q=80
320,ANG-DES-0163,Elanadu Fresh Milk Halwa,എളനാട് പാൽ ഹൽവ,Desserts & Ice Creams,g,Fixed,90.00,104.00,200 g (₹90),200 g: ₹90,https://images.unsplash.com/photo-1599488615731-7e5c2823ff28?w=500&auto=format&fit=crop&q=80
321,ANG-DES-0164,Elanadu Sweetened Condensed Milk,എളനാട് കണ്ടൻസ്ഡ് മിൽക്ക്,Desserts & Ice Creams,g,Fixed,135.00,156.00,400 g (₹135),400 g: ₹135,https://images.unsplash.com/photo-1550583724-b2692b85b150?w=500&auto=format&fit=crop&q=80
322,ANG-DES-0165,Elanadu Mysore Pak,എളനാട് മൈസൂർ പാക്ക്,Desserts & Ice Creams,g,Fixed,135.00,156.00,250 g (₹135),250 g: ₹135,https://images.unsplash.com/photo-1599488615731-7e5c2823ff28?w=500&auto=format&fit=crop&q=80
323,ANG-DES-0176,Elanadu Real Vanilla Ice Cream Tub,എളനാട് Real Vanilla Ice Cream Tub,Desserts & Ice Creams,ml,Fixed,150.00,173.00,1000 ml (₹150),1000 ml: ₹150,https://images.unsplash.com/photo-1497034825429-c343d7c6a68f?w=500&auto=format&fit=crop&q=80
324,ANG-DES-0177,Elanadu Rich Chocolate Delight Tub,എളനാട് Rich Chocolate Delight Tub,Desserts & Ice Creams,ml,Fixed,180.00,207.00,1000 ml (₹180),1000 ml: ₹180,https://images.unsplash.com/photo-1606313564200-e75d5e30476c?w=500&auto=format&fit=crop&q=80
325,ANG-DES-0178,Elanadu Premium Butterscotch Crunch Tub,എളനാട് Premium Butterscotch Crunch Tub,Desserts & Ice Creams,ml,Fixed,200.00,230.00,1000 ml (₹200),1000 ml: ₹200,https://images.unsplash.com/photo-1497034825429-c343d7c6a68f?w=500&auto=format&fit=crop&q=80
326,ANG-DES-0179,Elanadu Fresh Strawberry Ice Cream Tub,എളനാട് Fresh Strawberry Ice Cream Tub,Desserts & Ice Creams,ml,Fixed,160.00,184.00,1000 ml (₹160),1000 ml: ₹160,https://images.unsplash.com/photo-1505394033641-40c6ad1178d7?w=500&auto=format&fit=crop&q=80
327,ANG-DES-0180,Elanadu Spanish Delight Party Tub,എളനാട് Spanish Delight Party Tub,Desserts & Ice Creams,ml,Fixed,240.00,276.00,1000 ml (₹240),1000 ml: ₹240,https://images.unsplash.com/photo-1497034825429-c343d7c6a68f?w=500&auto=format&fit=crop&q=80
328,ANG-DES-0181,Elanadu Mango Magic Ice Cream Tub,എളനാട് Mango Magic Ice Cream Tub,Desserts & Ice Creams,ml,Fixed,120.00,138.00,500 ml (₹120),500 ml: ₹120,https://images.unsplash.com/photo-1497034825429-c343d7c6a68f?w=500&auto=format&fit=crop&q=80
329,ANG-DES-0182,Elanadu Pista Kulfi Ice Cream Tub,എളനാട് Pista Kulfi Ice Cream Tub,Desserts & Ice Creams,ml,Fixed,130.00,150.00,500 ml (₹130),500 ml: ₹130,https://images.unsplash.com/photo-1497034825429-c343d7c6a68f?w=500&auto=format&fit=crop&q=80
330,ANG-DES-0183,Elanadu Classic Choco Bar,എളനാട് Classic Choco Bar,Desserts & Ice Creams,ml,Fixed,30.00,35.00,60 ml (₹30),60 ml: ₹30,https://images.unsplash.com/photo-1563805042-7684c019e1cb?w=500&auto=format&fit=crop&q=80
331,ANG-DES-0184,Elanadu Crunch Feast Bar,എളനാട് Crunch Feast Bar,Desserts & Ice Creams,ml,Fixed,40.00,46.00,70 ml (₹40),70 ml: ₹40,https://images.unsplash.com/photo-1497034825429-c343d7c6a68f?w=500&auto=format&fit=crop&q=80
332,ANG-DES-0185,Elanadu Mango Ice Lolly (Juicy Pop),എളനാട് Mango Ice Lolly (Juicy Pop),Desserts & Ice Creams,ml,Fixed,15.00,18.00,50 ml (₹15),50 ml: ₹15,https://images.unsplash.com/photo-1497034825429-c343d7c6a68f?w=500&auto=format&fit=crop&q=80
333,ANG-DES-0186,Elanadu Vanilla Cone,എളനാട് Vanilla Cone,Desserts & Ice Creams,ml,Fixed,35.00,41.00,100 ml (₹35),100 ml: ₹35,https://images.unsplash.com/photo-1497034825429-c343d7c6a68f?w=500&auto=format&fit=crop&q=80
334,ANG-DES-0187,Elanadu Chocolate Fudge Cone,എളനാട് Chocolate Fudge Cone,Desserts & Ice Creams,ml,Fixed,40.00,46.00,100 ml (₹40),100 ml: ₹40,https://images.unsplash.com/photo-1563805042-7684c019e1cb?w=500&auto=format&fit=crop&q=80
335,ANG-DES-0188,Elanadu Tender Coconut Premium Tub,എളനാട് Tender Coconut Premium Tub,Desserts & Ice Creams,ml,Fixed,170.00,196.00,500 ml (₹170),500 ml: ₹170,https://images.unsplash.com/photo-1497034825429-c343d7c6a68f?w=500&auto=format&fit=crop&q=80
336,ANG-DES-0189,Elanadu Cassatta Slice,എളനാട് Cassatta Slice,Desserts & Ice Creams,ml,Fixed,60.00,69.00,120 ml (₹60),120 ml: ₹60,https://images.unsplash.com/photo-1497034825429-c343d7c6a68f?w=500&auto=format&fit=crop&q=80
337,ANG-DES-0190,Elanadu Mini Ice Cream Cup (Vanilla/Strawberry),എളനാട് Mini Ice Cream Cup (Vanilla/Strawberry),Desserts & Ice Creams,ml,Fixed,20.00,23.00,100 ml (₹20),100 ml: ₹20,https://images.unsplash.com/photo-1505394033641-40c6ad1178d7?w=500&auto=format&fit=crop&q=80
338,ANG-DES-0191,Elanadu Matka Kulfi,എളനാട് Matka Kulfi,Desserts & Ice Creams,ml,Fixed,50.00,58.00,150 ml (₹50),150 ml: ₹50,https://images.unsplash.com/photo-1497034825429-c343d7c6a68f?w=500&auto=format&fit=crop&q=80
339,ANG-DES-0201,Skei Blueberry Ice Cream (Tub),സ്കീ ബ്ലൂബെറി ഐസ് ക്രീം ടബ്ബ്,Desserts & Ice Creams,ml,Fixed,140.00,161.00,500 ml (₹140),500 ml: ₹140 | 1 L: ₹250,https://aadutygzgrbexxuznqlr.supabase.co/storage/v1/object/public/item-images/skei/1l-02.jpg
340,ANG-DES-0202,Skei Chocolate Ice Cream (Tub),സ്കീ ചോക്ലേറ്റ് ഐസ് ക്രീം ടബ്ബ്,Desserts & Ice Creams,ml,Fixed,140.00,161.00,500 ml (₹140),500 ml: ₹140 | 1 L: ₹250,https://aadutygzgrbexxuznqlr.supabase.co/storage/v1/object/public/item-images/skei/1l-14.jpg
341,ANG-DES-0203,Skei Cookies & Cream Ice Cream (Tub),സ്കീ കുക്കീസ് & ക്രീം ഐസ് ക്രീം ടബ്ബ്,Desserts & Ice Creams,ml,Fixed,140.00,161.00,500 ml (₹140),500 ml: ₹140 | 1 L: ₹250,https://aadutygzgrbexxuznqlr.supabase.co/storage/v1/object/public/item-images/skei/1l-04.jpg
342,ANG-DES-0204,Skei Jackfruit Ice Cream (Tub),സ്കീ ചക്ക (ജാക്ക്ഫ്രൂട്ട്) ഐസ് ക്രീം ടബ്ബ്,Desserts & Ice Creams,ml,Fixed,140.00,161.00,500 ml (₹140),500 ml: ₹140 | 1 L: ₹250,https://aadutygzgrbexxuznqlr.supabase.co/storage/v1/object/public/item-images/skei/1l-05.jpg
343,ANG-DES-0205,Skei Mango Alphonso Ice Cream (Tub),സ്കീ മാംഗോ അൽഫോൻസോ ഐസ് ക്രീം ടബ്ബ്,Desserts & Ice Creams,ml,Fixed,140.00,161.00,500 ml (₹140),500 ml: ₹140 | 1 L: ₹250,https://aadutygzgrbexxuznqlr.supabase.co/storage/v1/object/public/item-images/skei/1l-01.jpg
344,ANG-DES-0206,Skei Nut Butterscotch Ice Cream (Tub),സ്കീ Nut ബട്ടർസ്കോച്ച് ഐസ് ക്രീം ടബ്ബ്,Desserts & Ice Creams,ml,Fixed,140.00,161.00,500 ml (₹140),500 ml: ₹140 | 1 L: ₹250,https://aadutygzgrbexxuznqlr.supabase.co/storage/v1/object/public/item-images/skei/1l-06.jpg
345,ANG-DES-0207,Skei Pista Ice Cream (Tub),സ്കീ പിസ്ത ഐസ് ക്രീം ടബ്ബ്,Desserts & Ice Creams,ml,Fixed,140.00,161.00,500 ml (₹140),500 ml: ₹140 | 1 L: ₹250,https://aadutygzgrbexxuznqlr.supabase.co/storage/v1/object/public/item-images/skei/1l-07.jpg
346,ANG-DES-0208,Skei Rajbhog Ice Cream (Tub),സ്കീ രാജ്ഭോഗ് ഐസ് ക്രീം ടബ്ബ്,Desserts & Ice Creams,ml,Fixed,45.00,52.00,125 ml (₹45),125 ml: ₹45 | 500 ml: ₹160 | 1 L: ₹280,https://aadutygzgrbexxuznqlr.supabase.co/storage/v1/object/public/item-images/skei/1l-08.jpg
347,ANG-DES-0209,Skei Red Velvet Ice Cream (Tub),സ്കീ റെഡ് വെൽവെറ്റ് ഐസ് ക്രീം ടബ്ബ്,Desserts & Ice Creams,ml,Fixed,45.00,52.00,125 ml (₹45),125 ml: ₹45 | 500 ml: ₹160 | 1 L: ₹280,https://aadutygzgrbexxuznqlr.supabase.co/storage/v1/object/public/item-images/skei/1l-09.jpg
348,ANG-DES-0210,Skei Spanish Delight Ice Cream (Tub),സ്കീ സ്പാനിഷ് ഡിലൈറ്റ് ഐസ് ക്രീം ടബ്ബ്,Desserts & Ice Creams,ml,Fixed,45.00,52.00,125 ml (₹45),125 ml: ₹45 | 500 ml: ₹160 | 1 L: ₹280,https://aadutygzgrbexxuznqlr.supabase.co/storage/v1/object/public/item-images/skei/1l-10.jpg
349,ANG-DES-0211,Skei Strawberry Ice Cream (Tub),സ്കീ സ്ട്രോബെറി ഐസ് ക്രീം ടബ്ബ്,Desserts & Ice Creams,ml,Fixed,140.00,161.00,500 ml (₹140),500 ml: ₹140 | 1 L: ₹250,https://aadutygzgrbexxuznqlr.supabase.co/storage/v1/object/public/item-images/skei/1l-11.jpg
350,ANG-DES-0212,Skei Tender Coconut Ice Cream (Tub),സ്കീ ഇളനീർ (ടെൻഡർ കോക്കനട്ട്) ഐസ് ക്രീം ടബ്ബ്,Desserts & Ice Creams,ml,Fixed,45.00,52.00,125 ml (₹45),125 ml: ₹45 | 500 ml: ₹160 | 1 L: ₹280,https://aadutygzgrbexxuznqlr.supabase.co/storage/v1/object/public/item-images/skei/1l-12.jpg
351,ANG-DES-0213,Skei Vanilla Ice Cream (Tub),സ്കീ വാനില ഐസ് ക്രീം ടബ്ബ്,Desserts & Ice Creams,ml,Fixed,140.00,161.00,500 ml (₹140),500 ml: ₹140 | 1 L: ₹250,https://aadutygzgrbexxuznqlr.supabase.co/storage/v1/object/public/item-images/skei/1l-13.jpg
352,ANG-DES-0214,Skei Black Current Ice Cream (Cone),സ്കീ ബ്ലാക്ക് കറന്റ് ഐസ് ക്രീം കോൺ,Desserts & Ice Creams,ml,Fixed,45.00,52.00,120 ml (₹45),120 ml: ₹45,https://aadutygzgrbexxuznqlr.supabase.co/storage/v1/object/public/item-images/skei/cones-01.jpg
353,ANG-DES-0215,Skei Butterscotch Ice Cream (Cone),സ്കീ ബട്ടർസ്കോച്ച് ഐസ് ക്രീം കോൺ,Desserts & Ice Creams,ml,Fixed,45.00,52.00,120 ml (₹45),120 ml: ₹45,https://aadutygzgrbexxuznqlr.supabase.co/storage/v1/object/public/item-images/skei/cones-05.jpg
354,ANG-DES-0216,Skei Chocolate Ice Cream (Cone),സ്കീ ചോക്ലേറ്റ് ഐസ് ക്രീം കോൺ,Desserts & Ice Creams,ml,Fixed,45.00,52.00,120 ml (₹45),120 ml: ₹45,https://aadutygzgrbexxuznqlr.supabase.co/storage/v1/object/public/item-images/skei/cones-06.jpg
355,ANG-DES-0217,Skei Coneic Chocolate Ice Cream (Cone),സ്കീ കോണിക് ചോക്ലേറ്റ് ഐസ് ക്രീം കോൺ,Desserts & Ice Creams,ml,Fixed,45.00,52.00,120 ml (₹45),120 ml: ₹45,https://aadutygzgrbexxuznqlr.supabase.co/storage/v1/object/public/item-images/skei/cones-10.jpg
356,ANG-DES-0218,Skei Cookies & Cream Ice Cream (Cone),സ്കീ കുക്കീസ് & ക്രീം ഐസ് ക്രീം കോൺ,Desserts & Ice Creams,ml,Fixed,45.00,52.00,120 ml (₹45),120 ml: ₹45,https://aadutygzgrbexxuznqlr.supabase.co/storage/v1/object/public/item-images/skei/cones-03.jpg
357,ANG-DES-0219,Skei Pista Ice Cream (Cone),സ്കീ പിസ്ത ഐസ് ക്രീം കോൺ,Desserts & Ice Creams,ml,Fixed,45.00,52.00,120 ml (₹45),120 ml: ₹45,https://aadutygzgrbexxuznqlr.supabase.co/storage/v1/object/public/item-images/skei/cones-12.jpg
358,ANG-DES-0220,Skei Vanilla Ice Cream (Cone),സ്കീ വാനില ഐസ് ക്രീം കോൺ,Desserts & Ice Creams,ml,Fixed,45.00,52.00,120 ml (₹45),120 ml: ₹45,https://aadutygzgrbexxuznqlr.supabase.co/storage/v1/object/public/item-images/skei/cones-07.jpg
359,ANG-DES-0221,Skei Arabian Fiesta Ice Cream (Cone),സ്കീ അറേബ്യൻ ഫിയെസ്റ്റ ഐസ് ക്രീം കോൺ,Desserts & Ice Creams,ml,Fixed,45.00,52.00,120 ml (₹45),120 ml: ₹45,https://aadutygzgrbexxuznqlr.supabase.co/storage/v1/object/public/item-images/skei/cones-11.jpg
360,ANG-DES-0222,Skei Fun Cone Chocolate Ice Cream (Cone),സ്കീ ഫൺ കോൺ ചോക്ലേറ്റ് ഐസ് ക്രീം കോൺ,Desserts & Ice Creams,ml,Fixed,45.00,52.00,120 ml (₹45),120 ml: ₹45,https://aadutygzgrbexxuznqlr.supabase.co/storage/v1/object/public/item-images/skei/cones-09.jpg
361,ANG-DES-0223,Skei Fun Cone Ice Cream (Cone),സ്കീ ഫൺ കോൺ ഐസ് ക്രീം കോൺ,Desserts & Ice Creams,ml,Fixed,45.00,52.00,120 ml (₹45),120 ml: ₹45,https://aadutygzgrbexxuznqlr.supabase.co/storage/v1/object/public/item-images/skei/cones-08.jpg
362,ANG-DES-0224,Skei Cup Chocolate Ice Cream (Cup),സ്കീ കപ്പ് ചോക്ലേറ്റ് ഐസ് ക്രീം കപ്പ്,Desserts & Ice Creams,ml,Fixed,30.00,35.00,100 ml (₹30),100 ml: ₹30,https://aadutygzgrbexxuznqlr.supabase.co/storage/v1/object/public/item-images/skei/cups-01.jpg
363,ANG-DES-0225,Skei Cup Pista Ice Cream (Cup),സ്കീ കപ്പ് പിസ്ത ഐസ് ക്രീം കപ്പ്,Desserts & Ice Creams,ml,Fixed,30.00,35.00,100 ml (₹30),100 ml: ₹30,https://aadutygzgrbexxuznqlr.supabase.co/storage/v1/object/public/item-images/skei/cups-04.jpg
364,ANG-DES-0226,Skei Cup Strawberry Ice Cream (Cup),സ്കീ കപ്പ് സ്ട്രോബെറി ഐസ് ക്രീം കപ്പ്,Desserts & Ice Creams,ml,Fixed,30.00,35.00,100 ml (₹30),100 ml: ₹30,https://aadutygzgrbexxuznqlr.supabase.co/storage/v1/object/public/item-images/skei/cups-03.jpg
365,ANG-DES-0227,Skei Cup Vanilla Ice Cream (Cup),സ്കീ കപ്പ് വാനില ഐസ് ക്രീം കപ്പ്,Desserts & Ice Creams,ml,Fixed,30.00,35.00,100 ml (₹30),100 ml: ₹30,https://aadutygzgrbexxuznqlr.supabase.co/storage/v1/object/public/item-images/skei/cups-02.jpg
366,ANG-DES-0228,Skei Green Apple Double Ice Cream (Stick / Bar),സ്കീ ഗ്രീൻ ആപ്പിൾ Double ഐസ് ക്രീം സ്റ്റിക്ക് ബാർ,Desserts & Ice Creams,ml,Fixed,35.00,41.00,70 ml (₹35),70 ml: ₹35,https://aadutygzgrbexxuznqlr.supabase.co/storage/v1/object/public/item-images/skei/sticks-06.jpg
367,ANG-DES-0229,Skei Orange Ice Cream (Stick / Bar),സ്കീ ഓറഞ്ച് ഐസ് ക്രീം സ്റ്റിക്ക് ബാർ,Desserts & Ice Creams,ml,Fixed,35.00,41.00,70 ml (₹35),70 ml: ₹35,https://aadutygzgrbexxuznqlr.supabase.co/storage/v1/object/public/item-images/skei/grape_orange-15.jpg
368,ANG-DES-0230,Skei Grape Ice Cream (Stick / Bar),സ്കീ ഗ്രേപ്പ് ഐസ് ക്രീം സ്റ്റിക്ക് ബാർ,Desserts & Ice Creams,ml,Fixed,35.00,41.00,70 ml (₹35),70 ml: ₹35,https://aadutygzgrbexxuznqlr.supabase.co/storage/v1/object/public/item-images/skei/grape_lolly-14.jpg
369,ANG-DES-0231,Skei Raspberry Double Ice Cream (Stick / Bar),സ്കീ റാസ്പ്ബെറി Double ഐസ് ക്രീം സ്റ്റിക്ക് ബാർ,Desserts & Ice Creams,ml,Fixed,35.00,41.00,70 ml (₹35),70 ml: ₹35,https://aadutygzgrbexxuznqlr.supabase.co/storage/v1/object/public/item-images/skei/sticks-07.jpg
370,ANG-DES-0232,Skei Mango Duble Ice Cream (Stick / Bar),സ്കീ മാംഗോ Duble ഐസ് ക്രീം സ്റ്റിക്ക് ബാർ,Desserts & Ice Creams,ml,Fixed,35.00,41.00,70 ml (₹35),70 ml: ₹35,https://aadutygzgrbexxuznqlr.supabase.co/storage/v1/object/public/item-images/skei/sticks-03.jpg
371,ANG-DES-0233,Skei Blue Boom Ice Cream (Stick / Bar),സ്കീ ബ്ലൂ ബൂം ഐസ് ക്രീം സ്റ്റിക്ക് ബാർ,Desserts & Ice Creams,ml,Fixed,35.00,41.00,70 ml (₹35),70 ml: ₹35,https://aadutygzgrbexxuznqlr.supabase.co/storage/v1/object/public/item-images/skei/blue_boom-10.jpg
372,ANG-DES-0234,Skei Twister Passion Fruit Ice Cream (Stick / Bar),സ്കീ ട്വിസ്റ്റർ പാഷൻ ഫ്രൂട്ട് ഐസ് ക്രീം സ്റ്റിക്ക് ബാർ,Desserts & Ice Creams,ml,Fixed,35.00,41.00,70 ml (₹35),70 ml: ₹35,https://aadutygzgrbexxuznqlr.supabase.co/storage/v1/object/public/item-images/skei/sticks-08.jpg
373,ANG-DES-0235,Skei Mini Chocobar Ice Cream (Stick / Bar),സ്കീ മിനി ചോക്കോബാർ ഐസ് ക്രീം സ്റ്റിക്ക് ബാർ,Desserts & Ice Creams,ml,Fixed,25.00,29.00,45 ml (₹25),45 ml: ₹25,https://aadutygzgrbexxuznqlr.supabase.co/storage/v1/object/public/item-images/skei/mini_chocobar-05.jpg
374,ANG-DES-0236,Skei Crack Bar Ice Cream (Stick / Bar),സ്കീ ക്രാക്ക് ബാർ ഐസ് ക്രീം സ്റ്റിക്ക് ബാർ,Desserts & Ice Creams,ml,Fixed,45.00,52.00,80 ml (₹45),80 ml: ₹45,https://aadutygzgrbexxuznqlr.supabase.co/storage/v1/object/public/item-images/skei/crack_bar-05.jpg
375,ANG-DES-0237,Skei Malai Kulfi Ice Cream (Stick / Bar),സ്കീ മലായ് കുൾഫി ഐസ് ക്രീം സ്റ്റിക്ക് ബാർ,Desserts & Ice Creams,ml,Fixed,35.00,41.00,70 ml (₹35),70 ml: ₹35,https://aadutygzgrbexxuznqlr.supabase.co/storage/v1/object/public/item-images/skei/malai_kulfi-10.jpg
376,ANG-DES-0238,Skei Big Chocobar Ice Cream (Stick / Bar),സ്കീ ബിഗ് ചോക്കോബാർ ഐസ് ക്രീം സ്റ്റിക്ക് ബാർ,Desserts & Ice Creams,ml,Fixed,45.00,52.00,80 ml (₹45),80 ml: ₹45,https://aadutygzgrbexxuznqlr.supabase.co/storage/v1/object/public/item-images/skei/sticks-04.jpg
377,ANG-DES-0239,Skei Caramel Sundae Ice Cream (Sundae),സ്കീ കാരമൽ സൺഡേ ഐസ് ക്രീം സൺഡേ,Desserts & Ice Creams,ml,Fixed,65.00,75.00,150 ml (₹65),150 ml: ₹65,https://aadutygzgrbexxuznqlr.supabase.co/storage/v1/object/public/item-images/skei/sundae-05.jpg
378,ANG-DES-0240,Skei Chocolate Twist Ice Cream (Sundae),സ്കീ ചോക്ലേറ്റ് ട്വിസ്റ്റ് ഐസ് ക്രീം സൺഡേ,Desserts & Ice Creams,ml,Fixed,65.00,75.00,150 ml (₹65),150 ml: ₹65,https://aadutygzgrbexxuznqlr.supabase.co/storage/v1/object/public/item-images/skei/sundae-04.jpg
379,ANG-DES-0241,Skei Sundae Strawberry Ice Cream (Sundae),സ്കീ സൺഡേ സ്ട്രോബെറി ഐസ് ക്രീം സൺഡേ,Desserts & Ice Creams,ml,Fixed,65.00,75.00,150 ml (₹65),150 ml: ₹65,https://aadutygzgrbexxuznqlr.supabase.co/storage/v1/object/public/item-images/skei/sundae-03.jpg
380,ANG-DES-0242,Skei Sundae Pista Ice Cream (Sundae),സ്കീ സൺഡേ പിസ്ത ഐസ് ക്രീം സൺഡേ,Desserts & Ice Creams,ml,Fixed,65.00,75.00,150 ml (₹65),150 ml: ₹65,https://aadutygzgrbexxuznqlr.supabase.co/storage/v1/object/public/item-images/skei/sundae-02.jpg
381,ANG-DES-0243,Skei Sundae Mango Ice Cream (Sundae),സ്കീ സൺഡേ മാംഗോ ഐസ് ക്രീം സൺഡേ,Desserts & Ice Creams,ml,Fixed,65.00,75.00,150 ml (₹65),150 ml: ₹65,https://aadutygzgrbexxuznqlr.supabase.co/storage/v1/object/public/item-images/skei/sundae-01.jpg
382,ANG-DES-0244,Skei Gudbud Ice Cream (Sundae),സ്കീ ഗഡ്ബഡ് ഐസ് ക്രീം സൺഡേ,Desserts & Ice Creams,ml,Fixed,65.00,75.00,150 ml (₹65),150 ml: ₹65,https://aadutygzgrbexxuznqlr.supabase.co/storage/v1/object/public/item-images/skei/sundae-06.jpg
383,ANG-DES-0245,Vesta Arabian Delite Ice Cream,വെസ്റ്റ അറേബ്യൻ ഡിലൈറ്റ് ഐസ് ക്രീം,Desserts & Ice Creams,ml,Fixed,70.00,81.00,150 ml (₹70),150 ml: ₹70,https://aadutygzgrbexxuznqlr.supabase.co/storage/v1/object/public/item-images/vesta/p2-arabian-delite-1.png
384,ANG-DES-0246,Vesta Arabian Delite 100ml Ice Cream,വെസ്റ്റ അറേബ്യൻ ഡിലൈറ്റ് 100ml ഐസ് ക്രീം,Desserts & Ice Creams,ml,Fixed,35.00,41.00,100 ml (₹35),100 ml: ₹35,https://aadutygzgrbexxuznqlr.supabase.co/storage/v1/object/public/item-images/vesta/arabian-delite-100ml.png
385,ANG-DES-0247,Vesta Black Currant 1L Ice Cream,വെസ്റ്റ ബ്ലാക്ക് കറന്റ് 1L ഐസ് ക്രീം,Desserts & Ice Creams,L,Fixed,260.00,299.00,1 L (₹260),1 L: ₹260,https://aadutygzgrbexxuznqlr.supabase.co/storage/v1/object/public/item-images/vesta/black-currant-1000ml.png
386,ANG-DES-0248,Vesta Black Currant 500ml Ice Cream,വെസ്റ്റ ബ്ലാക്ക് കറന്റ് 500ml ഐസ് ക്രീം,Desserts & Ice Creams,ml,Fixed,150.00,173.00,500 ml (₹150),500 ml: ₹150,https://aadutygzgrbexxuznqlr.supabase.co/storage/v1/object/public/item-images/vesta/black-currant-vesta.png
387,ANG-DES-0249,Vesta Black Currant Conevita Ice Cream,വെസ്റ്റ ബ്ലാക്ക് കറന്റ് കോൺവിറ്റ ഐസ് ക്രീം,Desserts & Ice Creams,ml,Fixed,50.00,58.00,120 ml (₹50),120 ml: ₹50,https://aadutygzgrbexxuznqlr.supabase.co/storage/v1/object/public/item-images/vesta/black-currant-convevita.png
388,ANG-DES-0250,Vesta Black Currant Sundae Ice Cream,വെസ്റ്റ ബ്ലാക്ക് കറന്റ് സൺഡേ ഐസ് ക്രീം,Desserts & Ice Creams,ml,Fixed,70.00,81.00,150 ml (₹70),150 ml: ₹70,https://aadutygzgrbexxuznqlr.supabase.co/storage/v1/object/public/item-images/vesta/sundae-black-currant.png
389,ANG-DES-0251,Vesta Butterscotch 1l Ice Cream,വെസ്റ്റ ബട്ടർസ്കോച്ച് 1l ഐസ് ക്രീം,Desserts & Ice Creams,L,Fixed,260.00,299.00,1 L (₹260),1 L: ₹260,https://aadutygzgrbexxuznqlr.supabase.co/storage/v1/object/public/item-images/vesta/butterscotch-1000ml.png
390,ANG-DES-0252,Vesta Butterscotch 500ml Ice Cream,വെസ്റ്റ ബട്ടർസ്കോച്ച് 500ml ഐസ് ക്രീം,Desserts & Ice Creams,ml,Fixed,150.00,173.00,500 ml (₹150),500 ml: ₹150,https://aadutygzgrbexxuznqlr.supabase.co/storage/v1/object/public/item-images/vesta/butterscotch-vesta.png
391,ANG-DES-0253,Vesta Butterscotch Conevita Ice Cream,വെസ്റ്റ ബട്ടർസ്കോച്ച് കോൺവിറ്റ ഐസ് ക്രീം,Desserts & Ice Creams,ml,Fixed,50.00,58.00,120 ml (₹50),120 ml: ₹50,https://aadutygzgrbexxuznqlr.supabase.co/storage/v1/object/public/item-images/vesta/butterscotch-convevita-1.png
392,ANG-DES-0254,Vesta Butterscotch Conevita Vegan Ice Cream,വെസ്റ്റ ബട്ടർസ്കോച്ച് കോൺവിറ്റ വീഗൻ ഐസ് ക്രീം,Desserts & Ice Creams,ml,Fixed,50.00,58.00,120 ml (₹50),120 ml: ₹50,https://aadutygzgrbexxuznqlr.supabase.co/storage/v1/object/public/item-images/vesta/butterscotch-vegan-conevita.png
393,ANG-DES-0255,Vesta Butterscotch Vegan Ice Cream,വെസ്റ്റ ബട്ടർസ്കോച്ച് വീഗൻ ഐസ് ക്രീം,Desserts & Ice Creams,ml,Fixed,150.00,173.00,500 ml (₹150),500 ml: ₹150 | 1 L: ₹260,https://aadutygzgrbexxuznqlr.supabase.co/storage/v1/object/public/item-images/vesta/butterscotch-vegan.png
394,ANG-DES-0256,Vesta Caramel 1l Ice Cream,വെസ്റ്റ കാരമൽ 1l ഐസ് ക്രീം,Desserts & Ice Creams,L,Fixed,260.00,299.00,1 L (₹260),1 L: ₹260,https://aadutygzgrbexxuznqlr.supabase.co/storage/v1/object/public/item-images/vesta/caramel-1000ml.png
395,ANG-DES-0257,Vesta Caramel Sundae Ice Cream,വെസ്റ്റ കാരമൽ സൺഡേ ഐസ് ക്രീം,Desserts & Ice Creams,ml,Fixed,70.00,81.00,150 ml (₹70),150 ml: ₹70,https://aadutygzgrbexxuznqlr.supabase.co/storage/v1/object/public/item-images/vesta/sundae-caramel.png
396,ANG-DES-0258,Vesta Choco Bar Ice Cream,വെസ്റ്റ Choco ബാർ ഐസ് ക്രീം,Desserts & Ice Creams,ml,Fixed,35.00,41.00,70 ml (₹35),70 ml: ₹35,https://aadutygzgrbexxuznqlr.supabase.co/storage/v1/object/public/item-images/vesta/choco-bar2.png
397,ANG-DES-0259,Vesta Chocobar Vegan Ice Cream,വെസ്റ്റ ചോക്കോബാർ വീഗൻ ഐസ് ക്രീം,Desserts & Ice Creams,ml,Fixed,35.00,41.00,70 ml (₹35),70 ml: ₹35,https://aadutygzgrbexxuznqlr.supabase.co/storage/v1/object/public/item-images/vesta/chocobar-vegan.png
398,ANG-DES-0260,Vesta Chocolate 1l Ice Cream,വെസ്റ്റ ചോക്ലേറ്റ് 1l ഐസ് ക്രീം,Desserts & Ice Creams,L,Fixed,260.00,299.00,1 L (₹260),1 L: ₹260,https://aadutygzgrbexxuznqlr.supabase.co/storage/v1/object/public/item-images/vesta/chocolate-1000ml.png
399,ANG-DES-0261,Vesta Chocolate 500ml Ice Cream,വെസ്റ്റ ചോക്ലേറ്റ് 500ml ഐസ് ക്രീം,Desserts & Ice Creams,ml,Fixed,150.00,173.00,500 ml (₹150),500 ml: ₹150,https://aadutygzgrbexxuznqlr.supabase.co/storage/v1/object/public/item-images/vesta/chocolate-vesta.png
400,ANG-DES-0262,Vesta Chocolate Conevita Ice Cream,വെസ്റ്റ ചോക്ലേറ്റ് കോൺവിറ്റ ഐസ് ക്രീം,Desserts & Ice Creams,ml,Fixed,50.00,58.00,120 ml (₹50),120 ml: ₹50,https://aadutygzgrbexxuznqlr.supabase.co/storage/v1/object/public/item-images/vesta/chocolate-convevita.png
401,ANG-DES-0263,Vesta Chocolate Conevita Vegan Ice Cream,വെസ്റ്റ ചോക്ലേറ്റ് കോൺവിറ്റ വീഗൻ ഐസ് ക്രീം,Desserts & Ice Creams,ml,Fixed,50.00,58.00,120 ml (₹50),120 ml: ₹50,https://aadutygzgrbexxuznqlr.supabase.co/storage/v1/object/public/item-images/vesta/chocolate-vegan-conevita.png
402,ANG-DES-0264,Vesta Chocolate Sundae Ice Cream,വെസ്റ്റ ചോക്ലേറ്റ് സൺഡേ ഐസ് ക്രീം,Desserts & Ice Creams,ml,Fixed,70.00,81.00,150 ml (₹70),150 ml: ₹70,https://aadutygzgrbexxuznqlr.supabase.co/storage/v1/object/public/item-images/vesta/sundae-chocolate.png
403,ANG-DES-0265,Vesta Chocolate Vegan Ice Cream,വെസ്റ്റ ചോക്ലേറ്റ് വീഗൻ ഐസ് ക്രീം,Desserts & Ice Creams,ml,Fixed,150.00,173.00,500 ml (₹150),500 ml: ₹150 | 1 L: ₹260,https://aadutygzgrbexxuznqlr.supabase.co/storage/v1/object/public/item-images/vesta/chocolate-vegan.png
404,ANG-DES-0266,Vesta Dailee Strawberry Ice Cream,വെസ്റ്റ Dailee സ്ട്രോബെറി ഐസ് ക്രീം,Desserts & Ice Creams,ml,Fixed,150.00,173.00,500 ml (₹150),500 ml: ₹150 | 1 L: ₹260,https://aadutygzgrbexxuznqlr.supabase.co/storage/v1/object/public/item-images/vesta/dailee-strawberry.png
405,ANG-DES-0267,Vesta English Walnut 1l Ice Cream,വെസ്റ്റ English Walnut 1l ഐസ് ക്രീം,Desserts & Ice Creams,L,Fixed,260.00,299.00,1 L (₹260),1 L: ₹260,https://aadutygzgrbexxuznqlr.supabase.co/storage/v1/object/public/item-images/vesta/english-walnut-1000ml.png
406,ANG-DES-0268,Vesta Fig & Honey Ice Cream,വെസ്റ്റ ഫിഗ് (അത്തിപ്പഴം) & തേൻ ഐസ് ക്രീം,Desserts & Ice Creams,ml,Fixed,150.00,173.00,500 ml (₹150),500 ml: ₹150 | 1 L: ₹260,https://aadutygzgrbexxuznqlr.supabase.co/storage/v1/object/public/item-images/vesta/p3-fig-honey.png
407,ANG-DES-0269,Vesta Fig & Honey 1l Ice Cream,വെസ്റ്റ ഫിഗ് (അത്തിപ്പഴം) & തേൻ 1l ഐസ് ക്രീം,Desserts & Ice Creams,L,Fixed,260.00,299.00,1 L (₹260),1 L: ₹260,https://aadutygzgrbexxuznqlr.supabase.co/storage/v1/object/public/item-images/vesta/fig-honey-1000ml.png
408,ANG-DES-0270,Vesta Fig & Honey Sundae Ice Cream,വെസ്റ്റ ഫിഗ് (അത്തിപ്പഴം) & തേൻ സൺഡേ ഐസ് ക്രീം,Desserts & Ice Creams,ml,Fixed,70.00,81.00,150 ml (₹70),150 ml: ₹70,https://aadutygzgrbexxuznqlr.supabase.co/storage/v1/object/public/item-images/vesta/sundae-fig-honey.png
409,ANG-DES-0271,Vesta Fruitae Mango Ice Cream,വെസ്റ്റ Fruitae മാംഗോ ഐസ് ക്രീം,Desserts & Ice Creams,ml,Fixed,150.00,173.00,500 ml (₹150),500 ml: ₹150 | 1 L: ₹260,https://aadutygzgrbexxuznqlr.supabase.co/storage/v1/object/public/item-images/vesta/fruitae-mango.png
410,ANG-DES-0272,Vesta Fruitae Pineapple Ice Cream,വെസ്റ്റ Fruitae Pineapple ഐസ് ക്രീം,Desserts & Ice Creams,ml,Fixed,150.00,173.00,500 ml (₹150),500 ml: ₹150 | 1 L: ₹260,https://aadutygzgrbexxuznqlr.supabase.co/storage/v1/object/public/item-images/vesta/fruitae-pineapple.png
411,ANG-DES-0273,Vesta Fruitae Strawberry Ice Cream,വെസ്റ്റ Fruitae സ്ട്രോബെറി ഐസ് ക്രീം,Desserts & Ice Creams,ml,Fixed,150.00,173.00,500 ml (₹150),500 ml: ₹150 | 1 L: ₹260,https://aadutygzgrbexxuznqlr.supabase.co/storage/v1/object/public/item-images/vesta/fruitae-strawberry.png
412,ANG-DES-0274,Vesta Golden Fantasy Ice Cream,വെസ്റ്റ Golden Fantasy ഐസ് ക്രീം,Desserts & Ice Creams,ml,Fixed,150.00,173.00,500 ml (₹150),500 ml: ₹150 | 1 L: ₹260,https://aadutygzgrbexxuznqlr.supabase.co/storage/v1/object/public/item-images/vesta/p3-golden-fantasy.png
413,ANG-DES-0275,Vesta Golden Fantasy 100ml Ice Cream,വെസ്റ്റ Golden Fantasy 100ml ഐസ് ക്രീം,Desserts & Ice Creams,ml,Fixed,35.00,41.00,100 ml (₹35),100 ml: ₹35,https://aadutygzgrbexxuznqlr.supabase.co/storage/v1/object/public/item-images/vesta/golden-fantasy-100ml.png
414,ANG-DES-0276,Vesta Ice Crush Mango Ice Cream,വെസ്റ്റ Ice Crush മാംഗോ ഐസ് ക്രീം,Desserts & Ice Creams,ml,Fixed,150.00,173.00,500 ml (₹150),500 ml: ₹150 | 1 L: ₹260,https://aadutygzgrbexxuznqlr.supabase.co/storage/v1/object/public/item-images/vesta/ice-crush-mango.png
415,ANG-DES-0277,Vesta Ice Crush Pineapple Ice Cream,വെസ്റ്റ Ice Crush Pineapple ഐസ് ക്രീം,Desserts & Ice Creams,ml,Fixed,150.00,173.00,500 ml (₹150),500 ml: ₹150 | 1 L: ₹260,https://aadutygzgrbexxuznqlr.supabase.co/storage/v1/object/public/item-images/vesta/ice-crush-pineapple.png
416,ANG-DES-0278,Vesta Ice Crush Strawberry Ice Cream,വെസ്റ്റ Ice Crush സ്ട്രോബെറി ഐസ് ക്രീം,Desserts & Ice Creams,ml,Fixed,150.00,173.00,500 ml (₹150),500 ml: ₹150 | 1 L: ₹260,https://aadutygzgrbexxuznqlr.supabase.co/storage/v1/object/public/item-images/vesta/ice-crush-strawberry.png
417,ANG-DES-0279,Vesta Jack Fruit 1l Ice Cream,വെസ്റ്റ Jack Fruit 1l ഐസ് ക്രീം,Desserts & Ice Creams,L,Fixed,260.00,299.00,1 L (₹260),1 L: ₹260,https://aadutygzgrbexxuznqlr.supabase.co/storage/v1/object/public/item-images/vesta/jack-fruit-1000ml.png
418,ANG-DES-0280,Vesta Jack Fruit 500ml Ice Cream,വെസ്റ്റ Jack Fruit 500ml ഐസ് ക്രീം,Desserts & Ice Creams,ml,Fixed,150.00,173.00,500 ml (₹150),500 ml: ₹150,https://aadutygzgrbexxuznqlr.supabase.co/storage/v1/object/public/item-images/vesta/jack-fruit-vesta.png
419,ANG-DES-0281,Vesta Mango 1l Ice Cream,വെസ്റ്റ മാംഗോ 1l ഐസ് ക്രീം,Desserts & Ice Creams,L,Fixed,260.00,299.00,1 L (₹260),1 L: ₹260,https://aadutygzgrbexxuznqlr.supabase.co/storage/v1/object/public/item-images/vesta/mango-1000ml.png
420,ANG-DES-0282,Vesta Mango 500ml Ice Cream,വെസ്റ്റ മാംഗോ 500ml ഐസ് ക്രീം,Desserts & Ice Creams,ml,Fixed,150.00,173.00,500 ml (₹150),500 ml: ₹150,https://aadutygzgrbexxuznqlr.supabase.co/storage/v1/object/public/item-images/vesta/mango-vesta.png
421,ANG-DES-0283,Vesta Mango Bar Ice Cream,വെസ്റ്റ മാംഗോ ബാർ ഐസ് ക്രീം,Desserts & Ice Creams,ml,Fixed,35.00,41.00,70 ml (₹35),70 ml: ₹35,https://aadutygzgrbexxuznqlr.supabase.co/storage/v1/object/public/item-images/vesta/mango-bar.png
422,ANG-DES-0284,Vesta Mango Conevita Ice Cream,വെസ്റ്റ മാംഗോ കോൺവിറ്റ ഐസ് ക്രീം,Desserts & Ice Creams,ml,Fixed,50.00,58.00,120 ml (₹50),120 ml: ₹50,https://aadutygzgrbexxuznqlr.supabase.co/storage/v1/object/public/item-images/vesta/mango-convevita.png
423,ANG-DES-0285,Vesta Mango Vegan Ice Cream,വെസ്റ്റ മാംഗോ വീഗൻ ഐസ് ക്രീം,Desserts & Ice Creams,ml,Fixed,150.00,173.00,500 ml (₹150),500 ml: ₹150 | 1 L: ₹260,https://aadutygzgrbexxuznqlr.supabase.co/storage/v1/object/public/item-images/vesta/mango-vegan.png
424,ANG-DES-0286,Vesta Milk Lolly Chocolate Ice Cream,വെസ്റ്റ Milk Lolly ചോക്ലേറ്റ് ഐസ് ക്രീം,Desserts & Ice Creams,ml,Fixed,150.00,173.00,500 ml (₹150),500 ml: ₹150 | 1 L: ₹260,https://aadutygzgrbexxuznqlr.supabase.co/storage/v1/object/public/item-images/vesta/milk-lolly-chocolate.png
425,ANG-DES-0287,Vesta Milk Lolly Mango Ice Cream,വെസ്റ്റ Milk Lolly മാംഗോ ഐസ് ക്രീം,Desserts & Ice Creams,ml,Fixed,150.00,173.00,500 ml (₹150),500 ml: ₹150 | 1 L: ₹260,https://aadutygzgrbexxuznqlr.supabase.co/storage/v1/object/public/item-images/vesta/milk-lolly-mango.png
426,ANG-DES-0288,Vesta Milk Lolly Strawberry Ice Cream,വെസ്റ്റ Milk Lolly സ്ട്രോബെറി ഐസ് ക്രീം,Desserts & Ice Creams,ml,Fixed,150.00,173.00,500 ml (₹150),500 ml: ₹150 | 1 L: ₹260,https://aadutygzgrbexxuznqlr.supabase.co/storage/v1/object/public/item-images/vesta/milk-lolly-strawberry-1.png
427,ANG-DES-0289,Vesta Milk Lolly Vanilla Ice Cream,വെസ്റ്റ Milk Lolly വാനില ഐസ് ക്രീം,Desserts & Ice Creams,ml,Fixed,150.00,173.00,500 ml (₹150),500 ml: ₹150 | 1 L: ₹260,https://aadutygzgrbexxuznqlr.supabase.co/storage/v1/object/public/item-images/vesta/milk-lolly-vanilla.png
428,ANG-DES-0290,Vesta Mini Choco Bar Ice Cream,വെസ്റ്റ മിനി Choco ബാർ ഐസ് ക്രീം,Desserts & Ice Creams,ml,Fixed,35.00,41.00,70 ml (₹35),70 ml: ₹35,https://aadutygzgrbexxuznqlr.supabase.co/storage/v1/object/public/item-images/vesta/mini-choco-bar.png
429,ANG-DES-0291,Vesta Mini White Chocolate Bar Ice Cream,വെസ്റ്റ മിനി White ചോക്ലേറ്റ് ബാർ ഐസ് ക്രീം,Desserts & Ice Creams,ml,Fixed,35.00,41.00,70 ml (₹35),70 ml: ₹35,https://aadutygzgrbexxuznqlr.supabase.co/storage/v1/object/public/item-images/vesta/mini-white-chocolate-bar.png
430,ANG-DES-0292,Vesta Passion Fruit 500ml Ice Cream,വെസ്റ്റ പാഷൻ ഫ്രൂട്ട് 500ml ഐസ് ക്രീം,Desserts & Ice Creams,ml,Fixed,150.00,173.00,500 ml (₹150),500 ml: ₹150,https://aadutygzgrbexxuznqlr.supabase.co/storage/v1/object/public/item-images/vesta/passion-fruit-vesta.png
431,ANG-DES-0293,Vesta Pista 1L Ice Cream,വെസ്റ്റ പിസ്ത 1L ഐസ് ക്രീം,Desserts & Ice Creams,L,Fixed,260.00,299.00,1 L (₹260),1 L: ₹260,https://aadutygzgrbexxuznqlr.supabase.co/storage/v1/object/public/item-images/vesta/pista-1000ml.png
432,ANG-DES-0294,Vesta Pista 500ml Ice Cream,വെസ്റ്റ പിസ്ത 500ml ഐസ് ക്രീം,Desserts & Ice Creams,ml,Fixed,150.00,173.00,500 ml (₹150),500 ml: ₹150,https://aadutygzgrbexxuznqlr.supabase.co/storage/v1/object/public/item-images/vesta/pista-vesta.png
433,ANG-DES-0295,Vesta Pista Sundae Ice Cream,വെസ്റ്റ പിസ്ത സൺഡേ ഐസ് ക്രീം,Desserts & Ice Creams,ml,Fixed,70.00,81.00,150 ml (₹70),150 ml: ₹70,https://aadutygzgrbexxuznqlr.supabase.co/storage/v1/object/public/item-images/vesta/sundae-pista.png
434,ANG-DES-0296,Vesta Rum & Raisin Ice Cream,വെസ്റ്റ Rum & Raisin ഐസ് ക്രീം,Desserts & Ice Creams,ml,Fixed,150.00,173.00,500 ml (₹150),500 ml: ₹150 | 1 L: ₹260,https://aadutygzgrbexxuznqlr.supabase.co/storage/v1/object/public/item-images/vesta/p1-rum-raisin.png
435,ANG-DES-0297,Vesta Rum & Raisin 100ml Ice Cream,വെസ്റ്റ Rum & Raisin 100ml ഐസ് ക്രീം,Desserts & Ice Creams,ml,Fixed,35.00,41.00,100 ml (₹35),100 ml: ₹35,https://aadutygzgrbexxuznqlr.supabase.co/storage/v1/object/public/item-images/vesta/rum-raisin-100ml.png
436,ANG-DES-0298,Vesta Spanish Delight 500ml Ice Cream,വെസ്റ്റ സ്പാനിഷ് ഡിലൈറ്റ് 500ml ഐസ് ക്രീം,Desserts & Ice Creams,ml,Fixed,150.00,173.00,500 ml (₹150),500 ml: ₹150,https://aadutygzgrbexxuznqlr.supabase.co/storage/v1/object/public/item-images/vesta/spanish-delight-vesta-1.png
437,ANG-DES-0299,Vesta Strawberry 1l Ice Cream,വെസ്റ്റ സ്ട്രോബെറി 1l ഐസ് ക്രീം,Desserts & Ice Creams,L,Fixed,260.00,299.00,1 L (₹260),1 L: ₹260,https://aadutygzgrbexxuznqlr.supabase.co/storage/v1/object/public/item-images/vesta/strawberry-1000ml.png
438,ANG-DES-0300,Vesta Strawberry 500ml Ice Cream,വെസ്റ്റ സ്ട്രോബെറി 500ml ഐസ് ക്രീം,Desserts & Ice Creams,ml,Fixed,150.00,173.00,500 ml (₹150),500 ml: ₹150,https://aadutygzgrbexxuznqlr.supabase.co/storage/v1/object/public/item-images/vesta/strawberry-vesta.png
439,ANG-DES-0301,Vesta Strawberry Bar Ice Cream,വെസ്റ്റ സ്ട്രോബെറി ബാർ ഐസ് ക്രീം,Desserts & Ice Creams,ml,Fixed,35.00,41.00,70 ml (₹35),70 ml: ₹35,https://aadutygzgrbexxuznqlr.supabase.co/storage/v1/object/public/item-images/vesta/strawberry-bar.png
440,ANG-DES-0302,Vesta Strawberry Bulk Pack Ice Cream,വെസ്റ്റ സ്ട്രോബെറി Bulk Pack ഐസ് ക്രീം,Desserts & Ice Creams,ml,Fixed,150.00,173.00,500 ml (₹150),500 ml: ₹150 | 1 L: ₹260,https://aadutygzgrbexxuznqlr.supabase.co/storage/v1/object/public/item-images/vesta/strawberry-family-pack.png
441,ANG-DES-0303,Vesta Strawberry Sundae Ice Cream,വെസ്റ്റ സ്ട്രോബെറി സൺഡേ ഐസ് ക്രീം,Desserts & Ice Creams,ml,Fixed,70.00,81.00,150 ml (₹70),150 ml: ₹70,https://aadutygzgrbexxuznqlr.supabase.co/storage/v1/object/public/item-images/vesta/sundae-strawberry.png
442,ANG-DES-0304,Vesta Tender Coconut 1l Ice Cream,വെസ്റ്റ ഇളനീർ (ടെൻഡർ കോക്കനട്ട്) 1l ഐസ് ക്രീം,Desserts & Ice Creams,L,Fixed,260.00,299.00,1 L (₹260),1 L: ₹260,https://aadutygzgrbexxuznqlr.supabase.co/storage/v1/object/public/item-images/vesta/tender-coconut-1000ml.png
443,ANG-DES-0305,Vesta Tender Coconut 500ml Ice Cream,വെസ്റ്റ ഇളനീർ (ടെൻഡർ കോക്കനട്ട്) 500ml ഐസ് ക്രീം,Desserts & Ice Creams,ml,Fixed,150.00,173.00,500 ml (₹150),500 ml: ₹150,https://aadutygzgrbexxuznqlr.supabase.co/storage/v1/object/public/item-images/vesta/tender-coconut-vesta.png
444,ANG-DES-0306,Vesta Vanilla 1l Ice Cream,വെസ്റ്റ വാനില 1l ഐസ് ക്രീം,Desserts & Ice Creams,L,Fixed,260.00,299.00,1 L (₹260),1 L: ₹260,https://aadutygzgrbexxuznqlr.supabase.co/storage/v1/object/public/item-images/vesta/vanilla-1000ml.png
445,ANG-DES-0307,Vesta Vanilla 500ml Ice Cream,വെസ്റ്റ വാനില 500ml ഐസ് ക്രീം,Desserts & Ice Creams,ml,Fixed,150.00,173.00,500 ml (₹150),500 ml: ₹150,https://aadutygzgrbexxuznqlr.supabase.co/storage/v1/object/public/item-images/vesta/vanilla-vesta.png
446,ANG-DES-0308,Vesta Vanilla Bulk Pack Ice Cream,വെസ്റ്റ വാനില Bulk Pack ഐസ് ക്രീം,Desserts & Ice Creams,ml,Fixed,150.00,173.00,500 ml (₹150),500 ml: ₹150 | 1 L: ₹260,https://aadutygzgrbexxuznqlr.supabase.co/storage/v1/object/public/item-images/vesta/vanilla-family-pack.png
447,ANG-DES-0309,Vesta Vanilla Conevita Vegan Ice Cream,വെസ്റ്റ വാനില കോൺവിറ്റ വീഗൻ ഐസ് ക്രീം,Desserts & Ice Creams,ml,Fixed,50.00,58.00,120 ml (₹50),120 ml: ₹50,https://aadutygzgrbexxuznqlr.supabase.co/storage/v1/object/public/item-images/vesta/vanila-vegan-conevita.png
448,ANG-DES-0310,Vesta Vanilla Mango Bar Ice Cream,വെസ്റ്റ വാനില മാംഗോ ബാർ ഐസ് ക്രീം,Desserts & Ice Creams,ml,Fixed,35.00,41.00,70 ml (₹35),70 ml: ₹35,https://aadutygzgrbexxuznqlr.supabase.co/storage/v1/object/public/item-images/vesta/vanilla-mango-bar.png
449,ANG-DES-0311,Vesta Vanilla Strawberry Bar Ice Cream,വെസ്റ്റ വാനില സ്ട്രോബെറി ബാർ ഐസ് ക്രീം,Desserts & Ice Creams,ml,Fixed,35.00,41.00,70 ml (₹35),70 ml: ₹35,https://aadutygzgrbexxuznqlr.supabase.co/storage/v1/object/public/item-images/vesta/vanilla-strawberry-bar.png
450,ANG-DES-0312,Vesta Vanilla Vegan Ice Cream,വെസ്റ്റ വാനില വീഗൻ ഐസ് ക്രീം,Desserts & Ice Creams,ml,Fixed,150.00,173.00,500 ml (₹150),500 ml: ₹150 | 1 L: ₹260,https://aadutygzgrbexxuznqlr.supabase.co/storage/v1/object/public/item-images/vesta/vanila-vegan.png
451,ANG-DES-0313,Vesta White Chocolate Bar Ice Cream,വെസ്റ്റ White ചോക്ലേറ്റ് ബാർ ഐസ് ക്രീം,Desserts & Ice Creams,ml,Fixed,35.00,41.00,70 ml (₹35),70 ml: ₹35,https://aadutygzgrbexxuznqlr.supabase.co/storage/v1/object/public/item-images/vesta/white-chocolate-bar.png
452,ANG-DES-0314,Vesta White Chocolate Conevita Ice Cream,വെസ്റ്റ White ചോക്ലേറ്റ് കോൺവിറ്റ ഐസ് ക്രീം,Desserts & Ice Creams,ml,Fixed,50.00,58.00,120 ml (₹50),120 ml: ₹50,https://aadutygzgrbexxuznqlr.supabase.co/storage/v1/object/public/item-images/vesta/white-chocolate-convevita-1.png
453,ANG-DES-0315,Vesta White Chocolate Sundae Ice Cream,വെസ്റ്റ White ചോക്ലേറ്റ് സൺഡേ ഐസ് ക്രീം,Desserts & Ice Creams,ml,Fixed,70.00,81.00,150 ml (₹70),150 ml: ₹70,https://aadutygzgrbexxuznqlr.supabase.co/storage/v1/object/public/item-images/vesta/sundae-white-chocolate.png
454,ANG-DES-0316,Camerry Red Velvet Ice Cream (Tub),കാമറി റെഡ് വെൽവെറ്റ് ഐസ് ക്രീം ടബ്ബ്,Desserts & Ice Creams,ml,Fixed,140.00,161.00,500 ml (₹140),500 ml: ₹140 | 1 L: ₹250,https://aadutygzgrbexxuznqlr.supabase.co/storage/v1/object/public/item-images/camerry/tub_1.png
455,ANG-DES-0317,Camerry Pista Ice Cream (Tub),കാമറി പിസ്ത ഐസ് ക്രീം ടബ്ബ്,Desserts & Ice Creams,ml,Fixed,140.00,161.00,500 ml (₹140),500 ml: ₹140 | 1 L: ₹250,https://aadutygzgrbexxuznqlr.supabase.co/storage/v1/object/public/item-images/camerry/tub_2.png
456,ANG-DES-0318,Camerry Butterscotch Ice Cream (Tub),കാമറി ബട്ടർസ്കോച്ച് ഐസ് ക്രീം ടബ്ബ്,Desserts & Ice Creams,ml,Fixed,140.00,161.00,500 ml (₹140),500 ml: ₹140 | 1 L: ₹250,https://aadutygzgrbexxuznqlr.supabase.co/storage/v1/object/public/item-images/camerry/tub_3.png
457,ANG-DES-0319,Camerry Jackfruit Ice Cream (Tub),കാമറി ചക്ക (ജാക്ക്ഫ്രൂട്ട്) ഐസ് ക്രീം ടബ്ബ്,Desserts & Ice Creams,ml,Fixed,140.00,161.00,500 ml (₹140),500 ml: ₹140 | 1 L: ₹250,https://aadutygzgrbexxuznqlr.supabase.co/storage/v1/object/public/item-images/camerry/tub_4.png
458,ANG-DES-0320,Camerry Kiwi Ice Cream (Tub),കാമറി കിവി ഐസ് ക്രീം ടബ്ബ്,Desserts & Ice Creams,ml,Fixed,140.00,161.00,500 ml (₹140),500 ml: ₹140 | 1 L: ₹250,https://aadutygzgrbexxuznqlr.supabase.co/storage/v1/object/public/item-images/camerry/tub_5.png
459,ANG-DES-0321,Camerry Chikoo Ice Cream (Tub),കാമറി ചിക്കു (സപ്പോട്ട) ഐസ് ക്രീം ടബ്ബ്,Desserts & Ice Creams,ml,Fixed,140.00,161.00,500 ml (₹140),500 ml: ₹140 | 1 L: ₹250,https://aadutygzgrbexxuznqlr.supabase.co/storage/v1/object/public/item-images/camerry/tub_6.png
460,ANG-DES-0322,Camerry Fig And Honey Ice Cream (Tub),കാമറി ഫിഗ് & ഹണി (അത്തിപ്പഴവും തേനും) ഐസ് ക്രീം ടബ്ബ്,Desserts & Ice Creams,ml,Fixed,140.00,161.00,500 ml (₹140),500 ml: ₹140 | 1 L: ₹250,https://aadutygzgrbexxuznqlr.supabase.co/storage/v1/object/public/item-images/camerry/tub_7.png
461,ANG-DES-0323,Camerry Kulfi Pistachio Ice Cream (Tub),കാമറി കുൾഫി പിസ്ത ഐസ് ക്രീം ടബ്ബ്,Desserts & Ice Creams,ml,Fixed,140.00,161.00,500 ml (₹140),500 ml: ₹140 | 1 L: ₹250,https://aadutygzgrbexxuznqlr.supabase.co/storage/v1/object/public/item-images/camerry/tub_8.png
462,ANG-DES-0324,Camerry Passion Fruit Ice Cream (Tub),കാമറി പാഷൻ ഫ്രൂട്ട് ഐസ് ക്രീം ടബ്ബ്,Desserts & Ice Creams,ml,Fixed,140.00,161.00,500 ml (₹140),500 ml: ₹140 | 1 L: ₹250,https://aadutygzgrbexxuznqlr.supabase.co/storage/v1/object/public/item-images/camerry/tub_9.png
463,ANG-DES-0325,Camerry Orange Ice Cream (Tub),കാമറി ഓറഞ്ച് ഐസ് ക്രീം ടബ്ബ്,Desserts & Ice Creams,ml,Fixed,140.00,161.00,500 ml (₹140),500 ml: ₹140 | 1 L: ₹250,https://aadutygzgrbexxuznqlr.supabase.co/storage/v1/object/public/item-images/camerry/tub_10.png
464,ANG-DES-0326,Camerry Blackcurrant Ice Cream (Tub),കാമറി ബ്ലാക്ക് കറന്റ് ഐസ് ക്രീം ടബ്ബ്,Desserts & Ice Creams,ml,Fixed,140.00,161.00,500 ml (₹140),500 ml: ₹140 | 1 L: ₹250,https://aadutygzgrbexxuznqlr.supabase.co/storage/v1/object/public/item-images/camerry/tub_11.png
465,ANG-DES-0327,Camerry Caramel Latte Ice Cream (Tub),കാമറി കാരമൽ ലാറ്റെ ഐസ് ക്രീം ടബ്ബ്,Desserts & Ice Creams,ml,Fixed,140.00,161.00,500 ml (₹140),500 ml: ₹140 | 1 L: ₹250,https://aadutygzgrbexxuznqlr.supabase.co/storage/v1/object/public/item-images/camerry/tub_12.png
466,ANG-DES-0328,Camerry Kesar Badam Pista Ice Cream (Tub),കാമറി കേസർ ബദാം പിസ്ത ഐസ് ക്രീം ടബ്ബ്,Desserts & Ice Creams,ml,Fixed,140.00,161.00,500 ml (₹140),500 ml: ₹140 | 1 L: ₹250,https://aadutygzgrbexxuznqlr.supabase.co/storage/v1/object/public/item-images/camerry/tub_13.png
467,ANG-DES-0329,Camerry Pineapple Ice Cream (Tub),കാമറി പൈനാപ്പിൾ ഐസ് ക്രീം ടബ്ബ്,Desserts & Ice Creams,ml,Fixed,140.00,161.00,500 ml (₹140),500 ml: ₹140 | 1 L: ₹250,https://aadutygzgrbexxuznqlr.supabase.co/storage/v1/object/public/item-images/camerry/tub_14.png
468,ANG-DES-0330,Camerry Datte Ice Cream (Tub),കാമറി ഈന്തപ്പഴം (ഡേറ്റ്സ്) ഐസ് ക്രീം ടബ്ബ്,Desserts & Ice Creams,ml,Fixed,140.00,161.00,500 ml (₹140),500 ml: ₹140 | 1 L: ₹250,https://aadutygzgrbexxuznqlr.supabase.co/storage/v1/object/public/item-images/camerry/tub_datte.png
469,ANG-DES-0331,Camerry Vanilla Ice Cream (Tub),കാമറി വാനില ഐസ് ക്രീം ടബ്ബ്,Desserts & Ice Creams,ml,Fixed,140.00,161.00,500 ml (₹140),500 ml: ₹140 | 1 L: ₹250,https://aadutygzgrbexxuznqlr.supabase.co/storage/v1/object/public/item-images/camerry/tub_vanilla.png
470,ANG-DES-0332,Camerry Spanish Delight Ice Cream (Tub),കാമറി സ്പാനിഷ് ഡിലൈറ്റ് ഐസ് ക്രീം ടബ്ബ്,Desserts & Ice Creams,ml,Fixed,140.00,161.00,500 ml (₹140),500 ml: ₹140 | 1 L: ₹250,https://aadutygzgrbexxuznqlr.supabase.co/storage/v1/object/public/item-images/camerry/tub_spanish-delight.png
471,ANG-DES-0333,Camerry Tender Coconut Ice Cream (Tub),കാമറി ഇളനീർ (ടെൻഡർ കോക്കനട്ട്) ഐസ് ക്രീം ടബ്ബ്,Desserts & Ice Creams,ml,Fixed,140.00,161.00,500 ml (₹140),500 ml: ₹140 | 1 L: ₹250,https://aadutygzgrbexxuznqlr.supabase.co/storage/v1/object/public/item-images/camerry/tub_tender-coconut.png
472,ANG-DES-0334,Camerry Strawberry Ice Cream (Tub),കാമറി സ്ട്രോബെറി ഐസ് ക്രീം ടബ്ബ്,Desserts & Ice Creams,ml,Fixed,140.00,161.00,500 ml (₹140),500 ml: ₹140 | 1 L: ₹250,https://aadutygzgrbexxuznqlr.supabase.co/storage/v1/object/public/item-images/camerry/tub_strawberry.png
473,ANG-DES-0335,Camerry Mango Ice Cream (Tub),കാമറി മാംഗോ (മാമ്പഴം) ഐസ് ക്രീം ടബ്ബ്,Desserts & Ice Creams,ml,Fixed,140.00,161.00,500 ml (₹140),500 ml: ₹140 | 1 L: ₹250,https://aadutygzgrbexxuznqlr.supabase.co/storage/v1/object/public/item-images/camerry/tub_mango.png
474,ANG-DES-0336,Camerry Blueberry Ice Cream (Tub),കാമറി ബ്ലൂബെറി ഐസ് ക്രീം ടബ്ബ്,Desserts & Ice Creams,ml,Fixed,140.00,161.00,500 ml (₹140),500 ml: ₹140 | 1 L: ₹250,https://aadutygzgrbexxuznqlr.supabase.co/storage/v1/object/public/item-images/camerry/tub_blueberry.png
475,ANG-DES-0337,Camerry Sitaphal Ice Cream (Tub),കാമറി ആത്തച്ചക്ക (സീതാഫൽ) ഐസ് ക്രീം ടബ്ബ്,Desserts & Ice Creams,ml,Fixed,140.00,161.00,500 ml (₹140),500 ml: ₹140 | 1 L: ₹250,https://aadutygzgrbexxuznqlr.supabase.co/storage/v1/object/public/item-images/camerry/tub_sitaphal.png
476,ANG-DES-0338,Camerry Chocolate Ice Cream (Tub),കാമറി ചോക്ലേറ്റ് ഐസ് ക്രീം ടബ്ബ്,Desserts & Ice Creams,ml,Fixed,140.00,161.00,500 ml (₹140),500 ml: ₹140 | 1 L: ₹250,https://aadutygzgrbexxuznqlr.supabase.co/storage/v1/object/public/item-images/camerry/tub_chocolate.png
477,ANG-DES-0339,Camerry Cookies N Cream Ice Cream (Tub),കാമറി കുക്കീസ് & ക്രീം ഐസ് ക്രീം ടബ്ബ്,Desserts & Ice Creams,ml,Fixed,140.00,161.00,500 ml (₹140),500 ml: ₹140 | 1 L: ₹250,https://aadutygzgrbexxuznqlr.supabase.co/storage/v1/object/public/item-images/camerry/tub_cookies-n-cream.png
478,ANG-DES-0340,Camerry Cotton Candy Ice Cream (Tub),കാമറി കോട്ടൺ കാൻഡി ഐസ് ക്രീം ടബ്ബ്,Desserts & Ice Creams,ml,Fixed,140.00,161.00,500 ml (₹140),500 ml: ₹140 | 1 L: ₹250,https://aadutygzgrbexxuznqlr.supabase.co/storage/v1/object/public/item-images/camerry/tub_cotton-candy.png
479,ANG-DES-0341,Camerry Bon Bon Ice Cream (Tub),കാമറി ബോൺ ബോൺ ഐസ് ക്രീം ടബ്ബ്,Desserts & Ice Creams,ml,Fixed,140.00,161.00,500 ml (₹140),500 ml: ₹140 | 1 L: ₹250,https://aadutygzgrbexxuznqlr.supabase.co/storage/v1/object/public/item-images/camerry/tub_bon-bon.png
480,ANG-DES-0342,Camerry Lemon Pie Ice Cream (Tub),കാമറി ലെമൺ പൈ ഐസ് ക്രീം ടബ്ബ്,Desserts & Ice Creams,ml,Fixed,140.00,161.00,500 ml (₹140),500 ml: ₹140 | 1 L: ₹250,https://aadutygzgrbexxuznqlr.supabase.co/storage/v1/object/public/item-images/camerry/tub_lemon-pie.png
481,ANG-DES-0343,Camerry Tiramisu Ice Cream (Tub),കാമറി തിരമിസു ഐസ് ക്രീം ടബ്ബ്,Desserts & Ice Creams,ml,Fixed,140.00,161.00,500 ml (₹140),500 ml: ₹140 | 1 L: ₹250,https://aadutygzgrbexxuznqlr.supabase.co/storage/v1/object/public/item-images/camerry/tub_tiramisu.png
482,ANG-DES-0344,Camerry Strawberry Cheese Cake Ice Cream (Tub),കാമറി സ്ട്രോബെറി ചീസ് കേക്ക് ഐസ് ക്രീം ടബ്ബ്,Desserts & Ice Creams,ml,Fixed,140.00,161.00,500 ml (₹140),500 ml: ₹140 | 1 L: ₹250,https://aadutygzgrbexxuznqlr.supabase.co/storage/v1/object/public/item-images/camerry/tub_strawberry-cheese.png
483,ANG-DES-0345,Camerry Vanilla Ice Cream (Cone),കാമറി വാനില ഐസ് ക്രീം കോൺ,Desserts & Ice Creams,ml,Fixed,45.00,52.00,120 ml (₹45),120 ml: ₹45,https://aadutygzgrbexxuznqlr.supabase.co/storage/v1/object/public/item-images/camerry/cone_1.png
484,ANG-DES-0346,Camerry Butter Scotch Ice Cream (Cone),കാമറി ബട്ടർസ്കോച്ച് ഐസ് ക്രീം കോൺ,Desserts & Ice Creams,ml,Fixed,45.00,52.00,120 ml (₹45),120 ml: ₹45,https://aadutygzgrbexxuznqlr.supabase.co/storage/v1/object/public/item-images/camerry/cone_2.png
485,ANG-DES-0347,Camerry Chocolate Ice Cream (Cone),കാമറി ചോക്ലേറ്റ് ഐസ് ക്രീം കോൺ,Desserts & Ice Creams,ml,Fixed,45.00,52.00,120 ml (₹45),120 ml: ₹45,https://aadutygzgrbexxuznqlr.supabase.co/storage/v1/object/public/item-images/camerry/cone_3.png
486,ANG-DES-0348,Camerry Strawberry Ice Cream (Cone),കാമറി സ്ട്രോബെറി ഐസ് ക്രീം കോൺ,Desserts & Ice Creams,ml,Fixed,45.00,52.00,120 ml (₹45),120 ml: ₹45,https://aadutygzgrbexxuznqlr.supabase.co/storage/v1/object/public/item-images/camerry/cone_cone-4.png
487,ANG-DES-0349,Camerry Pista Ice Cream (Cone),കാമറി പിസ്ത ഐസ് ക്രീം കോൺ,Desserts & Ice Creams,ml,Fixed,45.00,52.00,120 ml (₹45),120 ml: ₹45,https://aadutygzgrbexxuznqlr.supabase.co/storage/v1/object/public/item-images/camerry/cone_cone-5.png
488,ANG-DES-0350,Camerry Blackcurrant Ice Cream (Cone),കാമറി ബ്ലാക്ക് കറന്റ് ഐസ് ക്രീം കോൺ,Desserts & Ice Creams,ml,Fixed,45.00,52.00,120 ml (₹45),120 ml: ₹45,https://aadutygzgrbexxuznqlr.supabase.co/storage/v1/object/public/item-images/camerry/cone_cone-6.png
489,ANG-DES-0351,Camerry Red Velvet Ice Cream (Cone),കാമറി റെഡ് വെൽവെറ്റ് ഐസ് ക്രീം കോൺ,Desserts & Ice Creams,ml,Fixed,45.00,52.00,120 ml (₹45),120 ml: ₹45,https://aadutygzgrbexxuznqlr.supabase.co/storage/v1/object/public/item-images/camerry/cone_cone-7.png
490,ANG-DES-0352,Camerry Cotton Candy Ice Cream (Cone),കാമറി കോട്ടൺ കാൻഡി ഐസ് ക്രീം കോൺ,Desserts & Ice Creams,ml,Fixed,45.00,52.00,120 ml (₹45),120 ml: ₹45,https://aadutygzgrbexxuznqlr.supabase.co/storage/v1/object/public/item-images/camerry/cone_cone-8.png
491,ANG-DES-0353,Camerry Cookies N Cream Ice Cream (Cone),കാമറി കുക്കീസ് & ക്രീം ഐസ് ക്രീം കോൺ,Desserts & Ice Creams,ml,Fixed,45.00,52.00,120 ml (₹45),120 ml: ₹45,https://aadutygzgrbexxuznqlr.supabase.co/storage/v1/object/public/item-images/camerry/cone_cone-9.png
492,ANG-DES-0354,Camerry Spanish Delight Ice Cream (Cone),കാമറി സ്പാനിഷ് ഡിലൈറ്റ് ഐസ് ക്രീം കോൺ,Desserts & Ice Creams,ml,Fixed,45.00,52.00,120 ml (₹45),120 ml: ₹45,https://aadutygzgrbexxuznqlr.supabase.co/storage/v1/object/public/item-images/camerry/cone_cone-10.png
493,ANG-DES-0355,Camerry Mango Bar Ice Cream (Bar),കാമറി മാംഗോ ബാർ ഐസ് ക്രീം ബാർ,Desserts & Ice Creams,ml,Fixed,35.00,41.00,70 ml (₹35),70 ml: ₹35,https://aadutygzgrbexxuznqlr.supabase.co/storage/v1/object/public/item-images/camerry/bar_bar-mango.png
494,ANG-DES-0356,Camerry Choco Bar Ice Cream (Bar),കാമറി ചോക്കോ ബാർ ഐസ് ക്രീം ബാർ,Desserts & Ice Creams,ml,Fixed,35.00,41.00,70 ml (₹35),70 ml: ₹35,https://aadutygzgrbexxuznqlr.supabase.co/storage/v1/object/public/item-images/camerry/bar_bar-choco.png
495,ANG-DES-0357,Camerry Funfi Kulfi Ice Cream (Bar),കാമറി ഫൺഫി കുൾഫി ഐസ് ക്രീം ബാർ,Desserts & Ice Creams,ml,Fixed,35.00,41.00,70 ml (₹35),70 ml: ₹35,https://aadutygzgrbexxuznqlr.supabase.co/storage/v1/object/public/item-images/camerry/bar_funfi-kulfi.png
496,ANG-DES-0358,Camerry Crunchies Chocolate Ice Cream (Bar),കാമറി ക്രഞ്ചീസ് ചോക്ലേറ്റ് ഐസ് ക്രീം ബാർ,Desserts & Ice Creams,ml,Fixed,35.00,41.00,70 ml (₹35),70 ml: ₹35,https://aadutygzgrbexxuznqlr.supabase.co/storage/v1/object/public/item-images/camerry/bar_crunchies-chocolate.png
497,ANG-DES-0359,Camerry Berries N Crunchies Ice Cream (Bar),കാമറി ബെറീസ് & ക്രഞ്ചീസ് ഐസ് ക്രീം ബാർ,Desserts & Ice Creams,ml,Fixed,35.00,41.00,70 ml (₹35),70 ml: ₹35,https://aadutygzgrbexxuznqlr.supabase.co/storage/v1/object/public/item-images/camerry/bar_berries-n-crunchies.png
498,ANG-DES-0360,Camerry Mango Melody Ice Cream (Fruiticle / Pop),കാമറി മാംഗോ മെലഡി ഐസ് ക്രീം ഫ്രൂട്ടിക്കിൾ പോപ്പ്,Desserts & Ice Creams,ml,Fixed,25.00,29.00,60 ml (₹25),60 ml: ₹25,https://aadutygzgrbexxuznqlr.supabase.co/storage/v1/object/public/item-images/camerry/fruiticle___pop_fruiticle1.png
499,ANG-DES-0361,Camerry Pineapple Ice Cream (Fruiticle / Pop),കാമറി പൈനാപ്പിൾ ഐസ് ക്രീം ഫ്രൂട്ടിക്കിൾ പോപ്പ്,Desserts & Ice Creams,ml,Fixed,25.00,29.00,60 ml (₹25),60 ml: ₹25,https://aadutygzgrbexxuznqlr.supabase.co/storage/v1/object/public/item-images/camerry/fruiticle___pop_fruiticle2.png
500,ANG-DES-0362,Camerry Strawberry Ice Cream (Fruiticle / Pop),കാമറി സ്ട്രോബെറി ഐസ് ക്രീം ഫ്രൂട്ടിക്കിൾ പോപ്പ്,Desserts & Ice Creams,ml,Fixed,25.00,29.00,60 ml (₹25),60 ml: ₹25,https://aadutygzgrbexxuznqlr.supabase.co/storage/v1/object/public/item-images/camerry/fruiticle___pop_fruiticle3.png
501,ANG-DES-0363,Camerry Tropical Twist Ice Cream (Fruiticle / Pop),കാമറി ട്രോപ്പിക്കൽ ട്വിസ്റ്റ് ഐസ് ക്രീം ഫ്രൂട്ടിക്കിൾ പോപ്പ്,Desserts & Ice Creams,ml,Fixed,25.00,29.00,60 ml (₹25),60 ml: ₹25,https://aadutygzgrbexxuznqlr.supabase.co/storage/v1/object/public/item-images/camerry/fruiticle___pop_fruiticle4.png
502,ANG-DES-0364,Camerry Berry Lime Ice Cream (Fruiticle / Pop),കാമറി ബെറി ലൈം ഐസ് ക്രീം ഫ്രൂട്ടിക്കിൾ പോപ്പ്,Desserts & Ice Creams,ml,Fixed,25.00,29.00,60 ml (₹25),60 ml: ₹25,https://aadutygzgrbexxuznqlr.supabase.co/storage/v1/object/public/item-images/camerry/fruiticle___pop_fruiticle5.png
503,ANG-DES-0365,Camerry Chocolate Ice Cream (Milkies / Bar),കാമറി ചോക്ലേറ്റ് ഐസ് ക്രീം മിൽക്കീസ് ബാർ,Desserts & Ice Creams,ml,Fixed,30.00,35.00,65 ml (₹30),65 ml: ₹30,https://aadutygzgrbexxuznqlr.supabase.co/storage/v1/object/public/item-images/camerry/milkies___bar_7.png
504,ANG-DES-0366,Camerry Tender Coconut Ice Cream (Milkies / Bar),കാമറി ഇളനീർ (ടെൻഡർ കോക്കനട്ട്) ഐസ് ക്രീം മിൽക്കീസ് ബാർ,Desserts & Ice Creams,ml,Fixed,30.00,35.00,65 ml (₹30),65 ml: ₹30,https://aadutygzgrbexxuznqlr.supabase.co/storage/v1/object/public/item-images/camerry/milkies___bar_tc.png
505,ANG-DES-0367,Camerry Pista Ice Cream (Milkies / Bar),കാമറി പിസ്ത ഐസ് ക്രീം മിൽക്കീസ് ബാർ,Desserts & Ice Creams,ml,Fixed,30.00,35.00,65 ml (₹30),65 ml: ₹30,https://aadutygzgrbexxuznqlr.supabase.co/storage/v1/object/public/item-images/camerry/milkies___bar_9.png
506,ANG-DES-0368,Camerry Sipie Mango Ice Cream (Sipie),കാമറി സിപ്പി മാംഗോ ഐസ് ക്രീം സിപ്പി,Desserts & Ice Creams,ml,Fixed,15.00,18.00,50 ml (₹15),50 ml: ₹15 | 5 pcs Pack: ₹65,https://aadutygzgrbexxuznqlr.supabase.co/storage/v1/object/public/item-images/camerry/sipie_sipie-mango.png
507,ANG-DES-0369,Camerry Sipie Pineapple Ice Cream (Sipie),കാമറി സിപ്പി പൈനാപ്പിൾ ഐസ് ക്രീം സിപ്പി,Desserts & Ice Creams,ml,Fixed,15.00,18.00,50 ml (₹15),50 ml: ₹15 | 5 pcs Pack: ₹65,https://aadutygzgrbexxuznqlr.supabase.co/storage/v1/object/public/item-images/camerry/sipie_sipie-pineapple.png
508,ANG-DES-0370,Camerry Sipie Pista Ice Cream (Sipie),കാമറി സിപ്പി പിസ്ത ഐസ് ക്രീം സിപ്പി,Desserts & Ice Creams,ml,Fixed,15.00,18.00,50 ml (₹15),50 ml: ₹15 | 5 pcs Pack: ₹65,https://aadutygzgrbexxuznqlr.supabase.co/storage/v1/object/public/item-images/camerry/sipie_sipie-pista.png
509,ANG-DES-0371,Camerry Sipie Chocolate Ice Cream (Sipie),കാമറി സിപ്പി ചോക്ലേറ്റ് ഐസ് ക്രീം സിപ്പി,Desserts & Ice Creams,ml,Fixed,15.00,18.00,50 ml (₹15),50 ml: ₹15 | 5 pcs Pack: ₹65,https://aadutygzgrbexxuznqlr.supabase.co/storage/v1/object/public/item-images/camerry/sipie_sipie-chocolate.png
510,ANG-DES-0372,Camerry Sipie Strawberry Ice Cream (Sipie),കാമറി സിപ്പി സ്ട്രോബെറി ഐസ് ക്രീം സിപ്പി,Desserts & Ice Creams,ml,Fixed,15.00,18.00,50 ml (₹15),50 ml: ₹15 | 5 pcs Pack: ₹65,https://aadutygzgrbexxuznqlr.supabase.co/storage/v1/object/public/item-images/camerry/sipie_sipie-strawberry.png
511,ANG-DES-0373,Camerry Siesta Ice Cream (Speciality),കാമറി സിയസ്റ്റ ഐസ് ക്രീം സ്പെഷ്യാലിറ്റി,Desserts & Ice Creams,ml,Fixed,75.00,87.00,1 pc (150 ml) (₹75),1 pc (150 ml): ₹75,https://aadutygzgrbexxuznqlr.supabase.co/storage/v1/object/public/item-images/camerry/speciality_1.png
512,ANG-DES-0374,Camerry Puttu Ice Cream (Speciality),കാമറി പുട്ട് ഐസ് ക്രീം ഐസ് ക്രീം സ്പെഷ്യാലിറ്റി,Desserts & Ice Creams,ml,Fixed,90.00,104.00,1 pc (150 ml) (₹90),1 pc (150 ml): ₹90,https://aadutygzgrbexxuznqlr.supabase.co/storage/v1/object/public/item-images/camerry/speciality_2.png
513,ANG-DES-0375,Camerry Dream Cake Ice Cream (Speciality),കാമറി ഡ്രീം കേക്ക് ഐസ് ക്രീം സ്പെഷ്യാലിറ്റി,Desserts & Ice Creams,ml,Fixed,85.00,98.00,1 pc (150 ml) (₹85),1 pc (150 ml): ₹85,https://aadutygzgrbexxuznqlr.supabase.co/storage/v1/object/public/item-images/camerry/speciality_3.png
514,ANG-DES-0376,Camerry Fruity Bonanza Ice Cream (Speciality),കാമറി ഫ്രൂട്ടി ബൊനാൻസ ഐസ് ക്രീം സ്പെഷ്യാലിറ്റി,Desserts & Ice Creams,ml,Fixed,75.00,87.00,1 pc (150 ml) (₹75),1 pc (150 ml): ₹75,https://aadutygzgrbexxuznqlr.supabase.co/storage/v1/object/public/item-images/camerry/speciality_4.png
515,ANG-DES-0377,Camerry Dilse Red Velvet Ice Cream (Speciality),കാമറി ദിൽസെ റെഡ് വെൽവെറ്റ് ഐസ് ക്രീം സ്പെഷ്യാലിറ്റി,Desserts & Ice Creams,ml,Fixed,75.00,87.00,1 pc (150 ml) (₹75),1 pc (150 ml): ₹75,https://aadutygzgrbexxuznqlr.supabase.co/storage/v1/object/public/item-images/camerry/speciality_5.png
516,ANG-DES-0378,Camerry Dilse Butterscotch Chocolate Ice Cream (Speciality),കാമറി ദിൽസെ ബട്ടർസ്കോച്ച് ചോക്ലേറ്റ് ഐസ് ക്രീം സ്പെഷ്യാലിറ്റി,Desserts & Ice Creams,ml,Fixed,75.00,87.00,1 pc (150 ml) (₹75),1 pc (150 ml): ₹75,https://aadutygzgrbexxuznqlr.supabase.co/storage/v1/object/public/item-images/camerry/speciality_6.png
517,ANG-DES-0379,Elite Palada payasam Mix,എലൈറ്റ് പാലട പായസം മിക്സ്,Desserts & Ice Creams,g,Fixed,55.00,64.00,200 g (₹55),200 g: ₹55 | 300 g: ₹75,https://aadutygzgrbexxuznqlr.supabase.co/storage/v1/object/public/item-images/elite/instant_mix_palada_20payasam_20mix_20_1_.png
518,ANG-DES-0380,Elite Vermicelli payasam Mix,എലൈറ്റ് സേമിയ പായസം മിക്സ്,Desserts & Ice Creams,g,Fixed,55.00,64.00,200 g (₹55),200 g: ₹55 | 300 g: ₹75,https://aadutygzgrbexxuznqlr.supabase.co/storage/v1/object/public/item-images/elite/instant_mix_vermicelli_20payasam_20mix_20_1_.png
519,ANG-DES-0381,Elite Sadya Palada Mix,എലൈറ്റ് സദ്യ പാലട മിക്സ്,Desserts & Ice Creams,g,Fixed,55.00,64.00,200 g (₹55),200 g: ₹55 | 300 g: ₹75,https://aadutygzgrbexxuznqlr.supabase.co/storage/v1/object/public/item-images/elite/instant_mix_sadya_20palada_20200g.png
520,ANG-DES-0382,Aashirvaad Instant Gulab Jamun Mix,ആശീർവാദ് ഗുലാബ് ജാമുൻ മിക്സ്,Desserts & Ice Creams,g,Fixed,75.00,87.00,175 g (₹75),175 g: ₹75 | Buy 1 Get 1 (175g x 2): ₹135,https://aadutygzgrbexxuznqlr.supabase.co/storage/v1/object/public/item-images/demos/aashirvaad/aashirvaad_instant_gulab_jamun_mix_1789406420039.webp
521,ANG-DES-0383,Aashirvaad Instant Suji Halwa with Jaggery,ആശീർവാദ് ഇൻസ്റ്റന്റ് സൂജി ഹൽവ ശർക്കരയോടൊപ്പം,Desserts & Ice Creams,pack,Fixed,45.00,52.00,80 g Cup (₹45),80 g Cup: ₹45 | Pack of 3 Cups: ₹130,https://aadutygzgrbexxuznqlr.supabase.co/storage/v1/object/public/item-images/demos/aashirvaad/aashirvaad_instant_suji_halwa_1789406426821.webp
522,ANG-DRY-0001,Almonds (Badam),ബദാം,Dry Goods & Cereals,g,Manual,0.00,,100g (₹0),100g: ₹0 | 200g: ₹0 | 250g: ₹0 | 500g: ₹0 | 1kg: ₹0,https://images.unsplash.com/photo-1508061252224-4039b5a7765d?w=500&auto=format&fit=crop&q=80
523,ANG-DRY-0002,Cashew Nuts,കശുവണ്ടി (അണ്ടിപ്പരിപ്പ്),Dry Goods & Cereals,g,Manual,0.00,,100g (₹0),100g: ₹0 | 200g: ₹0 | 250g: ₹0 | 500g: ₹0 | 1kg: ₹0,https://aadutygzgrbexxuznqlr.supabase.co/storage/v1/object/public/item-images/demos/demo_1789311776962_279814.png
524,ANG-DRY-0003,Split Cashew Nuts (Kaju Tukda),മുറിച്ച കശുവണ്ടി,Dry Goods & Cereals,g,Manual,0.00,,100g (₹0),100g: ₹0 | 250g: ₹0 | 500g: ₹0 | 1kg: ₹0,https://images.unsplash.com/photo-1508061252224-4039b5a7765d?w=500&auto=format&fit=crop&q=80
525,ANG-DRY-0004,Walnuts,വാൽനട്ട് (അക്രോട്ട്),Dry Goods & Cereals,g,Manual,0.00,,100g (₹0),100g: ₹0 | 200g: ₹0 | 250g: ₹0 | 500g: ₹0,https://aadutygzgrbexxuznqlr.supabase.co/storage/v1/object/public/item-images/demos/demo_1789311959589_563633.webp
526,ANG-DRY-0005,Pistachios (Pista),പിസ്ത,Dry Goods & Cereals,g,Manual,0.00,,100g (₹0),100g: ₹0 | 200g: ₹0 | 250g: ₹0 | 500g: ₹0,https://images.unsplash.com/photo-1508061252224-4039b5a7765d?w=500&auto=format&fit=crop&q=80
527,ANG-DRY-0006,Raisins (Kishmish),ഉണക്കമുന്തിരി (കിസ്മിസ്),Dry Goods & Cereals,g,Manual,0.00,,100g (₹0),100g: ₹0 | 200g: ₹0 | 250g: ₹0 | 500g: ₹0 | 1kg: ₹0,https://images.unsplash.com/photo-1508061252224-4039b5a7765d?w=500&auto=format&fit=crop&q=80
528,ANG-DRY-0007,Arabian Dates (Seedless),ഈന്തപ്പഴം,Dry Goods & Cereals,g,Manual,0.00,,250g (₹0),250g: ₹0 | 500g: ₹0 | 1kg: ₹0,https://images.unsplash.com/photo-1508061252224-4039b5a7765d?w=500&auto=format&fit=crop&q=80
529,ANG-DRY-0008,Corn Flakes,കോൺ ഫ്ലേക്സ്,Dry Goods & Cereals,g,Fixed,0.00,,250g (₹0),250g: ₹0 | 475g: ₹0 | 875g: ₹0 | 1kg: ₹0,https://images.unsplash.com/photo-1586444248902-2f64eddc13df?w=500&auto=format&fit=crop&q=80
530,ANG-DRY-0009,Chocos,ചോക്കോസ്,Dry Goods & Cereals,g,Fixed,0.00,,125g (₹0),125g: ₹0 | 250g: ₹0 | 375g: ₹0 | 1kg: ₹0,https://images.unsplash.com/photo-1586444248902-2f64eddc13df?w=500&auto=format&fit=crop&q=80
531,ANG-DRY-0010,Rolled Oats,ഓട്സ്,Dry Goods & Cereals,kg,Fixed,0.00,,400g (₹0),400g: ₹0 | 500g: ₹0 | 1kg: ₹0 | 1.5kg: ₹0 | 2kg: ₹0,https://images.unsplash.com/photo-1586444248902-2f64eddc13df?w=500&auto=format&fit=crop&q=80
532,ANG-DRY-0011,Copra / Dry Coconut,കൊപ്ര (ഉണക്കത്തേങ്ങ),Dry Goods & Cereals,g,Manual,0.00,,250g (₹0),250g: ₹0 | 500g: ₹0 | 1kg: ₹0 | 2kg: ₹0,https://images.unsplash.com/photo-1526947425960-945c6e72858f?w=500&auto=format&fit=crop&q=80
533,ANG-DRY-0012,Roasted Peanuts,വറുത്ത കപ്പലണ്ടി,Dry Goods & Cereals,g,Manual,0.00,,100g (₹0),100g: ₹0 | 250g: ₹0 | 500g: ₹0 | 1kg: ₹0,https://images.unsplash.com/photo-1508061252224-4039b5a7765d?w=500&auto=format&fit=crop&q=80
534,ANG-DRY-0013,Elite Oats,എലൈറ്റ് ഓട്സ്,Dry Goods & Cereals,g,Fixed,85.00,98.00,500 g (₹85),500 g: ₹85 | 1 kg: ₹160,https://aadutygzgrbexxuznqlr.supabase.co/storage/v1/object/public/item-images/elite/more_health_range_oats-jar.png
535,ANG-DRY-0014,Elite Nutricare Wheat Germ,എലൈറ്റ് Nutricare Wheat Germ,Dry Goods & Cereals,g,Fixed,85.00,98.00,500 g (₹85),500 g: ₹85 | 1 kg: ₹160,https://aadutygzgrbexxuznqlr.supabase.co/storage/v1/object/public/item-images/elite/more_health_range_wheat-germ-200g.png
536,ANG-DRY-0015,Elite Fibero Wheat Bran,എലൈറ്റ് Fibero Wheat Bran,Dry Goods & Cereals,g,Fixed,85.00,98.00,500 g (₹85),500 g: ₹85 | 1 kg: ₹160,https://aadutygzgrbexxuznqlr.supabase.co/storage/v1/object/public/item-images/elite/more_health_range_wheat-bran-500g.png
537,ANG-DRY-0016,Elite Cleaned Ragi,എലൈറ്റ് റാഗി,Dry Goods & Cereals,g,Fixed,85.00,98.00,500 g (₹85),500 g: ₹85 | 1 kg: ₹160,https://aadutygzgrbexxuznqlr.supabase.co/storage/v1/object/public/item-images/elite/more_health_range_ragi.png
538,ANG-FRE-0065,Fresh Onion (Savadha),,Fresh Vegetables,kg,Manual,57.00,0.00,1 kg (₹57),1 kg: ₹57 | 250g: ₹14.25 | 500g: ₹28.5,https://images.unsplash.com/photo-1618512496248-a07fe83aa8cb?w=500&auto=format&fit=crop&q=80
539,ANG-FRE-0066,Fresh Potato (Urulakkizhangu),,Fresh Vegetables,kg,Manual,22.00,0.00,1 kg (₹22),1 kg: ₹22 | 250g: ₹5.5 | 500g: ₹11,https://images.unsplash.com/photo-1518977676601-b53f82aba655?w=500&auto=format&fit=crop&q=80
540,ANG-FRE-0067,Fresh Desi Tomato (Thakkali),,Fresh Vegetables,g,Manual,38.00,0.00,500 g (₹38),500 g: ₹38,https://images.unsplash.com/photo-1592924357228-91a4daadcfea?w=500&auto=format&fit=crop&q=80
541,ANG-FRE-0068,Fresh Hybrid Tomato (Thakkali),,Fresh Vegetables,g,Manual,29.00,0.00,500 g (₹29),500 g: ₹29,https://images.unsplash.com/photo-1592924357228-91a4daadcfea?w=500&auto=format&fit=crop&q=80
542,ANG-FRE-0069,Fresh Coriander Bunch (Malli Ila),,Fresh Vegetables,g,Manual,24.00,0.00,100 g (₹24),100 g: ₹24,https://images.unsplash.com/photo-1588879460618-9249e7d947d1?w=500&auto=format&fit=crop&q=80
543,ANG-FRE-0070,Fresh Green Chilli (Pachamulaku),,Fresh Vegetables,g,Manual,12.00,0.00,100 g (₹12),100 g: ₹12,https://images.unsplash.com/photo-1588252303782-cb80119abd6d?w=500&auto=format&fit=crop&q=80
544,ANG-FRE-0071,Fresh Ginger (Inji),,Fresh Vegetables,g,Manual,42.00,0.00,200 g (₹42),200 g: ₹42,https://images.unsplash.com/photo-1615485290382-441e4d049cb5?w=500&auto=format&fit=crop&q=80
545,ANG-FRE-0072,Fresh Garlic (Veluthulli),,Fresh Vegetables,g,Manual,58.00,0.00,200 g (₹58),200 g: ₹58,https://images.unsplash.com/photo-1587049352846-4a222e784d38?w=500&auto=format&fit=crop&q=80
546,ANG-FRE-0073,Fresh Lemon,,Fresh Vegetables,g,Manual,65.00,0.00,200 g (₹65),200 g: ₹65,https://images.unsplash.com/photo-1592924357228-91a4daadcfea?w=500&auto=format&fit=crop&q=80
547,ANG-FRE-0074,Fresh Orange Carrot (Carrot),,Fresh Vegetables,g,Manual,22.00,0.00,200 g (₹22),200 g: ₹22,https://images.unsplash.com/photo-1447175008436-054170c2e979?w=500&auto=format&fit=crop&q=80
548,ANG-FRE-0075,Fresh English Cucumber (Vellarikka),,Fresh Vegetables,pcs,Fixed,33.00,0.00,1 pc (₹33),1 pc: ₹33,https://images.unsplash.com/photo-1604977042946-1eecc30f269e?w=500&auto=format&fit=crop&q=80
549,ANG-FRE-0076,Fresh Green Cucumber (Vellarikka),,Fresh Vegetables,g,Manual,30.00,0.00,250 g (₹30),250 g: ₹30,https://images.unsplash.com/photo-1604977042946-1eecc30f269e?w=500&auto=format&fit=crop&q=80
550,ANG-FRE-0077,Fresh Green Capsicum (Capsicum),,Fresh Vegetables,g,Manual,26.00,0.00,250 g (₹26),250 g: ₹26,https://images.unsplash.com/photo-1563565375-f3fdfdbefa83?w=500&auto=format&fit=crop&q=80
551,ANG-FRE-0078,Fresh Lady Finger (Vendakka),,Fresh Vegetables,g,Manual,14.00,0.00,250 g (₹14),250 g: ₹14,https://images.unsplash.com/photo-1425543103986-22abb7d7e8d2?w=500&auto=format&fit=crop&q=80
552,ANG-FRE-0079,Fresh Cauliflower (Cauliflower),,Fresh Vegetables,g,Manual,58.00,0.00,400 g (₹58),400 g: ₹58,https://images.unsplash.com/photo-1568584711075-3d021a7c3ca3?w=500&auto=format&fit=crop&q=80
553,ANG-FRE-0080,Fresh Cabbage (Muttakose),,Fresh Vegetables,g,Manual,37.00,0.00,400 g (₹37),400 g: ₹37,https://images.unsplash.com/photo-1568584711075-3d021a7c3ca3?w=500&auto=format&fit=crop&q=80
554,ANG-FRE-0081,Fresh Bottle Gourd (Churakka),,Fresh Vegetables,g,Manual,17.00,0.00,400 g (₹17),400 g: ₹17,https://images.unsplash.com/photo-1597362925123-77861d3fbac7?w=500&auto=format&fit=crop&q=80
555,ANG-FRE-0082,"Fresh Bitter Gourd (Pavakka, kaypangha)",,Fresh Vegetables,g,Manual,22.00,0.00,250 g (₹22),250 g: ₹22,https://aadutygzgrbexxuznqlr.supabase.co/storage/v1/object/public/item-images/demos/demo_1788760419651_820605.jpg
556,ANG-FRE-0083,Fresh Pointed Gourd (Parwal),,Fresh Vegetables,g,Manual,25.00,0.00,250 g (₹25),250 g: ₹25,https://images.unsplash.com/photo-1597362925123-77861d3fbac7?w=500&auto=format&fit=crop&q=80
557,ANG-FRE-0084,Fresh Sponge Gourd (Peechinga),,Fresh Vegetables,g,Manual,25.00,0.00,250 g (₹25),250 g: ₹25,https://images.unsplash.com/photo-1597362925123-77861d3fbac7?w=500&auto=format&fit=crop&q=80
558,ANG-FRE-0085,Fresh Ridge Gourd (Peechinga),,Fresh Vegetables,g,Manual,24.00,0.00,250 g (₹24),250 g: ₹24,https://images.unsplash.com/photo-1597362925123-77861d3fbac7?w=500&auto=format&fit=crop&q=80
559,ANG-FRE-0086,Fresh Round Gourd (Tinda),,Fresh Vegetables,g,Manual,24.00,0.00,250 g (₹24),250 g: ₹24,https://images.unsplash.com/photo-1597362925123-77861d3fbac7?w=500&auto=format&fit=crop&q=80
560,ANG-FRE-0087,Fresh Ivy Gourd (Kovakka),,Fresh Vegetables,g,Manual,18.00,0.00,250 g (₹18),250 g: ₹18,https://images.unsplash.com/photo-1597362925123-77861d3fbac7?w=500&auto=format&fit=crop&q=80
561,ANG-FRE-0088,Fresh French Beans,,Fresh Vegetables,g,Manual,29.00,0.00,250 g (₹29),250 g: ₹29,https://images.unsplash.com/photo-1597362925123-77861d3fbac7?w=500&auto=format&fit=crop&q=80
562,ANG-FRE-0089,Fresh Cluster Beans (Kothavara),,Fresh Vegetables,g,Manual,28.00,0.00,250 g (₹28),250 g: ₹28,https://images.unsplash.com/photo-1597362925123-77861d3fbac7?w=500&auto=format&fit=crop&q=80
563,ANG-FRE-0090,Fresh Brinjal Bharta (Vazhuthananga),,Fresh Vegetables,pcs,Fixed,23.00,0.00,1 pc (₹23),1 pc: ₹23,https://aadutygzgrbexxuznqlr.supabase.co/storage/v1/object/public/item-images/demos/demo_1788760519628_706884.jpg
564,ANG-FRE-0091,Fresh Small Purple Brinjal,,Fresh Vegetables,g,Manual,15.00,0.00,250 g (₹15),250 g: ₹15,https://images.unsplash.com/photo-1615484477778-ca3b77940c25?w=500&auto=format&fit=crop&q=80
565,ANG-FRE-0092,Fresh Green Brinjal,,Fresh Vegetables,g,Manual,16.00,0.00,250 g (₹16),250 g: ₹16,https://images.unsplash.com/photo-1615484477778-ca3b77940c25?w=500&auto=format&fit=crop&q=80
566,ANG-FRE-0093,Fresh Beetroot (Beetroot),,Fresh Vegetables,g,Manual,36.00,0.00,250 g (₹36),250 g: ₹36,https://aadutygzgrbexxuznqlr.supabase.co/storage/v1/object/public/item-images/demos/demo_1788760357746_788756.jpg
567,ANG-FRE-0094,Fresh Radish (Mullangi),,Fresh Vegetables,g,Manual,20.00,0.00,250 g (₹20),250 g: ₹20,https://images.unsplash.com/photo-1590165482129-1b8b27698780?w=500&auto=format&fit=crop&q=80
568,ANG-FRE-0095,Fresh Arvi (Chembu),,Fresh Vegetables,g,Manual,17.00,0.00,250 g (₹17),250 g: ₹17,https://images.unsplash.com/photo-1592924357228-91a4daadcfea?w=500&auto=format&fit=crop&q=80
569,ANG-FRE-0096,Fresh Sweet Potato (Madhurakkizhangu),,Fresh Vegetables,g,Manual,32.00,0.00,500 g (₹32),500 g: ₹32,https://images.unsplash.com/photo-1596386461350-326ccb383e9f?w=500&auto=format&fit=crop&q=80
570,ANG-FRE-0097,Fresh Red Potato (Urulakkizhangu),,Fresh Vegetables,kg,Manual,24.00,0.00,1 kg (₹24),1 kg: ₹24 | 250g: ₹6 | 500g: ₹12,https://images.unsplash.com/photo-1590165482129-1b8b27698780?w=500&auto=format&fit=crop&q=80
571,ANG-FRE-0098,Fresh Portion Pumpkin (Mathanga),,Fresh Vegetables,g,Manual,44.00,0.00,300 g (₹44),300 g: ₹44,https://images.unsplash.com/photo-1509198397868-475647b2a1e5?w=500&auto=format&fit=crop&q=80
572,ANG-FRE-0099,Fresh Raw Banana (Pacha Kaya),,Fresh Vegetables,pcs,Fixed,24.00,0.00,3 pcs (₹24),3 pcs: ₹24,https://images.unsplash.com/photo-1528825871115-3581a5387919?w=500&auto=format&fit=crop&q=80
573,ANG-FRE-0100,Fresh Raw Papaya (Pacha Omakka),,Fresh Vegetables,pcs,Fixed,30.00,0.00,1 pc (₹30),1 pc: ₹30,https://images.unsplash.com/photo-1592924357228-91a4daadcfea?w=500&auto=format&fit=crop&q=80
574,ANG-FRE-0101,Fresh Raw Mango (Pacha Manga),,Fresh Vegetables,g,Manual,65.00,0.00,250 g (₹65),250 g: ₹65,https://images.unsplash.com/photo-1592924357228-91a4daadcfea?w=500&auto=format&fit=crop&q=80
575,ANG-FRE-0102,Fresh Green Peas (Pachapattani),,Fresh Vegetables,g,Manual,82.00,0.00,250 g (₹82),250 g: ₹82,https://images.unsplash.com/photo-1587735243615-c03f25aaff15?w=500&auto=format&fit=crop&q=80
576,ANG-FRE-0103,Fresh Button Mushroom,,Fresh Vegetables,g,Manual,49.00,0.00,180 g (₹49),180 g: ₹49,https://images.unsplash.com/photo-1504544750208-dc0358e63f7f?w=500&auto=format&fit=crop&q=80
577,ANG-FRE-0104,Fresh Peeled Garlic,,Fresh Vegetables,g,Manual,60.00,0.00,100 g (₹60),100 g: ₹60,https://images.unsplash.com/photo-1587049352846-4a222e784d38?w=500&auto=format&fit=crop&q=80
578,ANG-FRE-0105,Fresh American Sweet Corn Cob,,Fresh Vegetables,pcs,Fixed,22.00,0.00,1 pc (₹22),1 pc: ₹22,https://images.unsplash.com/photo-1551754655-cd27e38d2076?w=500&auto=format&fit=crop&q=80
579,ANG-FRE-0106,Fresh Amla (Nellikka),,Fresh Vegetables,g,Manual,80.00,0.00,250 g (₹80),250 g: ₹80,https://images.unsplash.com/photo-1615485500704-8e990f9900f7?w=500&auto=format&fit=crop&q=80
580,ANG-FRE-0107,Fresh Drumstick (Muringakkol),,Fresh Vegetables,pcs,Fixed,28.00,0.00,2 pcs (₹28),2 pcs: ₹28,https://images.unsplash.com/photo-1597362925123-77861d3fbac7?w=500&auto=format&fit=crop&q=80
581,ANG-FRE-0108,Fresh Yam (Chena),,Fresh Vegetables,g,Manual,32.00,0.00,250 g (₹32),250 g: ₹32,https://images.unsplash.com/photo-1596386461350-326ccb383e9f?w=500&auto=format&fit=crop&q=80
582,ANG-FRE-0109,Fresh Kachri,,Fresh Vegetables,g,Manual,24.00,0.00,250 g (₹24),250 g: ₹24,https://images.unsplash.com/photo-1592924357228-91a4daadcfea?w=500&auto=format&fit=crop&q=80
583,ANG-FRE-0110,Fresh Snake Gourd,,Fresh Vegetables,g,Manual,22.00,0.00,250 g (₹22),250 g: ₹22,https://images.unsplash.com/photo-1597362925123-77861d3fbac7?w=500&auto=format&fit=crop&q=80
584,ANG-FRE-0111,Fresh Ash Gourd (Kumbalanga),,Fresh Vegetables,g,Manual,28.00,0.00,500 g (₹28),500 g: ₹28,https://images.unsplash.com/photo-1597362925123-77861d3fbac7?w=500&auto=format&fit=crop&q=80
585,ANG-FRE-0112,Fresh Banana Flower,,Fresh Vegetables,pcs,Fixed,35.00,0.00,1 pc (₹35),1 pc: ₹35,https://images.unsplash.com/photo-1528825871115-3581a5387919?w=500&auto=format&fit=crop&q=80
586,ANG-FRE-0113,Fresh Banana Stem (vazhakkoomb),,Fresh Vegetables,pcs,Fixed,30.00,0.00,1 pc (₹30),1 pc: ₹30,https://aadutygzgrbexxuznqlr.supabase.co/storage/v1/object/public/item-images/demos/demo_1788760301727_487820.jpg
587,ANG-FRE-0114,Fresh Kamal Kakdi (Thamara Valayam),,Fresh Vegetables,g,Manual,48.00,0.00,250 g (₹48),250 g: ₹48,https://images.unsplash.com/photo-1590165482129-1b8b27698780?w=500&auto=format&fit=crop&q=80
588,ANG-FRE-0115,Fresh Spinach (Palak Cheera),,Fresh Vegetables,g,Manual,34.00,0.00,200 g (₹34),200 g: ₹34,https://images.unsplash.com/photo-1576045057995-568f588f82fb?w=500&auto=format&fit=crop&q=80
589,ANG-FRE-0116,Fresh Mint Leaves (Puthina),,Fresh Vegetables,g,Manual,24.00,0.00,100 g (₹24),100 g: ₹24,https://images.unsplash.com/photo-1628556270448-4d4e4148e1b1?w=500&auto=format&fit=crop&q=80
590,ANG-FRE-0117,Fresh Spring Onion (Ullithandu),,Fresh Vegetables,g,Manual,39.00,0.00,150 g (₹39),150 g: ₹39,https://images.unsplash.com/photo-1610832958506-aa56368176cf?w=500&auto=format&fit=crop&q=80
591,ANG-FRE-0118,Fresh Curry Leaves (Kariveppila),,Fresh Vegetables,g,Manual,14.00,0.00,50 g (₹14),50 g: ₹14,https://images.unsplash.com/photo-1628556270448-4d4e4148e1b1?w=500&auto=format&fit=crop&q=80
592,ANG-FRE-0119,Fresh Methi (Uluva Ila),,Fresh Vegetables,g,Manual,28.00,0.00,200 g (₹28),200 g: ₹28,https://images.unsplash.com/photo-1576045057995-568f588f82fb?w=500&auto=format&fit=crop&q=80
593,ANG-FRE-0120,Fresh Sarson Saag,,Fresh Vegetables,g,Manual,24.00,0.00,250 g (₹24),250 g: ₹24,https://images.unsplash.com/photo-1576045057995-568f588f82fb?w=500&auto=format&fit=crop&q=80
594,ANG-FRE-0121,Fresh Bathua Leaves,,Fresh Vegetables,g,Manual,22.00,0.00,200 g (₹22),200 g: ₹22,https://images.unsplash.com/photo-1576045057995-568f588f82fb?w=500&auto=format&fit=crop&q=80
595,ANG-FRE-0122,Fresh Chawli Leaves (Cheera),,Fresh Vegetables,g,Manual,24.00,0.00,250 g (₹24),250 g: ₹24,https://images.unsplash.com/photo-1576045057995-568f588f82fb?w=500&auto=format&fit=crop&q=80
596,ANG-FRE-0123,Fresh Red Amaranth Leaves,,Fresh Vegetables,g,Manual,25.00,0.00,250 g (₹25),250 g: ₹25,https://images.unsplash.com/photo-1576045057995-568f588f82fb?w=500&auto=format&fit=crop&q=80
597,ANG-FRE-0124,Fresh Poi Saag (Valli Cheera),,Fresh Vegetables,g,Manual,24.00,0.00,250 g (₹24),250 g: ₹24,https://images.unsplash.com/photo-1576045057995-568f588f82fb?w=500&auto=format&fit=crop&q=80
598,ANG-FRE-0125,Fresh Gongura Leaves,,Fresh Vegetables,g,Manual,20.00,0.00,100 g (₹20),100 g: ₹20,https://images.unsplash.com/photo-1576045057995-568f588f82fb?w=500&auto=format&fit=crop&q=80
599,ANG-FRE-0126,Fresh Betel Leaves (Vettila),,Fresh Vegetables,pcs,Fixed,19.00,0.00,5 pcs (₹19),5 pcs: ₹19,https://images.unsplash.com/photo-1563245372-f21724e3856d?w=500&auto=format&fit=crop&q=80
600,ANG-FRE-0127,Fresh Iceberg Lettuce,,Fresh Vegetables,g,Manual,76.00,0.00,250 g (₹76),250 g: ₹76,https://images.unsplash.com/photo-1556801712-76c8eb07bbc9?w=500&auto=format&fit=crop&q=80
601,ANG-FRE-0128,Fresh Lettuce Mix,,Fresh Vegetables,g,Manual,55.00,0.00,100 g (₹55),100 g: ₹55,https://images.unsplash.com/photo-1556801712-76c8eb07bbc9?w=500&auto=format&fit=crop&q=80
602,ANG-FRE-0129,Fresh Romaine Lettuce,,Fresh Vegetables,g,Manual,35.00,0.00,100 g (₹35),100 g: ₹35,https://images.unsplash.com/photo-1556801712-76c8eb07bbc9?w=500&auto=format&fit=crop&q=80
603,ANG-FRE-0130,Fresh Baby Spinach,,Fresh Vegetables,g,Manual,81.00,0.00,100 g (₹81),100 g: ₹81,https://images.unsplash.com/photo-1576045057995-568f588f82fb?w=500&auto=format&fit=crop&q=80
604,ANG-FRE-0131,Fresh Parsley,,Fresh Vegetables,g,Manual,58.00,0.00,25 g (₹58),25 g: ₹58,https://images.unsplash.com/photo-1515543237350-b3eea1ec8082?w=500&auto=format&fit=crop&q=80
605,ANG-FRE-0132,Fresh Holy Tulsi,,Fresh Vegetables,g,Manual,15.00,0.00,10 g (₹15),10 g: ₹15,https://images.unsplash.com/photo-1608686207856-001b95cf60ca?w=500&auto=format&fit=crop&q=80
606,ANG-FRE-0133,Fresh Italian Basil Leaves,,Fresh Vegetables,g,Manual,58.00,0.00,50 g (₹58),50 g: ₹58,https://images.unsplash.com/photo-1608686207856-001b95cf60ca?w=500&auto=format&fit=crop&q=80
607,ANG-FRE-0134,Fresh Thai Sweet Basil Leaves,,Fresh Vegetables,g,Manual,37.00,0.00,25 g (₹37),25 g: ₹37,https://images.unsplash.com/photo-1608686207856-001b95cf60ca?w=500&auto=format&fit=crop&q=80
608,ANG-FRE-0135,Fresh Bok Choy,,Fresh Vegetables,g,Manual,70.00,0.00,200 g (₹70),200 g: ₹70,https://aadutygzgrbexxuznqlr.supabase.co/storage/v1/object/public/item-images/demos/demo_1788760476478_603552.jpg
609,ANG-FRE-0136,Fresh Celery,,Fresh Vegetables,g,Manual,83.00,0.00,100 g (₹83),100 g: ₹83,https://images.unsplash.com/photo-1515543237350-b3eea1ec8082?w=500&auto=format&fit=crop&q=80
610,ANG-FRE-0137,Fresh Rosemary,,Fresh Vegetables,g,Manual,44.00,0.00,10 g (₹44),10 g: ₹44,https://images.unsplash.com/photo-1515543237350-b3eea1ec8082?w=500&auto=format&fit=crop&q=80
611,ANG-FRE-0138,Fresh Lemongrass,,Fresh Vegetables,g,Manual,52.00,0.00,100 g (₹52),100 g: ₹52,https://images.unsplash.com/photo-1540420773420-3366772f4999?w=500&auto=format&fit=crop&q=80
612,ANG-FRE-0139,Fresh Kaffir Lime Leaves,,Fresh Vegetables,g,Manual,76.00,0.00,10 g (₹76),10 g: ₹76,https://images.unsplash.com/photo-1592924357228-91a4daadcfea?w=500&auto=format&fit=crop&q=80
613,ANG-FRE-0140,Fresh Flat Kale Leaves,,Fresh Vegetables,g,Manual,97.00,0.00,100 g (₹97),100 g: ₹97,https://images.unsplash.com/photo-1556801712-76c8eb07bbc9?w=500&auto=format&fit=crop&q=80
614,ANG-FRE-0141,Fresh Garlic Chives,,Fresh Vegetables,g,Manual,43.00,0.00,10 g (₹43),10 g: ₹43,https://images.unsplash.com/photo-1610832958506-aa56368176cf?w=500&auto=format&fit=crop&q=80
615,ANG-FRE-0142,Fresh Neem Sticks,,Fresh Vegetables,g,Manual,52.00,0.00,100 g (₹52),100 g: ₹52,https://images.unsplash.com/photo-1563245372-f21724e3856d?w=500&auto=format&fit=crop&q=80
616,ANG-FRE-0143,Fresh Banana Leaf (Vazhayila),,Fresh Vegetables,pcs,Fixed,89.00,0.00,5 pcs (₹89),5 pcs: ₹89,https://images.unsplash.com/photo-1513836279014-a89f7a76ae86?w=500&auto=format&fit=crop&q=80
617,ANG-FRE-0144,Fresh Thyme,,Fresh Vegetables,g,Manual,39.00,0.00,10 g (₹39),10 g: ₹39,https://images.unsplash.com/photo-1515543237350-b3eea1ec8082?w=500&auto=format&fit=crop&q=80
618,ANG-FRE-0145,Fresh Red Bell Pepper,,Fresh Vegetables,g,Manual,60.00,0.00,125 g (₹60),125 g: ₹60,https://images.unsplash.com/photo-1526470608268-f674ce90ebd4?w=500&auto=format&fit=crop&q=80
619,ANG-FRE-0146,Fresh Yellow Bell Pepper,,Fresh Vegetables,g,Manual,61.00,0.00,125 g (₹61),125 g: ₹61,https://images.unsplash.com/photo-1596547609652-9cf5d8d76921?w=500&auto=format&fit=crop&q=80
620,ANG-FRE-0147,Fresh Broccoli (brokoli),,Fresh Vegetables,g,Manual,106.00,0.00,300 g (₹106),300 g: ₹106,https://aadutygzgrbexxuznqlr.supabase.co/storage/v1/object/public/item-images/demos/demo_1788760586582_698658.jpg
621,ANG-FRE-0149,Fresh Green Zucchini,,Fresh Vegetables,g,Manual,35.00,0.00,200 g (₹35),200 g: ₹35,https://images.unsplash.com/photo-1592924357228-91a4daadcfea?w=500&auto=format&fit=crop&q=80
622,ANG-FRE-0150,Fresh Yellow Zucchini,,Fresh Vegetables,g,Manual,38.00,0.00,200 g (₹38),200 g: ₹38,https://images.unsplash.com/photo-1592924357228-91a4daadcfea?w=500&auto=format&fit=crop&q=80
623,ANG-FRE-0151,Fresh Cherry Tomatoes,,Fresh Vegetables,g,Manual,36.00,0.00,200 g (₹36),200 g: ₹36,https://images.unsplash.com/photo-1592924357228-91a4daadcfea?w=500&auto=format&fit=crop&q=80
624,ANG-FRE-0152,Fresh Baby Corn,,Fresh Vegetables,g,Manual,42.00,0.00,200 g (₹42),200 g: ₹42,https://images.unsplash.com/photo-1543362906-acfc16c67564?w=500&auto=format&fit=crop&q=80
625,ANG-FRE-0153,Fresh Portobello Mushroom,,Fresh Vegetables,g,Manual,98.00,0.00,150 g (₹98),150 g: ₹98,https://images.unsplash.com/photo-1504544750208-dc0358e63f7f?w=500&auto=format&fit=crop&q=80
626,ANG-FRE-0154,Fresh Shiitake Mushroom,,Fresh Vegetables,g,Manual,125.00,0.00,100 g (₹125),100 g: ₹125,https://images.unsplash.com/photo-1504544750208-dc0358e63f7f?w=500&auto=format&fit=crop&q=80
627,ANG-FRE-0155,Fresh Button Mushroom Pack,,Fresh Vegetables,g,Manual,52.00,0.00,200 g (₹52),200 g: ₹52,https://images.unsplash.com/photo-1504544750208-dc0358e63f7f?w=500&auto=format&fit=crop&q=80
628,ANG-FRE-0157,Fresh Asparagus Green,,Fresh Vegetables,g,Manual,149.00,0.00,100 g (₹149),100 g: ₹149,https://images.unsplash.com/photo-1592924357228-91a4daadcfea?w=500&auto=format&fit=crop&q=80
629,ANG-FRE-0158,Fresh Red Cabbage,,Fresh Vegetables,g,Manual,36.00,0.00,250 g (₹36),250 g: ₹36,https://images.unsplash.com/photo-1594282486552-05b4d80fbb9f?w=500&auto=format&fit=crop&q=80
630,ANG-FRE-0159,Fresh Chinese Cabbage,,Fresh Vegetables,g,Manual,40.00,0.00,300 g (₹40),300 g: ₹40,https://images.unsplash.com/photo-1551893478-d726eaf0442c?w=500&auto=format&fit=crop&q=80
631,ANG-FRE-0160,Fresh Snow Peas,,Fresh Vegetables,g,Manual,75.00,0.00,100 g (₹75),100 g: ₹75,https://images.unsplash.com/photo-1587735243615-c03f25aaff15?w=500&auto=format&fit=crop&q=80
632,ANG-FRE-0161,Fresh Edamame Beans,,Fresh Vegetables,g,Manual,135.00,0.00,200 g (₹135),200 g: ₹135,https://images.unsplash.com/photo-1597362925123-77861d3fbac7?w=500&auto=format&fit=crop&q=80
633,ANG-FRE-0162,Fresh Brussels Sprouts,,Fresh Vegetables,g,Manual,115.00,0.00,200 g (₹115),200 g: ₹115,https://images.unsplash.com/photo-1540420773420-3366772f4999?w=500&auto=format&fit=crop&q=80
634,ANG-FRE-0163,Fresh Leek,,Fresh Vegetables,g,Manual,60.00,0.00,150 g (₹60),150 g: ₹60,https://images.unsplash.com/photo-1610832958506-aa56368176cf?w=500&auto=format&fit=crop&q=80
635,ANG-FRE-0164,Fresh Purple Sweet Potato,,Fresh Vegetables,g,Manual,65.00,0.00,250 g (₹65),250 g: ₹65,https://images.unsplash.com/photo-1596386461350-326ccb383e9f?w=500&auto=format&fit=crop&q=80
636,ANG-FRE-0215,Organically Grown Potato (Urulakkizhangu),,Fresh Vegetables,kg,Manual,38.00,0.00,1 kg (₹38),1 kg: ₹38 | 250g: ₹9.5 | 500g: ₹19,https://images.unsplash.com/photo-1518977676601-b53f82aba655?w=500&auto=format&fit=crop&q=80
637,ANG-FRE-0216,Organically Grown Onion (Savadha),,Fresh Vegetables,kg,Manual,51.00,0.00,1 kg (₹51),1 kg: ₹51 | 250g: ₹12.75 | 500g: ₹25.5,https://images.unsplash.com/photo-1618512496248-a07fe83aa8cb?w=500&auto=format&fit=crop&q=80
638,ANG-FRE-0217,Organically Grown Tomato (Desi),,Fresh Vegetables,g,Manual,44.00,0.00,500 g (₹44),500 g: ₹44,https://aadutygzgrbexxuznqlr.supabase.co/storage/v1/object/public/item-images/demos/demo_1789015121600_721295.jpg
639,ANG-FRE-0218,Organically Grown Tomato (Hybrid),,Fresh Vegetables,g,Manual,45.00,0.00,500 g (₹45),500 g: ₹45,https://aadutygzgrbexxuznqlr.supabase.co/storage/v1/object/public/item-images/demos/demo_1789015097813_609632.jpg
640,ANG-FRE-0219,Organically Grown Ginger (Inji),,Fresh Vegetables,g,Manual,48.00,0.00,100 g (₹48),100 g: ₹48,https://aadutygzgrbexxuznqlr.supabase.co/storage/v1/object/public/item-images/demos/demo_1789015176518_409232.jpg
641,ANG-FRE-0220,Organically Grown Garlic (Veluthulli),,Fresh Vegetables,g,Manual,43.00,0.00,100 g (₹43),100 g: ₹43,https://aadutygzgrbexxuznqlr.supabase.co/storage/v1/object/public/item-images/demos/demo_1789015197662_733559.jpg
642,ANG-FRE-0221,Organically Grown Lady Finger (Vendakka),,Fresh Vegetables,g,Manual,30.00,0.00,250 g (₹30),250 g: ₹30,https://images.unsplash.com/photo-1425543103986-22abb7d7e8d2?w=500&auto=format&fit=crop&q=80
643,ANG-FRE-0222,Organically Grown Green Cucumber,,Fresh Vegetables,g,Manual,48.00,0.00,250 g (₹48),250 g: ₹48,https://images.unsplash.com/photo-1604977042946-1eecc30f269e?w=500&auto=format&fit=crop&q=80
644,ANG-FRE-0223,Organically Grown Lemon,,Fresh Vegetables,g,Manual,83.00,0.00,220 g (₹83),220 g: ₹83,https://aadutygzgrbexxuznqlr.supabase.co/storage/v1/object/public/item-images/demos/demo_1789015148416_677965.jpg
645,ANG-FRE-0224,Organically Grown Beetroot,,Fresh Vegetables,g,Manual,28.00,0.00,250 g (₹28),250 g: ₹28,https://aadutygzgrbexxuznqlr.supabase.co/storage/v1/object/public/item-images/demos/demo_1789015335001_422734.jpg
646,ANG-FRE-0225,Organically Grown Chilli (Pachamulaku),,Fresh Vegetables,g,Manual,21.00,0.00,100 g (₹21),100 g: ₹21,https://aadutygzgrbexxuznqlr.supabase.co/storage/v1/object/public/item-images/demos/demo_1789015274020_140216.jpg
647,ANG-FRE-0226,Organically Grown Coriander,,Fresh Vegetables,g,Manual,74.00,0.00,100 g (₹74),100 g: ₹74,https://aadutygzgrbexxuznqlr.supabase.co/storage/v1/object/public/item-images/demos/demo_1789015250645_351344.jpg
648,ANG-FRE-0227,Organically Grown Mint Leaves,,Fresh Vegetables,g,Manual,37.00,0.00,100 g (₹37),100 g: ₹37,https://images.unsplash.com/photo-1628556270448-4d4e4148e1b1?w=500&auto=format&fit=crop&q=80
649,ANG-FRE-0228,Organically Grown Curry Leaves,,Fresh Vegetables,g,Manual,18.00,0.00,50 g (₹18),50 g: ₹18,https://aadutygzgrbexxuznqlr.supabase.co/storage/v1/object/public/item-images/demos/demo_1789015220908_468768.jpg
650,ANG-FRE-0229,Organically Grown American Corn Cob,,Fresh Vegetables,pcs,Fixed,37.00,0.00,1 pc (₹37),1 pc: ₹37,https://images.unsplash.com/photo-1551754655-cd27e38d2076?w=500&auto=format&fit=crop&q=80
651,ANG-FRE-0236,Organically Grown Palak,,Fresh Vegetables,g,Manual,39.00,0.00,200 g (₹39),200 g: ₹39,https://images.unsplash.com/photo-1576045057995-568f588f82fb?w=500&auto=format&fit=crop&q=80
652,ANG-FRE-0237,Organically Grown Capsicum,,Fresh Vegetables,g,Manual,36.00,0.00,250 g (₹36),250 g: ₹36,https://images.unsplash.com/photo-1563565375-f3fdfdbefa83?w=500&auto=format&fit=crop&q=80
653,ANG-FRE-0238,Organically Grown Cauliflower,,Fresh Vegetables,pcs,Fixed,68.00,0.00,1 pc (₹68),1 pc: ₹68,https://images.unsplash.com/photo-1568584711075-3d021a7c3ca3?w=500&auto=format&fit=crop&q=80
654,ANG-FRE-0239,Organically Grown Cabbage,,Fresh Vegetables,pcs,Fixed,42.00,0.00,1 pc (₹42),1 pc: ₹42,https://aadutygzgrbexxuznqlr.supabase.co/storage/v1/object/public/item-images/demos/demo_1789015301297_523299.jpg
655,ANG-FRE-0240,Hydroponic Cherry Tomatoes,,Fresh Vegetables,g,Manual,72.00,0.00,150 g (₹72),150 g: ₹72,https://aadutygzgrbexxuznqlr.supabase.co/storage/v1/object/public/item-images/demos/demo_1789015542656_795068.jpg
656,ANG-FRE-0241,Hydroponic Italian Basil,,Fresh Vegetables,g,Manual,55.00,0.00,30 g (₹55),30 g: ₹55,https://aadutygzgrbexxuznqlr.supabase.co/storage/v1/object/public/item-images/demos/demo_1789015510962_810381.jpg
657,ANG-FRE-0242,Hydroponic Butterhead Lettuce,,Fresh Vegetables,g,Manual,68.00,0.00,100 g (₹68),100 g: ₹68,https://aadutygzgrbexxuznqlr.supabase.co/storage/v1/object/public/item-images/demos/demo_1789015568493_077343.jpg
658,ANG-FRE-0243,Hydroponic Lollo Rosso Lettuce,,Fresh Vegetables,g,Manual,68.00,0.00,100 g (₹68),100 g: ₹68,https://aadutygzgrbexxuznqlr.supabase.co/storage/v1/object/public/item-images/demos/demo_1789015469166_556452.jpg
659,ANG-FRE-0244,Hydroponic Kale Leaves,,Fresh Vegetables,g,Manual,99.00,0.00,100 g (₹99),100 g: ₹99,https://aadutygzgrbexxuznqlr.supabase.co/storage/v1/object/public/item-images/demos/demo_1789015491165_329546.jpg
660,ANG-FRE-0245,Hydroponic Spinach,,Fresh Vegetables,g,Manual,50.00,0.00,150 g (₹50),150 g: ₹50,https://aadutygzgrbexxuznqlr.supabase.co/storage/v1/object/public/item-images/demos/demo_1789015429046_702223.jpg
661,ANG-FRE-0246,Hydroponic Cucumber,,Fresh Vegetables,g,Manual,48.00,0.00,200 g (₹48),200 g: ₹48,https://images.unsplash.com/photo-1604977042946-1eecc30f269e?w=500&auto=format&fit=crop&q=80
662,ANG-FRE-0247,Hydroponic Arugula (Rucola),,Fresh Vegetables,g,Manual,62.00,0.00,50 g (₹62),50 g: ₹62,https://aadutygzgrbexxuznqlr.supabase.co/storage/v1/object/public/item-images/demos/demo_1789016126381_606917.jpg
663,ANG-FRE-0248,Hydroponic Baby Rocket Leaves,,Fresh Vegetables,g,Manual,65.00,0.00,50 g (₹65),50 g: ₹65,https://aadutygzgrbexxuznqlr.supabase.co/storage/v1/object/public/item-images/demos/demo_1789016105121_284103.jpg
664,ANG-FRE-0249,Hydroponic Swiss Chard,,Fresh Vegetables,g,Manual,75.00,0.00,100 g (₹75),100 g: ₹75,https://aadutygzgrbexxuznqlr.supabase.co/storage/v1/object/public/item-images/demos/demo_1789015403938_593137.jpg
665,ANG-FRE-0250,Fresh Pooja Flower Mix,,Fresh Vegetables,g,Manual,29.00,0.00,100 g (₹29),100 g: ₹29,https://images.unsplash.com/photo-1563245372-f21724e3856d?w=500&auto=format&fit=crop&q=80
666,ANG-FRE-0252,Fresh Yellow Marigold Flowers,,Fresh Vegetables,g,Manual,24.00,0.00,100 g (₹24),100 g: ₹24,https://images.unsplash.com/photo-1597848212624-a19eb35e2651?w=500&auto=format&fit=crop&q=80
667,ANG-FRE-0253,Fresh Lotus Flower (Thaamara),,Fresh Vegetables,pcs,Fixed,28.00,0.00,1 pc (₹28),1 pc: ₹28,https://images.unsplash.com/photo-1508615039623-a25605d2b022?w=500&auto=format&fit=crop&q=80
668,ANG-FRE-0254,Fresh Rose Petals,,Fresh Vegetables,g,Manual,20.00,0.00,50 g (₹20),50 g: ₹20,https://images.unsplash.com/photo-1518895949257-7621c3c786d7?w=500&auto=format&fit=crop&q=80
669,ANG-FRE-0255,Fresh White Jasmine Flowers (Mulla),,Fresh Vegetables,g,Manual,32.00,0.00,50 g (₹32),50 g: ₹32,https://images.unsplash.com/photo-1606041008023-472dfb5e530f?w=500&auto=format&fit=crop&q=80
670,ANG-FRE-0256,Fresh Durva Grass (Karuka Pullu),,Fresh Vegetables,kg,Manual,12.00,0.00,1 pack (₹12),1 pack: ₹12 | 250g: ₹3 | 500g: ₹6,https://images.unsplash.com/photo-1563245372-f21724e3856d?w=500&auto=format&fit=crop&q=80
671,ANG-FRE-0257,Fresh Mango Leaves (Mavila),,Fresh Vegetables,pcs,Fixed,15.00,0.00,10 pcs (₹15),10 pcs: ₹15,https://images.unsplash.com/photo-1592924357228-91a4daadcfea?w=500&auto=format&fit=crop&q=80
672,ANG-FRE-0258,Fresh Bilva Leaves (Koovalam Ila),,Fresh Vegetables,pcs,Fixed,16.00,0.00,5 pcs (₹16),5 pcs: ₹16,https://images.unsplash.com/photo-1563245372-f21724e3856d?w=500&auto=format&fit=crop&q=80
673,ANG-FRE-0259,Fresh Seventhi Flowers (Chrysanthemum),,Fresh Vegetables,g,Manual,35.00,0.00,100 g (₹35),100 g: ₹35,https://images.unsplash.com/photo-1563245372-f21724e3856d?w=500&auto=format&fit=crop&q=80
674,ANG-FRE-0260,Freshly Cut Peeled Matar (Fresh Green Peas),,Fresh Vegetables,g,Manual,88.00,0.00,200 g (₹88),200 g: ₹88,https://aadutygzgrbexxuznqlr.supabase.co/storage/v1/object/public/item-images/demos/demo_1789016170733_232680.jpg
675,ANG-FRE-0261,Freshly Cut Chopped Lauki (Bottle Gourd),,Fresh Vegetables,g,Manual,24.00,0.00,250 g (₹24),250 g: ₹24,https://images.unsplash.com/photo-1597362925123-77861d3fbac7?w=500&auto=format&fit=crop&q=80
676,ANG-FRE-0262,Freshly Cut Chopped Bhindi (Lady Finger),,Fresh Vegetables,g,Manual,28.00,0.00,200 g (₹28),200 g: ₹28,https://images.unsplash.com/photo-1425543103986-22abb7d7e8d2?w=500&auto=format&fit=crop&q=80
677,ANG-FRE-0263,Freshly Cut Peeled Pumpkin Cubes,,Fresh Vegetables,g,Manual,32.00,0.00,250 g (₹32),250 g: ₹32,https://aadutygzgrbexxuznqlr.supabase.co/storage/v1/object/public/item-images/demos/demo_1789016146667_828325.jpg
678,ANG-FRE-0264,Freshly Cut Cut Sambhar Mix Veg,,Fresh Vegetables,g,Manual,48.00,0.00,300 g (₹48),300 g: ₹48,https://images.unsplash.com/photo-1546069901-ba9599a7e63c?w=500&auto=format&fit=crop&q=80
679,ANG-FRE-0265,Freshly Cut Cut Mix Veg Stir Fry,,Fresh Vegetables,g,Manual,52.00,0.00,250 g (₹52),250 g: ₹52,https://images.unsplash.com/photo-1546069901-ba9599a7e63c?w=500&auto=format&fit=crop&q=80
680,ANG-FRE-0266,Sprouts Sprouted Moong (Cherupayar),,Fresh Vegetables,g,Manual,28.00,0.00,200 g (₹28),200 g: ₹28,https://aadutygzgrbexxuznqlr.supabase.co/storage/v1/object/public/item-images/demos/demo_1789015054659_633386.jpg
681,ANG-FRE-0267,Sprouts Sprouted Kala Chana,,Fresh Vegetables,g,Manual,28.00,0.00,200 g (₹28),200 g: ₹28,https://aadutygzgrbexxuznqlr.supabase.co/storage/v1/object/public/item-images/demos/demo_1789015074541_380553.jpg
682,ANG-FRE-0268,Mixed Sprouts Combo,,Fresh Vegetables,g,Manual,32.00,0.00,200 g (₹32),200 g: ₹32,https://aadutygzgrbexxuznqlr.supabase.co/storage/v1/object/public/item-images/demos/demo_1789015361160_022782.jpg
683,ANG-OIL-0001,Coconut Oil,വെളിച്ചെണ്ണ,Cooking Essentials,L,Fixed,0.00,,250ml (₹0),250ml: ₹0 | 500ml: ₹0 | 1L: ₹0 | 2L: ₹0 | 5L: ₹0,https://images.unsplash.com/photo-1526947425960-945c6e72858f?w=500&auto=format&fit=crop&q=80
684,ANG-OIL-0002,Coconut Oil,വെളിച്ചെണ്ണ (ഉരുക്ക് വെളിച്ചെണ്ണ),Cooking Essentials,ml,Fixed,0.00,,100ml (₹0),100ml: ₹0 | 250ml: ₹0 | 500ml: ₹0 | 1L: ₹0,https://aadutygzgrbexxuznqlr.supabase.co/storage/v1/object/public/item-images/demos/demo_1789315278712_930427.webp
685,ANG-OIL-0003,Cold-Pressed Coconut Oil,ചെക്കിലാട്ടിയ വെളിച്ചെണ്ണ,Cooking Essentials,L,Fixed,0.00,,500ml (₹0),500ml: ₹0 | 1L: ₹0 | 2L: ₹0 | 5L: ₹0,https://images.unsplash.com/photo-1526947425960-945c6e72858f?w=500&auto=format&fit=crop&q=80
686,ANG-OIL-0004,Sesame Oil / Gingelly Oil,നല്ലെണ്ണ (എള്ളെണ്ണ),Cooking Essentials,ml,Fixed,0.00,,200ml (₹0),200ml: ₹0 | 500ml: ₹0 | 1L: ₹0 | 2L: ₹0,https://aadutygzgrbexxuznqlr.supabase.co/storage/v1/object/public/item-images/eastern/sesame-oil-1.jpg
687,ANG-OIL-0005,Sunflower Oil,സൂര്യകാന്തി എണ്ണ,Cooking Essentials,L,Fixed,0.00,,500ml (₹0),500ml: ₹0 | 1L: ₹0 | 2L: ₹0 | 5L: ₹0,https://images.unsplash.com/photo-1526947425960-945c6e72858f?w=500&auto=format&fit=crop&q=80
688,ANG-OIL-0006,Rice Bran Oil,റൈസ് ബ്രാൻ ഓയിൽ,Cooking Essentials,L,Fixed,0.00,,1L (₹0),1L: ₹0 | 2L: ₹0 | 5L: ₹0,https://images.unsplash.com/photo-1526947425960-945c6e72858f?w=500&auto=format&fit=crop&q=80
689,ANG-OIL-0007,Groundnut Oil,നിലക്കടല എണ്ണ,Cooking Essentials,L,Fixed,0.00,,500ml (₹0),500ml: ₹0 | 1L: ₹0 | 2L: ₹0 | 5L: ₹0,https://images.unsplash.com/photo-1526947425960-945c6e72858f?w=500&auto=format&fit=crop&q=80
690,ANG-OIL-0008,Mustard Oil,കടുക് എണ്ണ,Cooking Essentials,L,Fixed,0.00,,500ml (₹0),500ml: ₹0 | 1L: ₹0 | 2L: ₹0,https://images.unsplash.com/photo-1526947425960-945c6e72858f?w=500&auto=format&fit=crop&q=80
691,ANG-OIL-0009,Olive Oil / Extra Virgin Olive Oil,ഒലിവ് ഓയിൽ,Cooking Essentials,ml,Fixed,0.00,,250ml (₹0),250ml: ₹0 | 500ml: ₹0 | 1L: ₹0,https://images.unsplash.com/photo-1526947425960-945c6e72858f?w=500&auto=format&fit=crop&q=80
692,ANG-OIL-0010,Palmolein Oil,പാല്മോലിൻ എണ്ണ,Cooking Essentials,L,Fixed,0.00,,1L (₹0),1L: ₹0 | 5L: ₹0,https://images.unsplash.com/photo-1526947425960-945c6e72858f?w=500&auto=format&fit=crop&q=80
693,ANG-OIL-0011,Dalda Vanaspati Ghee (1L Pack / Pouch),ഡാൽഡ വനസ്പതി നെയ്യ് (1 ലിറ്റർ പൗച്ച്),Cooking Essentials,L,Fixed,171.00,197.00,1 L (₹171),200 ml: ₹38 | 500 ml: ₹88 | 1 L: ₹171 | 5 L: ₹850 | 15 L Tin: ₹2450,https://aadutygzgrbexxuznqlr.supabase.co/storage/v1/object/public/item-images/demos/demo_dalda_vanaspati_ghee_1l_1789400114983.jpg
694,ANG-OIL-0012,Pooja Deepam Oil,വിളക്കെണ്ണ (പൂജാ എണ്ണ),Cooking Essentials,L,Fixed,0.00,,500ml (₹0),500ml: ₹0 | 1L: ₹0 | 2L: ₹0,https://images.unsplash.com/photo-1526947425960-945c6e72858f?w=500&auto=format&fit=crop&q=80
695,ANG-OIL-0113,Milma Cow Ghee Jar,മിൽമ പശുവിൻ നെയ്യ് ജാർ,Cooking Essentials,ml,Fixed,81.00,94.00,100 ml (₹81),100 ml: ₹81,https://images.unsplash.com/photo-1589301760014-d929f3979dbc?w=500&auto=format&fit=crop&q=80
696,ANG-OIL-0114,Milma Pure Ghee Pet Jar,മിൽമ ശുദ്ധമായ പശുവിൻ നെയ്യ്,Cooking Essentials,ml,Fixed,377.00,434.00,500 ml (₹377),500 ml: ₹377,https://images.unsplash.com/photo-1589301760014-d929f3979dbc?w=500&auto=format&fit=crop&q=80
697,ANG-OIL-0115,Milma Cow Ghee Tin,മിൽമ പശുവിൻ നെയ്യ് ടിൻ,Cooking Essentials,L,Fixed,730.00,840.00,1 Litre (₹730),1 Litre: ₹730,https://images.unsplash.com/photo-1589301760014-d929f3979dbc?w=500&auto=format&fit=crop&q=80
698,ANG-OIL-0149,Elanadu Pure Cow Ghee Pet Jar,എളനാട് ശുദ്ധമായ പശുവിൻ നെയ്യ്,Cooking Essentials,ml,Fixed,160.00,184.00,200 ml (₹160),200 ml: ₹160 | 500 ml: ₹380,https://images.unsplash.com/photo-1589301760014-d929f3979dbc?w=500&auto=format&fit=crop&q=80
699,ANG-OIL-0150,Elanadu Premium Biriyani Ghee,എളനാട് പ്രീമിയം ബിരിയാണി നെയ്യ്,Cooking Essentials,ml,Fixed,395.00,455.00,500 ml (₹395),500 ml: ₹395,https://images.unsplash.com/photo-1589301760014-d929f3979dbc?w=500&auto=format&fit=crop&q=80
700,ANG-OIL-0151,Aashirvaad Iodized Salt,ആശീർവാദ് അയോഡൈസ്ഡ് ഉപ്പ്,Cooking Essentials,kg,Fixed,28.00,33.00,1 kg Pouch (₹28),1 kg Pouch: ₹28 | Pack of 3 (1kg x 3): ₹80,https://aadutygzgrbexxuznqlr.supabase.co/storage/v1/object/public/item-images/demos/aashirvaad/aashirvaad_iodized_salt_1789406427540.webp
701,ANG-OIL-0152,Aashirvaad Salt Active,ആശീർവാദ് സാൾട്ട് ആക്ടീവ്,Cooking Essentials,kg,Fixed,32.00,37.00,1 kg Pouch (₹32),1 kg Pouch: ₹32 | Pack of 2 (1kg x 2): ₹62,https://aadutygzgrbexxuznqlr.supabase.co/storage/v1/object/public/item-images/demos/aashirvaad/aashirvaad_salt_active_1789406428224.webp
702,ANG-OIL-0153,Aashirvaad Himalayan Pink Salt,ആശീർവാദ് ഹിമാലയൻ പിങ്ക് സാൾട്ട് (ഇന്തുപ്പ്),Cooking Essentials,kg,Fixed,95.00,110.00,1 kg Pouch (₹95),500 g Pouch: ₹55 | 1 kg Pouch: ₹95,https://aadutygzgrbexxuznqlr.supabase.co/storage/v1/object/public/item-images/demos/aashirvaad/aashirvaad_himalayan_pink_salt_1789406428958.webp
703,ANG-OIL-0154,Aashirvaad Iodized Crystal Salt,ആശീർവാദ് അയോഡൈസ്ഡ് തരി ഉപ്പ് (കല്ലുപ്പ്),Cooking Essentials,kg,Fixed,24.00,28.00,1 kg Pouch (₹24),1 kg Pouch: ₹24 | Pack of 3 (1kg x 3): ₹68,https://aadutygzgrbexxuznqlr.supabase.co/storage/v1/object/public/item-images/demos/aashirvaad/aashirvaad_iodized_crystal_salt_1789406429671.webp
704,ANG-OIL-0155,Aashirvaad Svasti Pure Cow Ghee,ആശീർവാദ് സ്വസ്തി പ്യുവർ പശുവിൻ നെയ്യ്,Cooking Essentials,ml,Fixed,85.00,98.00,500 ml Jar (₹395),100 ml Jar: ₹85 | 200 ml Jar: ₹165 | 500 ml Jar: ₹395 | 1 L Tin/Jar: ₹780,https://aadutygzgrbexxuznqlr.supabase.co/storage/v1/object/public/item-images/demos/aashirvaad/aashirvaad_svasti_pure_cow_ghee_1789406430347.webp
705,ANG-OIL-0166,Elanadu Crunchy Ghee Biscuits,എളനാട് നെയ്യ് ബിസ്ക്കറ്റ്,Biscuits & Cookies,g,Fixed,60.00,69.00,200 g (₹60),200 g: ₹60,https://images.unsplash.com/photo-1499636136210-6f4ee915583e?w=500&auto=format&fit=crop&q=80
706,ANG-OIL-0170,RKG Agmark Pure Cow Ghee (Tin),ആർ.കെ.ജി അഗ്മാർക്ക് പശുവിൻ നെയ്യ് (ടിൻ),Cooking Essentials,ml,Fixed,40.00,46.00,500 ml (₹380),50 ml: ₹40 | 100 ml: ₹78 | 200 ml: ₹155 | 500 ml: ₹380 | 1 L: ₹745 | 2 L: ₹1480 | 5 L: ₹3650 | 10 L: ₹7250 | 15 L: ₹10800 | 15 kg: ₹11900,https://aadutygzgrbexxuznqlr.supabase.co/storage/v1/object/public/item-images/demos/demo_rkg_agmark_cow_ghee_tin_1789400108783.webp
707,ANG-OIL-0171,RKG Agmark Pure Cow Ghee (Jar),ആർ.കെ.ജി അഗ്മാർക്ക് പശുവിൻ നെയ്യ് (ജാർ),Cooking Essentials,ml,Fixed,42.00,49.00,500 ml (₹385),50 ml: ₹42 | 100 ml: ₹80 | 200 ml: ₹158 | 500 ml: ₹385 | 1 L: ₹750 | 2 L: ₹1490,https://aadutygzgrbexxuznqlr.supabase.co/storage/v1/object/public/item-images/demos/demo_rkg_agmark_cow_ghee_jar_1789400109916.webp
708,ANG-OIL-0172,RKG Agmark Pure Cow Ghee (Pouch),ആർ.കെ.ജി അഗ്മാർക്ക് പശുവിൻ നെയ്യ് (പൗച്ച്),Cooking Essentials,ml,Fixed,38.00,44.00,500 ml (₹370),50 ml: ₹38 | 100 ml: ₹75 | 200 ml: ₹150 | 500 ml: ₹370 | 1 L: ₹730,https://aadutygzgrbexxuznqlr.supabase.co/storage/v1/object/public/item-images/demos/demo_rkg_agmark_cow_ghee_pouch_1789400110540.webp
709,ANG-OIL-0173,RKG Agmark Pure Cow Ghee (Can),ആർ.കെ.ജി അഗ്മാർക്ക് പശുവിൻ നെയ്യ് (കാൻ),Cooking Essentials,L,Fixed,3600.00,4140.00,5 L (₹3600),5 L: ₹3600 | 10 L: ₹7150 | 15 L: ₹10650,https://aadutygzgrbexxuznqlr.supabase.co/storage/v1/object/public/item-images/demos/demo_rkg_agmark_cow_ghee_can_1789400111067.webp
710,ANG-OIL-0174,RKG Agmark Pure Cow Ghee (Sachet),ആർ.കെ.ജി അഗ്മാർക്ക് പശുവിൻ നെയ്യ് സാഷെ,Cooking Essentials,pack,Fixed,5.00,6.00,₹10 Sachet (12 ml) (₹10),₹5 Sachet (6 ml): ₹5 | ₹10 Sachet (12 ml): ₹10 | ₹20 Sachet (25 ml): ₹20,https://aadutygzgrbexxuznqlr.supabase.co/storage/v1/object/public/item-images/demos/demo_rkg_agmark_cow_ghee_sachet_1789400111660.webp
711,ANG-OIL-0175,RKG Pure Buffalo Ghee (Tin),ആർ.കെ.ജി പ്യുവർ എരുമ നെയ്യ് (ടിൻ),Cooking Essentials,L,Fixed,11000.00,12650.00,15 L (₹11000),15 L: ₹11000 | 15 kg: ₹12100,https://aadutygzgrbexxuznqlr.supabase.co/storage/v1/object/public/item-images/demos/demo_rkg_buffalo_ghee_tin_1789400112160.webp
712,ANG-OIL-0176,RKG Pure Buffalo Ghee (Jar),ആർ.കെ.ജി പ്യുവർ എരുമ നെയ്യ് (ജാർ),Cooking Essentials,ml,Fixed,160.00,184.00,500 ml (₹390),200 ml: ₹160 | 500 ml: ₹390 | 1 L: ₹760,https://aadutygzgrbexxuznqlr.supabase.co/storage/v1/object/public/item-images/demos/demo_rkg_buffalo_ghee_jar_1789400112669.webp
713,ANG-OIL-0177,RKG Pure Buffalo Ghee (Sachet),ആർ.കെ.ജി പ്യുവർ എരുമ നെയ്യ് സാഷെ,Cooking Essentials,pack,Fixed,10.00,12.00,₹10 Sachet (12 ml) (₹10),₹10 Sachet (12 ml): ₹10 | ₹20 Sachet (25 ml): ₹20,https://aadutygzgrbexxuznqlr.supabase.co/storage/v1/object/public/item-images/demos/demo_rkg_buffalo_ghee_sachet_1789400113168.webp
714,ANG-OIL-0178,RKG Special Roasted Cow Ghee (Jar),ആർ.കെ.ജി റോസ്റ്റഡ് പശുവിൻ നെയ്യ് (ജാർ),Cooking Essentials,ml,Fixed,170.00,196.00,500 ml (₹410),200 ml: ₹170 | 500 ml: ₹410,https://aadutygzgrbexxuznqlr.supabase.co/storage/v1/object/public/item-images/demos/demo_rkg_roasted_cow_ghee_jar_1789400113882.webp
715,ANG-OIL-0179,RKG Thelivu Ghee (Tin),ആർ.കെ.ജി തെളിവ് നെയ്യ് (ടിൻ),Cooking Essentials,L,Fixed,3800.00,4370.00,5 L (₹3800),5 L: ₹3800 | 15 L: ₹11200 | 15 kg: ₹12300,https://aadutygzgrbexxuznqlr.supabase.co/storage/v1/object/public/item-images/demos/demo_rkg_thelivu_ghee_tin_1789400114374.webp
716,ANG-PER-0001,Parachute Advansed Gold Coconut Hair Oil,പാരഷൂട്ട് അഡ്വാൻസ്ഡ് gold coconut ഹെയർ ഓയിൽ,Personal Care & Hygiene,bottle,Fixed,115.00,133.00,300 ml Bottle (₹175),300 ml Bottle: ₹175 | 175 ml Bottle: ₹115 | 400 ml Mega Saver Pack: ₹230,https://aadutygzgrbexxuznqlr.supabase.co/storage/v1/object/public/item-images/parachute/parachute_advansed_gold_coconut_hair_oil.jpg
717,ANG-PER-0002,Parachute Advansed Aloe Vera Enriched Coconut Hair Oil,പാരഷൂട്ട് അഡ്വാൻസ്ഡ് കറ്റാർവാഴ enriched coconut ഹെയർ ഓയിൽ,Personal Care & Hygiene,bottle,Fixed,120.00,138.00,250 ml Bottle (₹155),250 ml Bottle: ₹155 | 150 ml Bottle: ₹95 | 400 ml Bottle: ₹240,https://aadutygzgrbexxuznqlr.supabase.co/storage/v1/object/public/item-images/parachute/parachute_advansed_aloe_vera_enriched_coconut_hair_oil.jpg
718,ANG-PER-0003,Parachute Advansed Jasmine Coconut Hair Oil,പാരഷൂട്ട് അഡ്വാൻസ്ഡ് മുല്ലപ്പൂ coconut ഹെയർ ഓയിൽ,Personal Care & Hygiene,bottle,Fixed,90.00,104.00,300 ml Bottle (₹160),300 ml Bottle: ₹160 | 190 ml Bottle: ₹90 | 500 ml Family Pack: ₹250,https://aadutygzgrbexxuznqlr.supabase.co/storage/v1/object/public/item-images/parachute/parachute_advansed_gold_coconut_hair_oil.jpg
719,ANG-PER-0004,Parachute Advansed Ayurvedic Coconut Hair Oil,പാരഷൂട്ട് അഡ്വാൻസ്ഡ് ayurvedic coconut ഹെയർ ഓയിൽ,Personal Care & Hygiene,bottle,Fixed,130.00,150.00,190 ml Bottle (₹130),190 ml Bottle: ₹130 | 300 ml Bottle: ₹195,https://aadutygzgrbexxuznqlr.supabase.co/storage/v1/object/public/item-images/parachute/parachute_advansed_ayurvedic_coconut_hair_oil.jpg
720,ANG-PER-0005,Parachute Advansed Onion Enriched Hair Oil,പാരഷൂട്ട് അഡ്വാൻസ്ഡ് onion enriched ഹെയർ ഓയിൽ,Personal Care & Hygiene,bottle,Fixed,180.00,207.00,200 ml Bottle with Comb Applicator (₹180),200 ml Bottle with Comb Applicator: ₹180 | 300 ml Bottle: ₹260,https://aadutygzgrbexxuznqlr.supabase.co/storage/v1/object/public/item-images/parachute/parachute_advansed_aloe_vera_enriched_coconut_hair_oil.jpg
721,ANG-PER-0006,Parachute Advansed Ayurvedic Hot Hair Oil,പാരഷൂട്ട് അഡ്വാൻസ്ഡ് ayurvedic hot ഹെയർ ഓയിൽ,Personal Care & Hygiene,bottle,Fixed,125.00,144.00,190 ml Bottle (₹125),190 ml Bottle: ₹125 | 300 ml Bottle: ₹190,https://aadutygzgrbexxuznqlr.supabase.co/storage/v1/object/public/item-images/parachute/parachute_advansed_ayurvedic_coconut_hair_oil.jpg
722,ANG-PER-0007,Parachute Advansed Curry Leaves Hair Oil,പാരഷൂട്ട് അഡ്വാൻസ്ഡ് curry leaves ഹെയർ ഓയിൽ,Personal Care & Hygiene,bottle,Fixed,195.00,225.00,200 ml Bottle (₹195),200 ml Bottle: ₹195 | Pack of 2 (200 ml x 2): ₹370,https://aadutygzgrbexxuznqlr.supabase.co/storage/v1/object/public/item-images/parachute/parachute_advansed_ayurvedic_coconut_hair_oil.jpg
723,ANG-PER-0008,Parachute Advansed Almond Enriched Coconut Hair Oil,പാരഷൂട്ട് അഡ്വാൻസ്ഡ് ബദാം enriched coconut ഹെയർ ഓയിൽ,Personal Care & Hygiene,bottle,Fixed,110.00,127.00,190 ml Bottle (₹110),190 ml Bottle: ₹110 | 300 ml Bottle: ₹170,https://aadutygzgrbexxuznqlr.supabase.co/storage/v1/object/public/item-images/parachute/parachute_advansed_ayurvedic_coconut_hair_oil.jpg
724,ANG-PER-0009,Parachute Advansed Rosemary Enriched Hair Oil,പാരഷൂട്ട് അഡ്വാൻസ്ഡ് rosemary enriched ഹെയർ ഓയിൽ,Personal Care & Hygiene,bottle,Fixed,220.00,253.00,150 ml Bottle (₹220),150 ml Bottle: ₹220 | Twin Pack (150 ml x 2): ₹420,https://aadutygzgrbexxuznqlr.supabase.co/storage/v1/object/public/item-images/parachute/parachute_advansed_aloe_vera_enriched_coconut_hair_oil.jpg
725,ANG-PER-0010,Parachute Advansed Argan Enriched Hair Oil,പാരഷൂട്ട് അഡ്വാൻസ്ഡ് argan enriched ഹെയർ ഓയിൽ,Personal Care & Hygiene,bottle,Fixed,240.00,276.00,150 ml Bottle (₹240),150 ml Bottle: ₹240 | 250 ml Bottle: ₹380,https://aadutygzgrbexxuznqlr.supabase.co/storage/v1/object/public/item-images/parachute/parachute_advansed_aloe_vera_enriched_coconut_hair_oil.jpg
726,ANG-PER-0011,Cinthol Cool Foam Body Wash,സിന്തോൾ cool foam ബോഡി വാഷ്,Personal Care & Hygiene,bottle,Fixed,279.00,321.00,750 ml Bottle (₹279),750 ml Bottle: ₹279 | Pack of 2 Bottles (750 ml x 2): ₹530,https://aadutygzgrbexxuznqlr.supabase.co/storage/v1/object/public/item-images/cinthol/cinthol_cool_foam_body_wash.png
727,ANG-PER-0012,Cinthol Lime Bath Soap (Buy 4 Get 1 Free),സിന്തോൾ നാരങ്ങ bath സോപ്പ് (buy 4 get 1 free),Personal Care & Hygiene,pcs,Fixed,35.00,41.00,Pack of 5 (5 x 100 g) (₹154),Pack of 5 (5 x 100 g): ₹154 | Single Bar (100 g): ₹35 | Twin Pack (10 x 100 g): ₹299,https://aadutygzgrbexxuznqlr.supabase.co/storage/v1/object/public/item-images/cinthol/cinthol_lime_bath_soap_buy_4_get_1_free.png
728,ANG-PER-0013,Cinthol Original Bathing Soap,സിന്തോൾ original കുളി സോപ്പ്,Personal Care & Hygiene,pcs,Fixed,45.00,52.00,Pack of 4 (4 x 100 g) (₹165),Pack of 4 (4 x 100 g): ₹165 | Single Bar (100 g): ₹45 | Pack of 8 (8 x 100 g): ₹320,https://aadutygzgrbexxuznqlr.supabase.co/storage/v1/object/public/item-images/cinthol/cinthol_original_bathing_soap.png
729,ANG-PER-0014,Cinthol Cool Aqua Foaming Body Wash,സിന്തോൾ cool aqua foaming ബോഡി വാഷ്,Personal Care & Hygiene,bottle,Fixed,99.00,114.00,200 ml Bottle (₹99),200 ml Bottle: ₹99 | Pack of 2 Bottles (200 ml x 2): ₹190,https://aadutygzgrbexxuznqlr.supabase.co/storage/v1/object/public/item-images/cinthol/cinthol_cool_aqua_foaming_body_wash.png
730,ANG-PER-0015,Cinthol Sandal Foam Body Wash,സിന്തോൾ ചന്ദനം foam ബോഡി വാഷ്,Personal Care & Hygiene,bottle,Fixed,279.00,321.00,750 ml Bottle (₹279),750 ml Bottle: ₹279 | Pack of 2 Bottles (750 ml x 2): ₹530,https://aadutygzgrbexxuznqlr.supabase.co/storage/v1/object/public/item-images/cinthol/cinthol_sandal_foam_body_wash.png
731,ANG-PER-0016,Cinthol Cool Bath Soap (Buy 4 Get 1 Free),സിന്തോൾ cool bath സോപ്പ് (buy 4 get 1 free),Personal Care & Hygiene,pcs,Fixed,35.00,41.00,Pack of 5 (5 x 100 g) (₹158),Pack of 5 (5 x 100 g): ₹158 | Single Bar (100 g): ₹35 | Twin Pack (10 x 100 g): ₹305,https://aadutygzgrbexxuznqlr.supabase.co/storage/v1/object/public/item-images/cinthol/cinthol_cool_bath_soap_buy_4_get_1_free.png
732,ANG-PER-0017,Cinthol Lime Bath Soap,സിന്തോൾ നാരങ്ങ bath സോപ്പ്,Personal Care & Hygiene,pcs,Fixed,48.00,56.00,Pack of 4 (4 x 150 g) (₹169),Pack of 4 (4 x 150 g): ₹169 | Single Bar (150 g): ₹48 | Pack of 8 (8 x 150 g): ₹325,https://aadutygzgrbexxuznqlr.supabase.co/storage/v1/object/public/item-images/cinthol/cinthol_lime_bath_soap.png
733,ANG-PER-0018,Cinthol Foam Body Wash - Lime,സിന്തോൾ foam ബോഡി വാഷ് - നാരങ്ങ,Personal Care & Hygiene,bottle,Fixed,99.00,114.00,200 ml Bottle (₹99),200 ml Bottle: ₹99 | Pack of 2 Bottles (200 ml x 2): ₹190,https://aadutygzgrbexxuznqlr.supabase.co/storage/v1/object/public/item-images/cinthol/cinthol_foam_body_wash_lime.png
734,ANG-PER-0019,Cinthol Lime Talc,സിന്തോൾ നാരങ്ങ ടാൽക്ക്,Personal Care & Hygiene,bottle,Fixed,190.00,219.00,300 g Pack (₹190),300 g Pack: ₹190 | Pack of 2 (300 g x 2): ₹360,https://aadutygzgrbexxuznqlr.supabase.co/storage/v1/object/public/item-images/cinthol/cinthol_lime_talc.png
735,ANG-PER-0020,Cinthol Foam Body Wash - Original,സിന്തോൾ foam ബോഡി വാഷ് - original,Personal Care & Hygiene,bottle,Fixed,99.00,114.00,200 ml Bottle (₹99),200 ml Bottle: ₹99 | Pack of 2 Bottles (200 ml x 2): ₹190,https://aadutygzgrbexxuznqlr.supabase.co/storage/v1/object/public/item-images/cinthol/cinthol_foam_body_wash_original.png
736,ANG-PER-0021,Santoor Skin Moisturizing Soap,സന്തൂർ skin moisturizing സോപ്പ്,Personal Care & Hygiene,pcs,Fixed,38.00,44.00,Pack of 4 (4 x 100 g) (₹145),Pack of 4 (4 x 100 g): ₹145 | Single Bar (100 g): ₹38 | Twin Pack (8 x 100 g): ₹280,https://aadutygzgrbexxuznqlr.supabase.co/storage/v1/object/public/item-images/santoor/santoor_skin_moisturizing_soap.png
737,ANG-PER-0022,Santoor Skin Softening Soap,സന്തൂർ skin softening സോപ്പ്,Personal Care & Hygiene,pcs,Fixed,38.00,44.00,Pack of 4 (4 x 100 g) (₹145),Pack of 4 (4 x 100 g): ₹145 | Single Bar (100 g): ₹38 | Twin Pack (8 x 100 g): ₹280,https://aadutygzgrbexxuznqlr.supabase.co/storage/v1/object/public/item-images/santoor/santoor_skin_softening_soap.png
738,ANG-PER-0023,Santoor Fresh Skin Soap,സന്തൂർ fresh skin സോപ്പ്,Personal Care & Hygiene,pcs,Fixed,38.00,44.00,Pack of 4 (4 x 100 g) (₹145),Pack of 4 (4 x 100 g): ₹145 | Single Bar (100 g): ₹38 | Twin Pack (8 x 100 g): ₹280,https://aadutygzgrbexxuznqlr.supabase.co/storage/v1/object/public/item-images/santoor/santoor_fresh_skin_soap.png
739,ANG-PER-0024,Santoor Gold Soap,സന്തൂർ gold സോപ്പ്,Personal Care & Hygiene,pcs,Fixed,38.00,44.00,Pack of 4 (4 x 100 g) (₹145),Pack of 4 (4 x 100 g): ₹145 | Single Bar (100 g): ₹38 | Twin Pack (8 x 100 g): ₹280,https://aadutygzgrbexxuznqlr.supabase.co/storage/v1/object/public/item-images/santoor/santoor_gold_soap.png
740,ANG-PER-0025,Santoor Pureglo Soap,സന്തൂർ pureglo സോപ്പ്,Personal Care & Hygiene,pcs,Fixed,38.00,44.00,Pack of 4 (4 x 100 g) (₹145),Pack of 4 (4 x 100 g): ₹145 | Single Bar (100 g): ₹38 | Twin Pack (8 x 100 g): ₹280,https://aadutygzgrbexxuznqlr.supabase.co/storage/v1/object/public/item-images/santoor/santoor_pureglo_soap.png
741,ANG-PER-0026,Santoor Royal Sandal Soap,സന്തൂർ royal ചന്ദനം സോപ്പ്,Personal Care & Hygiene,pcs,Fixed,38.00,44.00,Pack of 4 (4 x 100 g) (₹145),Pack of 4 (4 x 100 g): ₹145 | Single Bar (100 g): ₹38 | Twin Pack (8 x 100 g): ₹280,https://aadutygzgrbexxuznqlr.supabase.co/storage/v1/object/public/item-images/santoor/santoor_royal_sandal_soap.png
742,ANG-PER-0027,Santoor Gram Flour Soap,സന്തൂർ gram flour സോപ്പ്,Personal Care & Hygiene,pcs,Fixed,38.00,44.00,Pack of 4 (4 x 100 g) (₹145),Pack of 4 (4 x 100 g): ₹145 | Single Bar (100 g): ₹38 | Twin Pack (8 x 100 g): ₹280,https://aadutygzgrbexxuznqlr.supabase.co/storage/v1/object/public/item-images/santoor/santoor_gram_flour_soap.png
743,ANG-PER-0028,Santoor Mild Handwash Pump,സന്തൂർ mild handwash pump,Personal Care & Hygiene,bottle,Fixed,99.00,114.00,250 ml Pump Dispenser (₹99),250 ml Pump Dispenser: ₹99 | 750 ml Refill Pouch: ₹135 | Twin Pack (250 ml x 2): ₹185,https://aadutygzgrbexxuznqlr.supabase.co/storage/v1/object/public/item-images/santoor/santoor_mild_handwash_pump.png
744,ANG-PER-0029,Santoor Fresh Handwash Pump,സന്തൂർ fresh handwash pump,Personal Care & Hygiene,bottle,Fixed,99.00,114.00,250 ml Pump Dispenser (₹99),250 ml Pump Dispenser: ₹99 | 750 ml Refill Pouch: ₹135 | Twin Pack (250 ml x 2): ₹185,https://aadutygzgrbexxuznqlr.supabase.co/storage/v1/object/public/item-images/santoor/santoor_fresh_handwash_pump.png
745,ANG-PER-0030,Santoor Classic Handwash Pump,സന്തൂർ classic handwash pump,Personal Care & Hygiene,bottle,Fixed,99.00,114.00,250 ml Pump Dispenser (₹99),250 ml Pump Dispenser: ₹99 | 750 ml Refill Pouch: ₹135 | Twin Pack (250 ml x 2): ₹185,https://aadutygzgrbexxuznqlr.supabase.co/storage/v1/object/public/item-images/santoor/santoor_classic_handwash_pump.png
746,ANG-PER-0031,Santoor Light Moisturising Body Lotion,സന്തൂർ light moisturising ബോഡി ലോഷൻ,Personal Care & Hygiene,bottle,Fixed,175.00,202.00,250 ml Bottle (₹175),250 ml Bottle: ₹175 | 400 ml Pump Bottle: ₹280,https://aadutygzgrbexxuznqlr.supabase.co/storage/v1/object/public/item-images/santoor/santoor_light_moisturising_body_lotion.png
747,ANG-PER-0032,Santoor Extra Moisturising Body Lotion,സന്തൂർ extra moisturising ബോഡി ലോഷൻ,Personal Care & Hygiene,bottle,Fixed,175.00,202.00,250 ml Bottle (₹175),250 ml Bottle: ₹175 | 400 ml Pump Bottle: ₹280,https://aadutygzgrbexxuznqlr.supabase.co/storage/v1/object/public/item-images/santoor/santoor_extra_moisturising_body_lotion.png
748,ANG-PER-0033,Santoor Whitening & UV Protection Body Lotion,സന്തൂർ whitening & uv protection ബോഡി ലോഷൻ,Personal Care & Hygiene,bottle,Fixed,175.00,202.00,250 ml Bottle (₹175),250 ml Bottle: ₹175 | 400 ml Pump Bottle: ₹280,https://aadutygzgrbexxuznqlr.supabase.co/storage/v1/object/public/item-images/santoor/santoor_whitening_uv_protection_body_lotion.png
749,ANG-PER-0034,Santoor Glowing Body Wash,സന്തൂർ glowing ബോഡി വാഷ്,Personal Care & Hygiene,bottle,Fixed,160.00,184.00,250 ml Bottle (₹160),250 ml Bottle: ₹160 | Pack of 2 (250 ml x 2): ₹300,https://aadutygzgrbexxuznqlr.supabase.co/storage/v1/object/public/item-images/santoor/santoor_glowing_body_wash.png
750,ANG-PER-0035,Santoor Hydrating Body Wash,സന്തൂർ hydrating ബോഡി വാഷ്,Personal Care & Hygiene,bottle,Fixed,160.00,184.00,250 ml Bottle (₹160),250 ml Bottle: ₹160 | Pack of 2 (250 ml x 2): ₹300,https://aadutygzgrbexxuznqlr.supabase.co/storage/v1/object/public/item-images/santoor/santoor_hydrating_body_wash.png
751,ANG-PER-0036,Santoor Refreshing Body Wash,സന്തൂർ refreshing ബോഡി വാഷ്,Personal Care & Hygiene,bottle,Fixed,160.00,184.00,250 ml Bottle (₹160),250 ml Bottle: ₹160 | Pack of 2 (250 ml x 2): ₹300,https://aadutygzgrbexxuznqlr.supabase.co/storage/v1/object/public/item-images/santoor/santoor_refreshing_body_wash.png
752,ANG-PER-0037,Santoor Blushing Body Wash,സന്തൂർ blushing ബോഡി വാഷ്,Personal Care & Hygiene,bottle,Fixed,160.00,184.00,250 ml Bottle (₹160),250 ml Bottle: ₹160 | Pack of 2 (250 ml x 2): ₹300,https://aadutygzgrbexxuznqlr.supabase.co/storage/v1/object/public/item-images/santoor/santoor_blushing_body_wash.png
753,ANG-PER-0038,Santoor Talc Powder,സന്തൂർ ടാൽക്കം പൗഡർ,Personal Care & Hygiene,pcs,Fixed,120.00,138.00,300 g Pack (₹145),300 g Pack: ₹145 | 100 g Pack: ₹55,https://aadutygzgrbexxuznqlr.supabase.co/storage/v1/object/public/item-images/santoor/santoor_talc_powder.png
754,ANG-PER-0039,Santoor Gold Deodorant,സന്തൂർ gold ഡിയോഡറന്റ്,Personal Care & Hygiene,pcs,Fixed,199.00,229.00,150 ml Can (₹199),150 ml Can: ₹199 | Twin Pack (150 ml x 2): ₹375,https://aadutygzgrbexxuznqlr.supabase.co/storage/v1/object/public/item-images/santoor/santoor_gold_deodorant.png
755,ANG-PER-0040,Santoor Grace Deodorant,സന്തൂർ grace ഡിയോഡറന്റ്,Personal Care & Hygiene,pcs,Fixed,199.00,229.00,150 ml Can (₹199),150 ml Can: ₹199 | Twin Pack (150 ml x 2): ₹375,https://aadutygzgrbexxuznqlr.supabase.co/storage/v1/object/public/item-images/santoor/santoor_grace_deodorant.png
756,ANG-PER-0041,Santoor Baby Soap,സന്തൂർ ബേബി സോപ്പ്,Personal Care & Hygiene,pcs,Fixed,45.00,52.00,Pack of 3 (3 x 75 g) (₹130),Pack of 3 (3 x 75 g): ₹130 | Single Bar (75 g): ₹45,https://aadutygzgrbexxuznqlr.supabase.co/storage/v1/object/public/item-images/santoor/santoor_baby_soap.png
757,ANG-PER-0042,Vivel Aloe Vera Soap,വിവെൽ കറ്റാർവാഴ സോപ്പ്,Personal Care & Hygiene,pcs,Fixed,38.00,44.00,Pack of 5 (5 x 100 g) (₹165),Pack of 5 (5 x 100 g): ₹165 | Single Bar (100 g): ₹38 | Mega Saver Pack (8 x 100 g): ₹295,https://aadutygzgrbexxuznqlr.supabase.co/storage/v1/object/public/item-images/vivel/vivel_aloe_vera_soap.png
758,ANG-PER-0043,Vivel Lotus Oil & Vitamin E Soap,വിവെൽ lotus oil & vitamin e സോപ്പ്,Personal Care & Hygiene,bottle,Fixed,38.00,44.00,Pack of 5 (5 x 100 g) (₹165),Pack of 5 (5 x 100 g): ₹165 | Single Bar (100 g): ₹38,https://aadutygzgrbexxuznqlr.supabase.co/storage/v1/object/public/item-images/vivel/vivel_lotus_oil_vitamin_e_soap.png
759,ANG-PER-0044,Vivel Ayurvedic Essence Soap,വിവെൽ ayurvedic essence സോപ്പ്,Personal Care & Hygiene,pcs,Fixed,40.00,46.00,Pack of 4 (4 x 100 g) (₹155),Pack of 4 (4 x 100 g): ₹155 | Single Bar (100 g): ₹40,https://aadutygzgrbexxuznqlr.supabase.co/storage/v1/object/public/item-images/vivel/vivel_ayurvedic_essence_soap.png
760,ANG-PER-0045,Vivel Glycerin & Almond Oil Soap,വിവെൽ ഗ്ലിസറിൻ & ബദാം oil സോപ്പ്,Personal Care & Hygiene,bottle,Fixed,45.00,52.00,Pack of 3 (3 x 100 g) (₹130),Pack of 3 (3 x 100 g): ₹130 | Single Bar (100 g): ₹45,https://aadutygzgrbexxuznqlr.supabase.co/storage/v1/object/public/item-images/vivel/vivel_glycerin_almond_oil_soap.png
761,ANG-PER-0046,Vivel Sandal Glow Soap,വിവെൽ ചന്ദനം glow സോപ്പ്,Personal Care & Hygiene,pcs,Fixed,42.00,49.00,Pack of 4 (4 x 100 g) (₹160),Pack of 4 (4 x 100 g): ₹160 | Single Bar (100 g): ₹42,https://aadutygzgrbexxuznqlr.supabase.co/storage/v1/object/public/item-images/vivel/vivel_sandal_glow_soap.png
762,ANG-PER-0047,Vivel Cool Mint & Lime Soap,വിവെൽ കൂൾ പുതിന & നാരങ്ങ സോപ്പ്,Personal Care & Hygiene,pcs,Fixed,38.00,44.00,Pack of 5 (5 x 100 g) (₹165),Pack of 5 (5 x 100 g): ₹165 | Single Bar (100 g): ₹38,https://aadutygzgrbexxuznqlr.supabase.co/storage/v1/object/public/item-images/vivel/vivel_cool_mint_lime_soap.png
763,ANG-PER-0048,Vivel Lavender & Almond Oil Body Wash,വിവെൽ lavender & ബദാം oil ബോഡി വാഷ്,Personal Care & Hygiene,bottle,Fixed,99.00,114.00,200 ml Bottle with Loofah (₹99),200 ml Bottle with Loofah: ₹99 | Pack of 2 (200 ml x 2): ₹190,https://aadutygzgrbexxuznqlr.supabase.co/storage/v1/object/public/item-images/vivel/vivel_lavender_almond_oil_body_wash.png
764,ANG-PER-0049,Vivel Mint & Cucumber Body Wash,വിവെൽ mint & cucumber ബോഡി വാഷ്,Personal Care & Hygiene,bottle,Fixed,99.00,114.00,200 ml Bottle with Loofah (₹99),200 ml Bottle with Loofah: ₹99 | Pack of 2 (200 ml x 2): ₹190,https://aadutygzgrbexxuznqlr.supabase.co/storage/v1/object/public/item-images/vivel/vivel_mint_cucumber_body_wash.png
765,ANG-PER-0050,Vivel Pure Glycerin Body Wash,വിവെൽ pure ഗ്ലിസറിൻ ബോഡി വാഷ്,Personal Care & Hygiene,bottle,Fixed,99.00,114.00,200 ml Bottle with Loofah (₹99),200 ml Bottle with Loofah: ₹99 | Pack of 2 (200 ml x 2): ₹190,https://aadutygzgrbexxuznqlr.supabase.co/storage/v1/object/public/item-images/vivel/vivel_pure_glycerin_body_wash.png
766,ANG-PER-0051,Vivel Neem Oil & Aloe Body Wash,വിവെൽ വേപ്പ് oil & കറ്റാർവാഴ ബോഡി വാഷ്,Personal Care & Hygiene,bottle,Fixed,99.00,114.00,200 ml Bottle with Loofah (₹99),200 ml Bottle with Loofah: ₹99 | Pack of 2 (200 ml x 2): ₹190,https://aadutygzgrbexxuznqlr.supabase.co/storage/v1/object/public/item-images/vivel/vivel_neem_oil_aloe_body_wash.png
767,ANG-PER-0052,Cutee Olive Sona,ക്യൂട്ടീ ഒലിവ് sona,Personal Care & Hygiene,pcs,Fixed,38.00,44.00,Pack of 4 (4 x 100 g) (₹140),Pack of 4 (4 x 100 g): ₹140 | Single Bar (100 g): ₹38 | Twin Pack (8 x 100 g): ₹270,https://aadutygzgrbexxuznqlr.supabase.co/storage/v1/object/public/item-images/cutee/cutee_olive_sona.png
768,ANG-PER-0053,Cutee Haldi Manjal,ക്യൂട്ടീ haldi manjal,Personal Care & Hygiene,pcs,Fixed,38.00,44.00,Pack of 4 (4 x 100 g) (₹140),Pack of 4 (4 x 100 g): ₹140 | Single Bar (100 g): ₹38 | Twin Pack (8 x 100 g): ₹270,https://aadutygzgrbexxuznqlr.supabase.co/storage/v1/object/public/item-images/cutee/cutee_haldi_manjal.png
769,ANG-PER-0054,Cutee Silky Skin Soap,ക്യൂട്ടീ silky skin സോപ്പ്,Personal Care & Hygiene,pcs,Fixed,38.00,44.00,Pack of 4 (4 x 100 g) (₹140),Pack of 4 (4 x 100 g): ₹140 | Single Bar (100 g): ₹38 | Twin Pack (8 x 100 g): ₹270,https://aadutygzgrbexxuznqlr.supabase.co/storage/v1/object/public/item-images/cutee/cutee_silky_skin_soap.png
770,ANG-PER-0055,Cutee Gulfee Oudh Soap,ക്യൂട്ടീ gulfee oudh സോപ്പ്,Personal Care & Hygiene,pcs,Fixed,38.00,44.00,Pack of 4 (4 x 100 g) (₹140),Pack of 4 (4 x 100 g): ₹140 | Single Bar (100 g): ₹38 | Twin Pack (8 x 100 g): ₹270,https://aadutygzgrbexxuznqlr.supabase.co/storage/v1/object/public/item-images/cutee/cutee_gulfee_oudh_soap.png
771,ANG-PER-0056,Cutee White Zaffron Soap,ക്യൂട്ടീ white zaffron സോപ്പ്,Personal Care & Hygiene,pcs,Fixed,38.00,44.00,Pack of 4 (4 x 100 g) (₹140),Pack of 4 (4 x 100 g): ₹140 | Single Bar (100 g): ₹38 | Twin Pack (8 x 100 g): ₹270,https://aadutygzgrbexxuznqlr.supabase.co/storage/v1/object/public/item-images/cutee/cutee_white_zaffron_soap.png
772,ANG-PER-0057,Cutee Pappaya Fruit Mix,ക്യൂട്ടീ pappaya fruit mix,Personal Care & Hygiene,pcs,Fixed,38.00,44.00,Pack of 4 (4 x 100 g) (₹140),Pack of 4 (4 x 100 g): ₹140 | Single Bar (100 g): ₹38 | Twin Pack (8 x 100 g): ₹270,https://aadutygzgrbexxuznqlr.supabase.co/storage/v1/object/public/item-images/cutee/cutee_pappaya_fruit_mix.png
773,ANG-PER-0058,Cutee Sandal Soap,ക്യൂട്ടീ ചന്ദനം സോപ്പ്,Personal Care & Hygiene,pcs,Fixed,38.00,44.00,Pack of 4 (4 x 100 g) (₹140),Pack of 4 (4 x 100 g): ₹140 | Single Bar (100 g): ₹38 | Twin Pack (8 x 100 g): ₹270,https://aadutygzgrbexxuznqlr.supabase.co/storage/v1/object/public/item-images/cutee/cutee_sandal_soap.png
774,ANG-PER-0059,Cutee International Pure White Soap,ക്യൂട്ടീ international pure white സോപ്പ്,Personal Care & Hygiene,pcs,Fixed,38.00,44.00,Pack of 4 (4 x 100 g) (₹140),Pack of 4 (4 x 100 g): ₹140 | Single Bar (100 g): ₹38 | Twin Pack (8 x 100 g): ₹270,https://aadutygzgrbexxuznqlr.supabase.co/storage/v1/object/public/item-images/cutee/cutee_international_pure_white_soap.png
775,ANG-PER-0060,Cutee International Green Tea Aroma Soap,ക്യൂട്ടീ international green tea aroma സോപ്പ്,Personal Care & Hygiene,pcs,Fixed,38.00,44.00,Pack of 4 (4 x 100 g) (₹140),Pack of 4 (4 x 100 g): ₹140 | Single Bar (100 g): ₹38 | Twin Pack (8 x 100 g): ₹270,https://aadutygzgrbexxuznqlr.supabase.co/storage/v1/object/public/item-images/cutee/cutee_international_green_tea_aroma_soap.png
776,ANG-PER-0061,Cutee Herbow Soap,ക്യൂട്ടീ herbow സോപ്പ്,Personal Care & Hygiene,pcs,Fixed,38.00,44.00,Pack of 4 (4 x 100 g) (₹140),Pack of 4 (4 x 100 g): ₹140 | Single Bar (100 g): ₹38 | Twin Pack (8 x 100 g): ₹270,https://aadutygzgrbexxuznqlr.supabase.co/storage/v1/object/public/item-images/cutee/cutee_herbow_soap.png
777,ANG-PER-0062,Cutee Milso Soap,ക്യൂട്ടീ milso സോപ്പ്,Personal Care & Hygiene,pcs,Fixed,38.00,44.00,Pack of 4 (4 x 100 g) (₹140),Pack of 4 (4 x 100 g): ₹140 | Single Bar (100 g): ₹38 | Twin Pack (8 x 100 g): ₹270,https://aadutygzgrbexxuznqlr.supabase.co/storage/v1/object/public/item-images/cutee/cutee_milso_soap.png
778,ANG-PER-0063,Cutee Sandal Gold Soap,ക്യൂട്ടീ ചന്ദനം gold സോപ്പ്,Personal Care & Hygiene,pcs,Fixed,38.00,44.00,Pack of 4 (4 x 100 g) (₹140),Pack of 4 (4 x 100 g): ₹140 | Single Bar (100 g): ₹38 | Twin Pack (8 x 100 g): ₹270,https://aadutygzgrbexxuznqlr.supabase.co/storage/v1/object/public/item-images/cutee/cutee_sandal_gold_soap.png
779,ANG-PER-0064,Cutee Milky Almond Soap,ക്യൂട്ടീ milky ബദാം സോപ്പ്,Personal Care & Hygiene,pcs,Fixed,38.00,44.00,Pack of 4 (4 x 100 g) (₹140),Pack of 4 (4 x 100 g): ₹140 | Single Bar (100 g): ₹38 | Twin Pack (8 x 100 g): ₹270,https://aadutygzgrbexxuznqlr.supabase.co/storage/v1/object/public/item-images/cutee/cutee_milky_almond_soap.png
780,ANG-PER-0065,Cutee Lavender Bloom,ക്യൂട്ടീ lavender bloom,Personal Care & Hygiene,pcs,Fixed,38.00,44.00,Pack of 4 (4 x 100 g) (₹140),Pack of 4 (4 x 100 g): ₹140 | Single Bar (100 g): ₹38 | Twin Pack (8 x 100 g): ₹270,https://aadutygzgrbexxuznqlr.supabase.co/storage/v1/object/public/item-images/cutee/cutee_lavender_bloom.png
781,ANG-PER-0066,Cutee Sandal Hand Wash,ക്യൂട്ടീ ചന്ദനം ഹാൻഡ് വാഷ്,Personal Care & Hygiene,bottle,Fixed,38.00,44.00,Pack of 4 (4 x 100 g) (₹140),Pack of 4 (4 x 100 g): ₹140 | Single Bar (100 g): ₹38 | Twin Pack (8 x 100 g): ₹270,https://aadutygzgrbexxuznqlr.supabase.co/storage/v1/object/public/item-images/cutee/cutee_sandal_hand_wash.png
782,ANG-PER-0067,Cutee The Beauty Soap,ക്യൂട്ടീ the സൗന്ദര്യ സോപ്പ്,Personal Care & Hygiene,pcs,Fixed,38.00,44.00,Pack of 4 (4 x 100 g) (₹140),Pack of 4 (4 x 100 g): ₹140 | Single Bar (100 g): ₹38 | Twin Pack (8 x 100 g): ₹270,https://aadutygzgrbexxuznqlr.supabase.co/storage/v1/object/public/item-images/cutee/cutee_the_beauty_soap.png
783,ANG-PER-0068,Lux Soft Glow Rose & Vitamin E Soap,ലക്സ് soft glow പനിനീർ & vitamin e സോപ്പ്,Personal Care & Hygiene,pcs,Fixed,38.00,44.00,Pack of 4 (4 x 100 g) (₹155),Pack of 4 (4 x 100 g): ₹155 | Single Bar (100 g): ₹38 | Mega Value Pack (8 x 100 g): ₹299,https://aadutygzgrbexxuznqlr.supabase.co/storage/v1/object/public/item-images/lux/lux_soft_glow_rose_vitamin_e_soap.jpg
784,ANG-PER-0069,Lux Velvet Glow Jasmine & Almond Oil Soap,ലക്സ് velvet glow മുല്ലപ്പൂ & ബദാം oil സോപ്പ്,Personal Care & Hygiene,bottle,Fixed,38.00,44.00,Pack of 4 (4 x 100 g) (₹155),Pack of 4 (4 x 100 g): ₹155 | Single Bar (100 g): ₹38 | Mega Value Pack (8 x 100 g): ₹299,https://aadutygzgrbexxuznqlr.supabase.co/storage/v1/object/public/item-images/lux/lux_velvet_glow_jasmine_almond_oil_soap.jpg
785,ANG-PER-0070,Lux Radiant Glow Sandalwood & Honey Soap,ലക്സ് radiant glow ചന്ദനം & തേൻ സോപ്പ്,Personal Care & Hygiene,pcs,Fixed,42.00,49.00,Pack of 4 (4 x 100 g) (₹165),Pack of 4 (4 x 100 g): ₹165 | Single Bar (100 g): ₹42,https://aadutygzgrbexxuznqlr.supabase.co/storage/v1/object/public/item-images/lux/lux_soft_glow_rose_vitamin_e_soap.jpg
786,ANG-PER-0071,Lux Fresh Glow Cooling Mint & Water Lily Soap,ലക്സ് fresh glow cooling mint & water lily സോപ്പ്,Personal Care & Hygiene,pcs,Fixed,38.00,44.00,Pack of 4 (4 x 100 g) (₹155),Pack of 4 (4 x 100 g): ₹155 | Single Bar (100 g): ₹38,https://aadutygzgrbexxuznqlr.supabase.co/storage/v1/object/public/item-images/lux/lux_velvet_glow_jasmine_almond_oil_soap.jpg
787,ANG-PER-0072,Lux Magical Spell Black Orchid Body Wash,ലക്സ് magical spell black orchid ബോഡി വാഷ്,Personal Care & Hygiene,bottle,Fixed,135.00,156.00,240 ml Bottle with Loofah (₹135),240 ml Bottle with Loofah: ₹135 | Twin Pack (240 ml x 2): ₹250,https://aadutygzgrbexxuznqlr.supabase.co/storage/v1/object/public/item-images/lux/lux_magical_spell_black_orchid_body_wash.jpg
788,ANG-PER-0073,Lux Velvet Touch Jasmine & Almond Oil Body Wash,ലക്സ് velvet touch മുല്ലപ്പൂ & ബദാം oil ബോഡി വാഷ്,Personal Care & Hygiene,bottle,Fixed,135.00,156.00,240 ml Bottle with Loofah (₹135),240 ml Bottle with Loofah: ₹135 | Twin Pack (240 ml x 2): ₹250,https://aadutygzgrbexxuznqlr.supabase.co/storage/v1/object/public/item-images/lux/lux_magical_spell_black_orchid_body_wash.jpg
789,ANG-PER-0074,Lux Soft Touch French Rose Body Wash,ലക്സ് soft touch french പനിനീർ ബോഡി വാഷ്,Personal Care & Hygiene,bottle,Fixed,135.00,156.00,240 ml Bottle with Loofah (₹135),240 ml Bottle with Loofah: ₹135 | Twin Pack (240 ml x 2): ₹250,https://aadutygzgrbexxuznqlr.supabase.co/storage/v1/object/public/item-images/lux/lux_magical_spell_black_orchid_body_wash.jpg
790,ANG-PER-0075,Lux Botanicals Skin Purify Freesia & Tea Tree Body Wash,ലക്സ് botanicals skin purify freesia & tea tree ബോഡി വാഷ്,Personal Care & Hygiene,bottle,Fixed,145.00,167.00,240 ml Bottle with Loofah (₹145),240 ml Bottle with Loofah: ₹145 | Twin Pack (240 ml x 2): ₹270,https://aadutygzgrbexxuznqlr.supabase.co/storage/v1/object/public/item-images/lux/lux_magical_spell_black_orchid_body_wash.jpg
791,ANG-PER-0076,Pears Pure & Gentle Bathing Bar,പിയേഴ്സ് pure & gentle bathing bar,Personal Care & Hygiene,pcs,Fixed,52.00,60.00,Pack of 3 (3 x 125 g) (₹175),Pack of 3 (3 x 125 g): ₹175 | Single Bar (125 g): ₹52 | Pack of 5 Multipack (5 x 125 g): ₹275,https://aadutygzgrbexxuznqlr.supabase.co/storage/v1/object/public/item-images/pears/pears_pure_gentle_bathing_bar.jpg
792,ANG-PER-0077,Pears Soft & Fresh Bathing Bar,പിയേഴ്സ് soft & fresh bathing bar,Personal Care & Hygiene,pcs,Fixed,52.00,60.00,Pack of 3 (3 x 125 g) (₹175),Pack of 3 (3 x 125 g): ₹175 | Single Bar (125 g): ₹52 | Pack of 5 Multipack (5 x 125 g): ₹275,https://aadutygzgrbexxuznqlr.supabase.co/storage/v1/object/public/item-images/pears/pears_pure_gentle_bathing_bar.jpg
793,ANG-PER-0078,Pears Oil Clear & Glow Bathing Bar,പിയേഴ്സ് oil clear & glow bathing bar,Personal Care & Hygiene,bottle,Fixed,52.00,60.00,Pack of 3 (3 x 125 g) (₹175),Pack of 3 (3 x 125 g): ₹175 | Single Bar (125 g): ₹52 | Pack of 5 Multipack (5 x 125 g): ₹275,https://aadutygzgrbexxuznqlr.supabase.co/storage/v1/object/public/item-images/pears/pears_oil_clear_glow_bathing_bar.jpg
794,ANG-PER-0079,Pears Pure & Gentle Body Wash,പിയേഴ്സ് pure & gentle ബോഡി വാഷ്,Personal Care & Hygiene,bottle,Fixed,140.00,161.00,250 ml Bottle with Loofah (₹140),250 ml Bottle with Loofah: ₹140 | 750 ml Pump Dispenser: ₹340,https://aadutygzgrbexxuznqlr.supabase.co/storage/v1/object/public/item-images/pears/pears_pure_gentle_body_wash.jpg
795,ANG-PER-0080,Pears Soft & Fresh Mint Body Wash,പിയേഴ്സ് soft & fresh mint ബോഡി വാഷ്,Personal Care & Hygiene,bottle,Fixed,140.00,161.00,250 ml Bottle with Loofah (₹140),250 ml Bottle with Loofah: ₹140 | Twin Pack (250 ml x 2): ₹265,https://aadutygzgrbexxuznqlr.supabase.co/storage/v1/object/public/item-images/pears/pears_pure_gentle_body_wash.jpg
796,ANG-PER-0081,Pears Oil Clear Lemon Flower Body Wash,പിയേഴ്സ് oil clear lemon flower ബോഡി വാഷ്,Personal Care & Hygiene,bottle,Fixed,140.00,161.00,250 ml Bottle with Loofah (₹140),250 ml Bottle with Loofah: ₹140 | Twin Pack (250 ml x 2): ₹265,https://aadutygzgrbexxuznqlr.supabase.co/storage/v1/object/public/item-images/pears/pears_pure_gentle_body_wash.jpg
797,ANG-PER-0082,Pears Pure & Gentle Hand Wash Pump,പിയേഴ്സ് pure & gentle ഹാൻഡ് വാഷ് pump,Personal Care & Hygiene,bottle,Fixed,99.00,114.00,250 ml Pump Bottle (₹99),250 ml Pump Bottle: ₹99 | Twin Pack (250 ml x 2): ₹185,https://aadutygzgrbexxuznqlr.supabase.co/storage/v1/object/public/item-images/pears/pears_pure_gentle_body_wash.jpg
798,ANG-PER-0083,Himalaya Purifying Neem Pack 200g,ഹിമാലയ purifying വേപ്പ് pack 200g,Personal Care & Hygiene,pack,Fixed,225.00,259.00,200g (₹225),200g: ₹225,https://aadutygzgrbexxuznqlr.supabase.co/storage/v1/object/public/item-images/himalaya/himalaya_purifying_neem_pack_200g.png
799,ANG-PER-0084,Himalaya Aloe & Cucumber Refreshing Serum Body Lotion,ഹിമാലയ കറ്റാർവാഴ & cucumber refreshing serum ബോഡി ലോഷൻ,Personal Care & Hygiene,bottle,Fixed,99.00,114.00,100ml (₹99),100ml: ₹99 | 200ml: ₹225 | 400ml: ₹465,https://aadutygzgrbexxuznqlr.supabase.co/storage/v1/object/public/item-images/himalaya/himalaya_aloe_cucumber_refreshing_serum_body_lotion.jpg
800,ANG-PER-0085,Himalaya Botanique Baby Wash & Shampoo,ഹിമാലയ botanique ബേബി വാഷ് & ഷാംപൂ,Personal Care & Hygiene,bottle,Fixed,300.00,345.00,100ml (₹300),100ml: ₹300 | 200ml: ₹560 | 400ml: ₹1090,https://aadutygzgrbexxuznqlr.supabase.co/storage/v1/object/public/item-images/himalaya/himalaya_botanique_baby_wash_shampoo.jpg
801,ANG-PER-0086,Himalaya Botanique Baby Bubble Bath,ഹിമാലയ botanique baby bubble bath,Personal Care & Hygiene,pcs,Fixed,250.00,288.00,100ml (₹250),100ml: ₹250 | 200ml: ₹500,https://aadutygzgrbexxuznqlr.supabase.co/storage/v1/object/public/item-images/himalaya/himalaya_botanique_baby_bubble_bath.jpg
802,ANG-PER-0087,Himalaya Botanique Baby Bathing Bar,ഹിമാലയ botanique baby bathing bar,Personal Care & Hygiene,pcs,Fixed,225.00,259.00,75g (₹225),75g: ₹225 | 125g: ₹410 | 75g (2+1): ₹450,https://aadutygzgrbexxuznqlr.supabase.co/storage/v1/object/public/item-images/himalaya/himalaya_botanique_baby_bathing_bar.jpg
803,ANG-PER-0088,Himalaya Hydra Plump Aloe Face Serum,ഹിമാലയ hydra plump കറ്റാർവാഴ ഫേസ് സെറം,Personal Care & Hygiene,pcs,Fixed,299.00,344.00,15ml (₹299),15ml: ₹299 | 30ml: ₹549,https://aadutygzgrbexxuznqlr.supabase.co/storage/v1/object/public/item-images/himalaya/himalaya_hydra_plump_aloe_face_serum.jpg
804,ANG-PER-0089,Himalaya SunProtect+ Ultra-Light Sunscreen Creme Gel,ഹിമാലയ sunprotect+ ultra-light സൺസ്ക്രീൻ creme gel,Personal Care & Hygiene,pcs,Fixed,449.00,517.00,50g (₹449),50g: ₹449,https://aadutygzgrbexxuznqlr.supabase.co/storage/v1/object/public/item-images/himalaya/himalaya_sunprotect_ultra_light_sunscreen_creme_gel.png
805,ANG-PER-0090,Himalaya Gentle Baby Sunscreen Lotion,ഹിമാലയ gentle baby സൺസ്ക്രീൻ lotion,Personal Care & Hygiene,bottle,Fixed,400.00,460.00,50ml (₹400),50ml: ₹400 | 100ml: ₹700,https://aadutygzgrbexxuznqlr.supabase.co/storage/v1/object/public/item-images/himalaya/himalaya_gentle_baby_sunscreen_lotion.jpg
806,ANG-PER-0091,Himalaya Purifying Neem Face Serum,ഹിമാലയ purifying വേപ്പ് ഫേസ് സെറം,Personal Care & Hygiene,pcs,Fixed,249.00,287.00,15ml (₹249),15ml: ₹249 | 30ml: ₹499,https://aadutygzgrbexxuznqlr.supabase.co/storage/v1/object/public/item-images/himalaya/himalaya_purifying_neem_face_serum.jpg
807,ANG-PER-0092,Himalaya Acne Clear+ Moisturizing Gel,ഹിമാലയ acne clear+ moisturizing gel,Personal Care & Hygiene,pcs,Fixed,349.00,402.00,50ml (₹349),50ml: ₹349,https://aadutygzgrbexxuznqlr.supabase.co/storage/v1/object/public/item-images/himalaya/himalaya_acne_clear_moisturizing_gel.jpg
808,ANG-PER-0093,Himalaya Soothing Baby Powder,ഹിമാലയ soothing ബേബി പൗഡർ,Personal Care & Hygiene,pcs,Fixed,130.00,150.00,100g (₹130),100g: ₹130 | 200g: ₹240 | 400g: ₹440,https://aadutygzgrbexxuznqlr.supabase.co/storage/v1/object/public/item-images/himalaya/himalaya_soothing_baby_powder.jpg
809,ANG-PER-0094,Himalaya Hydrating Aloe Vera Face Wash,ഹിമാലയ hydrating കറ്റാർവാഴ ഫേസ് വാഷ്,Personal Care & Hygiene,bottle,Fixed,95.00,110.00,50ml (₹95),50ml: ₹95 | 100ml: ₹179 | 200ml: ₹449,https://aadutygzgrbexxuznqlr.supabase.co/storage/v1/object/public/item-images/himalaya/himalaya_hydrating_aloe_vera_face_wash.jpg
810,ANG-PER-0095,Himalaya Gentle Baby Cream,ഹിമാലയ gentle ബേബി ക്രീം,Personal Care & Hygiene,pcs,Fixed,105.00,121.00,50ml (₹105),50ml: ₹105 | 100ml: ₹200 | 200ml: ₹400,https://aadutygzgrbexxuznqlr.supabase.co/storage/v1/object/public/item-images/himalaya/himalaya_gentle_baby_cream.jpg
811,ANG-PER-0096,Himalaya Gentle Baby Powder,ഹിമാലയ gentle ബേബി പൗഡർ,Personal Care & Hygiene,pcs,Fixed,57.00,66.00,50g (₹57),50g: ₹57 | 100g: ₹111 | 200g: ₹204,https://aadutygzgrbexxuznqlr.supabase.co/storage/v1/object/public/item-images/himalaya/himalaya_gentle_baby_powder.jpg
812,ANG-PER-0097,Himalaya Baby Cream and Extra Moisturizing Baby Lotion Combo,ഹിമാലയ ബേബി ക്രീം and extra moisturizing ബേബി ലോഷൻ combo,Personal Care & Hygiene,bottle,Fixed,274.00,316.00,100ml (₹274),100ml: ₹274,https://aadutygzgrbexxuznqlr.supabase.co/storage/v1/object/public/item-images/himalaya/himalaya_baby_cream_and_extra_moisturizing_baby_lotion_combo.jpg
813,ANG-PER-0098,Himalaya Ayurveda Secrets Ghee Lip Butter,ഹിമാലയ ayurveda secrets ghee ലിപ് ബട്ടർ,Personal Care & Hygiene,pcs,Fixed,399.00,459.00,10g (₹399),10g: ₹399,https://aadutygzgrbexxuznqlr.supabase.co/storage/v1/object/public/item-images/himalaya/himalaya_ayurveda_secrets_ghee_lip_butter.png
814,ANG-PER-0099,Himalaya Ayurveda Secrets Repairing Shampoo,ഹിമാലയ ayurveda secrets repairing ഷാംപൂ,Personal Care & Hygiene,pcs,Fixed,249.00,287.00,200ml (₹249),200ml: ₹249 | 340ml: ₹399,https://aadutygzgrbexxuznqlr.supabase.co/storage/v1/object/public/item-images/himalaya/himalaya_ayurveda_secrets_repairing_shampoo.jpg
815,ANG-PER-0100,Himalaya Ayurveda Secrets Hair Growth Oil,ഹിമാലയ ayurveda secrets hair growth oil,Personal Care & Hygiene,bottle,Fixed,479.00,551.00,100ml (₹479),100ml: ₹479 | 200ml: ₹869,https://aadutygzgrbexxuznqlr.supabase.co/storage/v1/object/public/item-images/himalaya/himalaya_ayurveda_secrets_hair_growth_oil.jpg
816,ANG-PER-0101,Himalaya Strawberry Shine Serum Lip Balm,ഹിമാലയ strawberry shine serum ലിപ് ബാം,Personal Care & Hygiene,pcs,Fixed,299.00,344.00,4.5g (₹299),4.5g: ₹299,https://aadutygzgrbexxuznqlr.supabase.co/storage/v1/object/public/item-images/himalaya/himalaya_strawberry_shine_serum_lip_balm.png
817,ANG-PER-0102,Himalaya Winter Cherry & Aloe Nourishing Serum Body Lotion,ഹിമാലയ winter cherry & കറ്റാർവാഴ nourishing serum ബോഡി ലോഷൻ,Personal Care & Hygiene,bottle,Fixed,99.00,114.00,100ml (₹99),100ml: ₹99 | 200ml: ₹225 | 400ml: ₹445,https://aadutygzgrbexxuznqlr.supabase.co/storage/v1/object/public/item-images/himalaya/himalaya_winter_cherry_aloe_nourishing_serum_body_lotion.jpg
818,ANG-PER-0103,Himalaya Cocoa Butter Intensive Serum Body Lotion,ഹിമാലയ cocoa butter intensive serum ബോഡി ലോഷൻ,Personal Care & Hygiene,bottle,Fixed,99.00,114.00,100ml (₹99),100ml: ₹99 | 200ml: ₹225 | 400ml: ₹445,https://aadutygzgrbexxuznqlr.supabase.co/storage/v1/object/public/item-images/himalaya/himalaya_cocoa_butter_intensive_serum_body_lotion.jpg
819,ANG-PER-0104,Himalaya Nourishing 2 in 1 Baby Shampoo,ഹിമാലയ nourishing 2 in 1 baby ഷാംപൂ,Personal Care & Hygiene,pcs,Fixed,400.00,460.00,400ml (₹400),400ml: ₹400,https://aadutygzgrbexxuznqlr.supabase.co/storage/v1/object/public/item-images/himalaya/himalaya_nourishing_2_in_1_baby_shampoo.jpg
820,ANG-PER-0105,Himalaya SENSITIVE BABY LAUNDRY DETERGENT,ഹിമാലയ sensitive baby laundry detergent,Personal Care & Hygiene,pcs,Fixed,329.00,379.00,500ML (POUCH) (₹329),500ML (POUCH): ₹329 | 1LTR (POUCH): ₹499 | 1LTR (BOTTLE): ₹525,https://aadutygzgrbexxuznqlr.supabase.co/storage/v1/object/public/item-images/himalaya/himalaya_sensitive_baby_laundry_detergent.jpg
821,ANG-PER-0106,Himalaya refreshing baby soap,ഹിമാലയ refreshing ബേബി സോപ്പ്,Personal Care & Hygiene,pcs,Fixed,65.00,75.00,75g (₹65),75g: ₹65 | 125g: ₹93 | Buy 3 Get 1 Free: ₹240,https://aadutygzgrbexxuznqlr.supabase.co/storage/v1/object/public/item-images/himalaya/himalaya_refreshing_baby_soap.jpg
822,ANG-PER-0107,Himalaya Refreshing baby lotion,ഹിമാലയ refreshing ബേബി ലോഷൻ,Personal Care & Hygiene,bottle,Fixed,370.00,426.00,400ml (₹370),400ml: ₹370,https://aadutygzgrbexxuznqlr.supabase.co/storage/v1/object/public/item-images/himalaya/himalaya_refreshing_baby_lotion.jpg
823,ANG-PER-0108,Himalaya Baby Bar with Pure Cow Ghee,ഹിമാലയ baby bar with pure cow ghee,Personal Care & Hygiene,pcs,Fixed,160.00,184.00,75g (₹160),75g: ₹160 | 125g: ₹222,https://aadutygzgrbexxuznqlr.supabase.co/storage/v1/object/public/item-images/himalaya/himalaya_baby_bar_with_pure_cow_ghee.jpg
824,ANG-PER-0109,Himalaya Sun Protect+ Ultra-Light Sunscreen,ഹിമാലയ sun protect+ ultra-light സൺസ്ക്രീൻ,Personal Care & Hygiene,pcs,Fixed,249.00,287.00,30g (₹249),30g: ₹249 | 50g: ₹349 | 100ml Lotion: ₹499,https://aadutygzgrbexxuznqlr.supabase.co/storage/v1/object/public/item-images/himalaya/himalaya_sun_protect_ultra_light_sunscreen.jpg
825,ANG-PER-0110,Himalaya Baby Cradle Cap Cream with Pure Cow Ghee,ഹിമാലയ baby cradle cap cream with pure cow ghee,Personal Care & Hygiene,pcs,Fixed,200.00,230.00,30ml (₹200),30ml: ₹200,https://aadutygzgrbexxuznqlr.supabase.co/storage/v1/object/public/item-images/himalaya/himalaya_baby_cradle_cap_cream_with_pure_cow_ghee.jpg
826,ANG-PER-0111,Himalaya Intima Feminine Hygiene Wash,ഹിമാലയ intima feminine hygiene wash,Personal Care & Hygiene,bottle,Fixed,170.00,196.00,100ml (₹170),100ml: ₹170,https://aadutygzgrbexxuznqlr.supabase.co/storage/v1/object/public/item-images/himalaya/himalaya_intima_feminine_hygiene_wash.jpg
827,ANG-PER-0112,Himalaya Gentle Baby Lotion,ഹിമാലയ gentle ബേബി ലോഷൻ,Personal Care & Hygiene,bottle,Fixed,60.00,69.00,50ml (₹60),50ml: ₹60 | 100ml: ₹125 | 100ml (5+1): ₹625,https://aadutygzgrbexxuznqlr.supabase.co/storage/v1/object/public/item-images/himalaya/himalaya_gentle_baby_lotion.jpg
828,ANG-PER-0113,Himalaya Brightening Vitamin C Orange Face Serum Cream,ഹിമാലയ brightening vitamin c orange ഫേസ് സെറം cream,Personal Care & Hygiene,pcs,Fixed,275.00,317.00,Serum Cream (₹275),Serum Cream: ₹275,https://aadutygzgrbexxuznqlr.supabase.co/storage/v1/object/public/item-images/himalaya/himalaya_brightening_vitamin_c_orange_face_serum_cream.jpg
829,ANG-PER-0114,Himalaya Natural Glow Rose Face Serum,ഹിമാലയ natural glow പനിനീർ ഫേസ് സെറം,Personal Care & Hygiene,pcs,Fixed,549.00,632.00,30ml (₹549),30ml: ₹549,https://aadutygzgrbexxuznqlr.supabase.co/storage/v1/object/public/item-images/himalaya/himalaya_natural_glow_rose_face_serum.jpg
830,ANG-PER-0115,Himalaya Anti-Hair Fall Bhringaraja Conditioner,ഹിമാലയ anti-hair fall bhringaraja കണ്ടീഷണർ,Personal Care & Hygiene,pcs,Fixed,99.00,114.00,80ml (₹99),80ml: ₹99 | 180ml: ₹199,https://aadutygzgrbexxuznqlr.supabase.co/storage/v1/object/public/item-images/himalaya/himalaya_anti_hair_fall_bhringaraja_conditioner.jpg
831,ANG-PER-0116,Himalaya Gentle Exfoliating Apricot Face Wash,ഹിമാലയ gentle exfoliating apricot ഫേസ് വാഷ്,Personal Care & Hygiene,bottle,Fixed,115.00,133.00,50ml (₹115),50ml: ₹115 | 100ml: ₹220,https://aadutygzgrbexxuznqlr.supabase.co/storage/v1/object/public/item-images/himalaya/himalaya_gentle_exfoliating_apricot_face_wash.jpg
832,ANG-PER-0117,Himalaya Baby Cream With Pure Cow Ghee,ഹിമാലയ ബേബി ക്രീം with pure cow ghee,Personal Care & Hygiene,pcs,Fixed,150.00,173.00,50ml (₹150),50ml: ₹150 | 200ml: ₹450,https://aadutygzgrbexxuznqlr.supabase.co/storage/v1/object/public/item-images/himalaya/himalaya_baby_cream_with_pure_cow_ghee.jpg
833,ANG-PER-0118,Himalaya Youth Eternity Face Wash,ഹിമാലയ youth eternity ഫേസ് വാഷ്,Personal Care & Hygiene,bottle,Fixed,319.00,367.00,100ml (₹319),100ml: ₹319,https://aadutygzgrbexxuznqlr.supabase.co/storage/v1/object/public/item-images/himalaya/himalaya_youth_eternity_face_wash.jpg
834,ANG-PER-0119,Himalaya Baby Rash Relief Cream with Pure Cow Ghee,ഹിമാലയ baby rash relief cream with pure cow ghee,Personal Care & Hygiene,pcs,Fixed,100.00,115.00,20g (₹100),20g: ₹100 | 50g: ₹175,https://aadutygzgrbexxuznqlr.supabase.co/storage/v1/object/public/item-images/himalaya/himalaya_baby_rash_relief_cream_with_pure_cow_ghee.jpg
835,ANG-PER-0120,Himalaya Baby Derma Cream with Pure Cow Ghee,ഹിമാലയ baby derma cream with pure cow ghee,Personal Care & Hygiene,pcs,Fixed,125.00,144.00,50g (₹125),50g: ₹125,https://aadutygzgrbexxuznqlr.supabase.co/storage/v1/object/public/item-images/himalaya/himalaya_baby_derma_cream_with_pure_cow_ghee.jpg
836,ANG-PER-0121,Himalaya Baby Lotion with Pure Cow Ghee,ഹിമാലയ ബേബി ലോഷൻ with pure cow ghee,Personal Care & Hygiene,bottle,Fixed,160.00,184.00,100ml (₹160),100ml: ₹160 | 400ml: ₹500,https://aadutygzgrbexxuznqlr.supabase.co/storage/v1/object/public/item-images/himalaya/himalaya_baby_lotion_with_pure_cow_ghee.jpg
837,ANG-PER-0122,Himalaya Head to Toe Baby Wash with Pure Cow Ghee,ഹിമാലയ head to toe ബേബി വാഷ് with pure cow ghee,Personal Care & Hygiene,bottle,Fixed,170.00,196.00,100ml (₹170),100ml: ₹170 | 400ml: ₹500,https://aadutygzgrbexxuznqlr.supabase.co/storage/v1/object/public/item-images/himalaya/himalaya_head_to_toe_baby_wash_with_pure_cow_ghee.jpg
838,ANG-RIC-0034,Supernova 5 Min Palappam Mix,സൂപ്പർനോവ 5 മിനിറ്റ് പാലപ്പം മിക്സ്,"Rice, Atta, Flours & Mixes",g,Fixed,60.00,75.00,500 g (₹60),500 g: ₹60,https://supernovafoods.com/images/products/rice-powder/rice-powder.jpg
839,ANG-RIC-0035,Supernova Easy Idiyappam Mix,സൂപ്പർനോവ ഇടിയപ്പം മിക്സ്,"Rice, Atta, Flours & Mixes",g,Fixed,65.00,81.00,500 g (₹65),500 g: ₹65,https://supernovafoods.com/images/products/rice-powder/rice-powder.jpg
840,ANG-RIC-0036,Supernova White Puttu Podi,സൂപ്പർനോവ വെള്ള പുട്ടുപൊടി,"Rice, Atta, Flours & Mixes",g,Fixed,52.00,64.00,500 g (₹52),500 g: ₹52,https://aadutygzgrbexxuznqlr.supabase.co/storage/v1/object/public/item-images/eastern/puttu-podi.jpg
841,ANG-RIC-0037,Supernova Chemba Puttu Podi,സൂപ്പർനോവ ചെമ്പാ പുട്ടുപൊടി,"Rice, Atta, Flours & Mixes",g,Fixed,56.00,69.00,500 g (₹56),500 g: ₹56,https://aadutygzgrbexxuznqlr.supabase.co/storage/v1/object/public/item-images/eastern/chemba-puttu.jpg
842,ANG-RIC-0038,Supernova Wheat Puttu Podi,സൂപ്പർനോവ ഗോതമ്പ് പുട്ടുപൊടി,"Rice, Atta, Flours & Mixes",g,Fixed,54.00,67.00,500 g (₹54),500 g: ₹54,https://supernovafoods.com/images/products/rice-powder/kerala-puttu-podi.jpg
843,ANG-RIC-0039,Supernova Easy Pathiri Podi,സൂപ്പർനോവ ഈസി പത്തിരി പൊടി,"Rice, Atta, Flours & Mixes",g,Fixed,55.00,67.00,500 g (₹55),500 g: ₹55,https://aadutygzgrbexxuznqlr.supabase.co/storage/v1/object/public/item-images/eastern/pathiri-podi.jpg
844,ANG-RIC-0041,Elanadu Fresh Idly & Dosa Batter,,"Rice, Atta, Flours & Mixes",kg,Fixed,60.00,0.00,1 kg (₹60),1 kg: ₹60,https://images.unsplash.com/photo-1574323347407-f5e1ad6d020b?auto=format&fit=crop&w=600&q=80
845,ANG-RIC-0042,Supernova Semiya Upma Mix,സൂപ്പർനോവ സേമിയ ഉപ്പുമാവ് മിക്സ്,"Rice, Atta, Flours & Mixes",g,Fixed,42.00,52.00,200 g (₹42),200 g: ₹42,https://supernovafoods.com/images/products/ready-to/semiya-payasam-mix.jpg
846,ANG-RIC-0044,Supernova Bhaji Mix,സൂപ്പർനോവ ബജ്ജി മിക്സ്,"Rice, Atta, Flours & Mixes",g,Fixed,38.00,46.00,200 g (₹38),200 g: ₹38,https://supernovafoods.com/images/products/ready-to/palada-mix.jpg
847,ANG-RIC-0045,Supernova Rava Dosa Mix,സൂപ്പർനോവ റവ ദോശ മിക്സ്,"Rice, Atta, Flours & Mixes",g,Fixed,65.00,81.00,500 g (₹65),500 g: ₹65,https://supernovafoods.com/images/products/ready-to/palada-mix.jpg
848,ANG-RIC-0046,Supernova Khaman Dhokla Mix,സൂപ്പർനോവ ഖമൻ ധോക്ല മിക്സ്,"Rice, Atta, Flours & Mixes",g,Fixed,50.00,64.00,200 g (₹50),200 g: ₹50,https://supernovafoods.com/images/products/ready-to/palada-mix.jpg
849,ANG-RIC-0048,Supernova Roasted Rice Powder,സൂപ്പർനോവ വറുത്ത അരിപ്പൊടി,"Rice, Atta, Flours & Mixes",kg,Fixed,85.00,104.00,1 kg (₹85),1 kg: ₹85,https://aadutygzgrbexxuznqlr.supabase.co/storage/v1/object/public/item-images/eastern/rice-powder.jpg
850,ANG-RIC-0049,Supernova Unroasted Rice Powder,സൂപ്പർനോവ വറുക്കാത്ത അരിപ്പൊടി,"Rice, Atta, Flours & Mixes",kg,Fixed,80.00,98.00,1 kg (₹80),1 kg: ₹80,https://supernovafoods.com/images/products/rice-powder/rice-powder.jpg
851,ANG-RIC-0050,Supernova Appam & Idiyappam Podi,സൂപ്പർനോവ അപ്പം & ഇടിയപ്പം പൊടി,"Rice, Atta, Flours & Mixes",kg,Fixed,90.00,110.00,1 kg (₹90),1 kg: ₹90,https://aadutygzgrbexxuznqlr.supabase.co/storage/v1/object/public/item-images/eastern/idiyappam-podi.jpg
852,ANG-RIC-0051,Supernova Steamed Rice Flour,സൂപ്പർനോവ സ്റ്റീംഡ് അരിപ്പൊടി,"Rice, Atta, Flours & Mixes",g,Fixed,46.00,58.00,500 g (₹46),500 g: ₹46,https://supernovafoods.com/images/products/rice-powder/rice-powder.jpg
853,ANG-RIC-0086,Eastern Puttu Powder (Chamba),ഈസ്റ്റേൺ ചെമ്പാ പുട്ടുപൊടി,"Rice, Atta, Flours & Mixes",g,Fixed,49.00,81.00,500 g (₹49),500 g: ₹49,https://aadutygzgrbexxuznqlr.supabase.co/storage/v1/object/public/item-images/eastern/puttu-powder-chamba.jpg
854,ANG-RIC-0087,Eastern White Puttu Powder,ഈസ്റ്റേൺ വെള്ള പുട്ടുപൊടി,"Rice, Atta, Flours & Mixes",g,Fixed,54.00,83.00,500 g (₹54),500 g: ₹54,https://aadutygzgrbexxuznqlr.supabase.co/storage/v1/object/public/item-images/eastern/puttu-powder-white-1.jpg
855,ANG-RIC-0088,Eastern 5 Min Palappam Mix,ഈസ്റ്റേൺ 5 മിനിറ്റ് പാലപ്പം മിക്സ്,"Rice, Atta, Flours & Mixes",g,Fixed,46.00,71.00,200 g (₹46),200 g: ₹46,https://aadutygzgrbexxuznqlr.supabase.co/storage/v1/object/public/item-images/eastern/easy-palappam.jpg
856,ANG-RIC-0089,Eastern 5 Min Idiyappam Mix,ഈസ്റ്റേൺ 5 മിനിറ്റ് ഇടിയപ്പം മിക്സ്,"Rice, Atta, Flours & Mixes",g,Fixed,82.00,126.00,200 g (₹82),200 g: ₹82,https://aadutygzgrbexxuznqlr.supabase.co/storage/v1/object/public/item-images/eastern/idiyappam-1.jpg
857,ANG-RIC-0090,Eastern Palada Mix,ഈസ്റ്റേൺ പാലട മിക്സ്,"Rice, Atta, Flours & Mixes",g,Fixed,69.00,110.00,300 g (₹69),300 g: ₹69,https://aadutygzgrbexxuznqlr.supabase.co/storage/v1/object/public/item-images/eastern/palada-mix-2.jpg
858,ANG-RIC-0091,Eastern Kasuri Methi,ഈസ്റ്റേൺ കസ്തൂരി മേത്തി,"Rice, Atta, Flours & Mixes",g,Fixed,24.00,29.00,25 g (₹24),25 g: ₹24,https://aadutygzgrbexxuznqlr.supabase.co/storage/v1/object/public/item-images/eastern/kasuri-methi.jpg
859,ANG-RIC-0092,Eastern Seedless Tamarind,ഈസ്റ്റേൺ വാളൻ പുളി (വിത്ത് ഇല്ലാത്തത്),"Rice, Atta, Flours & Mixes",g,Fixed,60.00,92.00,200 g (₹60),200 g: ₹60,https://aadutygzgrbexxuznqlr.supabase.co/storage/v1/object/public/item-images/eastern/tamarind-1.jpg
860,ANG-RIC-0093,Eastern Dosa Mix,ഈസ്റ്റേൺ ദോശ മിക്സ്,"Rice, Atta, Flours & Mixes",g,Fixed,50.00,75.00,200 g (₹50),200 g: ₹50,https://aadutygzgrbexxuznqlr.supabase.co/storage/v1/object/public/item-images/eastern/insta-dosa.jpg
861,ANG-RIC-0094,Eastern Roasted Rava / Sooji,ഈസ്റ്റേൺ വറുത്ത റവ / സൂചി,"Rice, Atta, Flours & Mixes",pack,Fixed,500.00,575.00,halwa (₹500),halwa: ₹500,https://aadutygzgrbexxuznqlr.supabase.co/storage/v1/object/public/item-images/eastern/roasted-rava.jpg
862,ANG-RIC-0095,Eastern Easy Pathiri Powder,ഈസ്റ്റേൺ ഈസി പത്തിരി പൊടി,"Rice, Atta, Flours & Mixes",g,Fixed,52.00,79.00,500 g (₹52),500 g: ₹52,https://aadutygzgrbexxuznqlr.supabase.co/storage/v1/object/public/item-images/eastern/pathiri-powder.jpg
863,ANG-RIC-0107,Chola Rice Flour & Pulses Range,ചോള അരിപ്പൊടി & പയറുവർഗ്ഗങ്ങൾ,"Rice, Atta, Flours & Mixes",g,Fixed,65.00,87.00,1000g (₹65),1000g: ₹65 | 500g: ₹35,https://www.cholafoods.com/images/products.png
864,ANG-RIC-0171,Elanadu Fresh Idly & Dosa Batter,എളനാട് Fresh Idly & Dosa Batter,"Rice, Atta, Flours & Mixes",kg,Fixed,60.00,69.00,1 kg (₹60),1 kg: ₹60,https://images.unsplash.com/photo-1589301760014-d929f3979dbc?w=500&auto=format&fit=crop&q=80
865,ANG-RIC-0270,Aashirvaad Superior MP Whole Wheat Atta,ആശീർവാദ് സുപ്പീരിയർ എം.പി ഗോതമ്പ് ആട്ട,"Rice, Atta, Flours & Mixes",kg,Fixed,59.00,68.00,5 kg (₹285),1 kg: ₹59 | 5 kg: ₹285 | 10 kg: ₹560,https://aadutygzgrbexxuznqlr.supabase.co/storage/v1/object/public/item-images/demos/aashirvaad/aashirvaad_superior_mp_atta_1789406407980.webp
866,ANG-RIC-0273,Aashirvaad Multigrain Atta,,"Rice, Atta, Flours & Mixes",kg,Fixed,285.00,0.00,5 kg (₹285),5 kg: ₹285 | 1 kg: ₹65,https://images.unsplash.com/photo-1509440159596-0249088772ff?auto=format&fit=crop&w=600&q=80
867,ANG-RIC-0275,Aashirvaad Select Premium Sharbati Atta,,"Rice, Atta, Flours & Mixes",kg,Fixed,310.00,0.00,5 kg (₹310),5 kg: ₹310,https://images.unsplash.com/photo-1574323347407-f5e1ad6d020b?auto=format&fit=crop&w=600&q=80
868,ANG-RIC-0276,Aashirvaad Sugar Release Control Atta,ആശീർവാദ് ഷുഗർ റിലീസ് കൺട്രോൾ ആട്ട,"Rice, Atta, Flours & Mixes",kg,Fixed,85.00,98.00,5 kg (₹410),1 kg: ₹85 | 5 kg: ₹410,https://aadutygzgrbexxuznqlr.supabase.co/storage/v1/object/public/item-images/demos/aashirvaad/aashirvaad_sugar_release_control_atta_1789406410474.webp
869,ANG-RIC-0277,Fortune Chakki Fresh Atta,,"Rice, Atta, Flours & Mixes",kg,Fixed,420.00,0.00,10 kg (₹420),10 kg: ₹420 | 5 kg: ₹215 | 1 kg: ₹46,https://images.unsplash.com/photo-1574323347407-f5e1ad6d020b?auto=format&fit=crop&w=600&q=80
870,ANG-RIC-0280,Pillsbury Chakki Fresh Atta,,"Rice, Atta, Flours & Mixes",kg,Fixed,430.00,0.00,10 kg (₹430),10 kg: ₹430 | 5 kg: ₹220,https://images.unsplash.com/photo-1574323347407-f5e1ad6d020b?auto=format&fit=crop&w=600&q=80
871,ANG-RIC-0282,Patanjali Whole Wheat Atta,,"Rice, Atta, Flours & Mixes",kg,Fixed,400.00,0.00,10 kg (₹400),10 kg: ₹400 | 5 kg: ₹205,https://images.unsplash.com/photo-1574323347407-f5e1ad6d020b?auto=format&fit=crop&w=600&q=80
872,ANG-RIC-0284,24 Mantra Organic Whole Wheat Atta,,"Rice, Atta, Flours & Mixes",kg,Fixed,275.00,0.00,5 kg (₹275),5 kg: ₹275 | 1 kg: ₹58,https://images.unsplash.com/photo-1509440159596-0249088772ff?auto=format&fit=crop&w=600&q=80
873,ANG-RIC-0286,Nature Fresh Sampoorna Chakki Atta,,"Rice, Atta, Flours & Mixes",kg,Fixed,415.00,0.00,10 kg (₹415),10 kg: ₹415 | 5 kg: ₹210,https://images.unsplash.com/photo-1574323347407-f5e1ad6d020b?auto=format&fit=crop&w=600&q=80
874,ANG-RIC-0288,Organic Tattva Whole Wheat Atta,,"Rice, Atta, Flours & Mixes",kg,Fixed,290.00,0.00,5 kg (₹290),5 kg: ₹290,https://images.unsplash.com/photo-1509440159596-0249088772ff?auto=format&fit=crop&w=600&q=80
875,ANG-RIC-0289,Rajdhani Besan,,"Rice, Atta, Flours & Mixes",kg,Fixed,95.00,0.00,1 kg (₹95),1 kg: ₹95 | 500 g: ₹50,https://images.unsplash.com/photo-1586201375761-83865001e31c?auto=format&fit=crop&w=600&q=80
876,ANG-RIC-0291,Fortune Besan,,"Rice, Atta, Flours & Mixes",kg,Fixed,98.00,0.00,1 kg (₹98),1 kg: ₹98 | 500 g: ₹52,https://images.unsplash.com/photo-1586201375761-83865001e31c?auto=format&fit=crop&w=600&q=80
877,ANG-RIC-0295,Rajdhani Sooji (Rava),,"Rice, Atta, Flours & Mixes",kg,Fixed,48.00,0.00,1 kg (₹48),1 kg: ₹48 | 500 g: ₹25,https://images.unsplash.com/photo-1586201375761-83865001e31c?auto=format&fit=crop&w=600&q=80
878,ANG-RIC-0297,Fortune Sooji,,"Rice, Atta, Flours & Mixes",kg,Fixed,50.00,0.00,1 kg (₹50),1 kg: ₹50,https://images.unsplash.com/photo-1586201375761-83865001e31c?auto=format&fit=crop&w=600&q=80
879,ANG-RIC-0298,Rajdhani Maida,,"Rice, Atta, Flours & Mixes",kg,Fixed,42.00,0.00,1 kg (₹42),1 kg: ₹42 | 500 g: ₹22,https://images.unsplash.com/photo-1509440159596-0249088772ff?auto=format&fit=crop&w=600&q=80
880,ANG-RIC-0300,Fortune Maida,,"Rice, Atta, Flours & Mixes",kg,Fixed,45.00,0.00,1 kg (₹45),1 kg: ₹45,https://images.unsplash.com/photo-1509440159596-0249088772ff?auto=format&fit=crop&w=600&q=80
881,ANG-RIC-0301,24 Mantra Organic Ragi Flour,,"Rice, Atta, Flours & Mixes",kg,Fixed,75.00,0.00,1 kg (₹75),1 kg: ₹75 | 500 g: ₹40,https://images.unsplash.com/photo-1509440159596-0249088772ff?auto=format&fit=crop&w=600&q=80
882,ANG-RIC-0303,Manna Ragi Flour,,"Rice, Atta, Flours & Mixes",kg,Fixed,70.00,0.00,1 kg (₹70),1 kg: ₹70,https://images.unsplash.com/photo-1509440159596-0249088772ff?auto=format&fit=crop&w=600&q=80
883,ANG-RIC-0304,24 Mantra Organic Jowar Flour,,"Rice, Atta, Flours & Mixes",kg,Fixed,80.00,0.00,1 kg (₹80),1 kg: ₹80,https://images.unsplash.com/photo-1509440159596-0249088772ff?auto=format&fit=crop&w=600&q=80
884,ANG-RIC-0305,24 Mantra Organic Bajra Flour,,"Rice, Atta, Flours & Mixes",kg,Fixed,72.00,0.00,1 kg (₹72),1 kg: ₹72,https://aadutygzgrbexxuznqlr.supabase.co/storage/v1/object/public/item-images/demos/demo_1789005118851_mb71r6.jpg
885,ANG-RIC-0306,24 Mantra Organic Rice Flour,,"Rice, Atta, Flours & Mixes",kg,Fixed,62.00,0.00,1 kg (₹62),1 kg: ₹62 | 500 g: ₹33,https://images.unsplash.com/photo-1586201375761-83865001e31c?auto=format&fit=crop&w=600&q=80
886,ANG-RIC-0310,Slurrp Farm Oats Powder,,"Rice, Atta, Flours & Mixes",g,Fixed,199.00,0.00,500 g (₹199),500 g: ₹199,https://images.unsplash.com/photo-1509440159596-0249088772ff?auto=format&fit=crop&w=600&q=80
887,ANG-RIC-0311,Quaker Whole Oats,,"Rice, Atta, Flours & Mixes",kg,Fixed,180.00,0.00,1 kg (₹180),1 kg: ₹180 | 1.5 kg: ₹265,https://images.unsplash.com/photo-1586201375761-83865001e31c?auto=format&fit=crop&w=600&q=80
888,ANG-RIC-0313,Saffola Oats,,"Rice, Atta, Flours & Mixes",kg,Fixed,165.00,0.00,1 kg (₹165),1 kg: ₹165 | 500 g: ₹92,https://images.unsplash.com/photo-1586201375761-83865001e31c?auto=format&fit=crop&w=600&q=80
889,ANG-RIC-0315,India Gate Basmati Rice Classic,,"Rice, Atta, Flours & Mixes",kg,Fixed,890.00,0.00,5 kg (₹890),5 kg: ₹890 | 1 kg: ₹190,https://images.unsplash.com/photo-1586201375761-83865001e31c?auto=format&fit=crop&w=600&q=80
890,ANG-RIC-0317,India Gate Basmati Rice Super,,"Rice, Atta, Flours & Mixes",kg,Fixed,680.00,0.00,5 kg (₹680),5 kg: ₹680 | 1 kg: ₹145,https://images.unsplash.com/photo-1586201375761-83865001e31c?auto=format&fit=crop&w=600&q=80
891,ANG-RIC-0319,India Gate Basmati Rice Feast Rozzana,,"Rice, Atta, Flours & Mixes",kg,Fixed,395.00,0.00,5 kg (₹395),5 kg: ₹395 | 1 kg: ₹85,https://images.unsplash.com/photo-1586201375761-83865001e31c?auto=format&fit=crop&w=600&q=80
892,ANG-RIC-0321,India Gate Basmati Rice Tibar,,"Rice, Atta, Flours & Mixes",kg,Fixed,495.00,0.00,5 kg (₹495),5 kg: ₹495,https://images.unsplash.com/photo-1586201375761-83865001e31c?auto=format&fit=crop&w=600&q=80
893,ANG-RIC-0322,India Gate Basmati Rice Dubar,,"Rice, Atta, Flours & Mixes",kg,Fixed,420.00,0.00,5 kg (₹420),5 kg: ₹420,https://images.unsplash.com/photo-1586201375761-83865001e31c?auto=format&fit=crop&w=600&q=80
894,ANG-RIC-0323,Daawat Rozana Gold Basmati Rice,,"Rice, Atta, Flours & Mixes",kg,Fixed,380.00,0.00,5 kg (₹380),5 kg: ₹380 | 1 kg: ₹80,https://images.unsplash.com/photo-1586201375761-83865001e31c?auto=format&fit=crop&w=600&q=80
895,ANG-RIC-0325,Daawat Super Basmati Rice,,"Rice, Atta, Flours & Mixes",kg,Fixed,780.00,0.00,5 kg (₹780),5 kg: ₹780 | 1 kg: ₹165,https://images.unsplash.com/photo-1586201375761-83865001e31c?auto=format&fit=crop&w=600&q=80
896,ANG-RIC-0327,Daawat Biryani Basmati Rice,,"Rice, Atta, Flours & Mixes",kg,Fixed,990.00,0.00,5 kg (₹990),5 kg: ₹990 | 1 kg: ₹210,https://images.unsplash.com/photo-1586201375761-83865001e31c?auto=format&fit=crop&w=600&q=80
897,ANG-RIC-0329,Daawat Brown Basmati Rice,,"Rice, Atta, Flours & Mixes",kg,Fixed,135.00,0.00,1 kg (₹135),1 kg: ₹135,https://images.unsplash.com/photo-1586201375761-83865001e31c?auto=format&fit=crop&w=600&q=80
898,ANG-RIC-0330,Fortune Everyday Basmati Rice,,"Rice, Atta, Flours & Mixes",kg,Fixed,360.00,0.00,5 kg (₹360),5 kg: ₹360 | 1 kg: ₹76,https://images.unsplash.com/photo-1586201375761-83865001e31c?auto=format&fit=crop&w=600&q=80
899,ANG-RIC-0332,Fortune Special Biryani Basmati Rice,,"Rice, Atta, Flours & Mixes",kg,Fixed,820.00,0.00,5 kg (₹820),5 kg: ₹820,https://images.unsplash.com/photo-1586201375761-83865001e31c?auto=format&fit=crop&w=600&q=80
900,ANG-RIC-0333,Kohinoor Super Silver Basmati Rice,,"Rice, Atta, Flours & Mixes",kg,Fixed,710.00,0.00,5 kg (₹710),5 kg: ₹710 | 1 kg: ₹150,https://images.unsplash.com/photo-1586201375761-83865001e31c?auto=format&fit=crop&w=600&q=80
901,ANG-RIC-0335,Kohinoor Charminar Everyday Basmati Rice,,"Rice, Atta, Flours & Mixes",kg,Fixed,340.00,0.00,5 kg (₹340),5 kg: ₹340,https://images.unsplash.com/photo-1586201375761-83865001e31c?auto=format&fit=crop&w=600&q=80
902,ANG-RIC-0336,BB Royal Sona Masoori Rice,,"Rice, Atta, Flours & Mixes",kg,Fixed,520.00,0.00,10 kg (₹520),10 kg: ₹520 | 5 kg: ₹270 | 1 kg: ₹56,https://images.unsplash.com/photo-1586201375761-83865001e31c?auto=format&fit=crop&w=600&q=80
903,ANG-RIC-0339,24 Mantra Organic Sona Masoori Rice,,"Rice, Atta, Flours & Mixes",kg,Fixed,350.00,0.00,5 kg (₹350),5 kg: ₹350 | 1 kg: ₹74,https://images.unsplash.com/photo-1586201375761-83865001e31c?auto=format&fit=crop&w=600&q=80
904,ANG-RIC-0341,BB Royal Idli Rice,,"Rice, Atta, Flours & Mixes",kg,Fixed,460.00,0.00,10 kg (₹460),10 kg: ₹460 | 5 kg: ₹240 | 1 kg: ₹50,https://images.unsplash.com/photo-1586201375761-83865001e31c?auto=format&fit=crop&w=600&q=80
905,ANG-RIC-0344,BB Royal Kolam Rice,,"Rice, Atta, Flours & Mixes",kg,Fixed,310.00,0.00,5 kg (₹310),5 kg: ₹310 | 1 kg: ₹64,https://images.unsplash.com/photo-1586201375761-83865001e31c?auto=format&fit=crop&w=600&q=80
906,ANG-RIC-0346,BB Royal Wada Kolam Rice,,"Rice, Atta, Flours & Mixes",kg,Fixed,370.00,0.00,5 kg (₹370),5 kg: ₹370 | 1 kg: ₹76,https://images.unsplash.com/photo-1586201375761-83865001e31c?auto=format&fit=crop&w=600&q=80
907,ANG-RIC-0348,BB Royal Ponni Boiled Rice,,"Rice, Atta, Flours & Mixes",kg,Fixed,490.00,0.00,10 kg (₹490),10 kg: ₹490 | 5 kg: ₹255,https://images.unsplash.com/photo-1586201375761-83865001e31c?auto=format&fit=crop&w=600&q=80
908,ANG-RIC-0350,BB Royal Raw Ponni Rice,,"Rice, Atta, Flours & Mixes",kg,Fixed,270.00,0.00,5 kg (₹270),5 kg: ₹270,https://images.unsplash.com/photo-1586201375761-83865001e31c?auto=format&fit=crop&w=600&q=80
909,ANG-RIC-0351,BB Royal Gobindobhog Rice,,"Rice, Atta, Flours & Mixes",kg,Fixed,105.00,0.00,1 kg (₹105),1 kg: ₹105 | 500 g: ₹54,https://images.unsplash.com/photo-1586201375761-83865001e31c?auto=format&fit=crop&w=600&q=80
910,ANG-RIC-0353,BB Royal Matta Rice,,"Rice, Atta, Flours & Mixes",kg,Fixed,290.00,0.00,5 kg (₹290),5 kg: ₹290 | 1 kg: ₹60,https://images.unsplash.com/photo-1586201375761-83865001e31c?auto=format&fit=crop&w=600&q=80
911,ANG-RIC-0355,BB Royal Jasmine Rice,,"Rice, Atta, Flours & Mixes",kg,Fixed,195.00,0.00,1 kg (₹195),1 kg: ₹195,https://images.unsplash.com/photo-1586201375761-83865001e31c?auto=format&fit=crop&w=600&q=80
912,ANG-RIC-0356,Organic Tattva Brown Basmati Rice,,"Rice, Atta, Flours & Mixes",kg,Fixed,150.00,0.00,1 kg (₹150),1 kg: ₹150,https://images.unsplash.com/photo-1586201375761-83865001e31c?auto=format&fit=crop&w=600&q=80
913,ANG-RIC-0357,24 Mantra Organic Red Rice,,"Rice, Atta, Flours & Mixes",kg,Fixed,90.00,0.00,1 kg (₹90),1 kg: ₹90,https://images.unsplash.com/photo-1586201375761-83865001e31c?auto=format&fit=crop&w=600&q=80
914,ANG-RIC-0358,24 Mantra Organic Black Rice,,"Rice, Atta, Flours & Mixes",g,Fixed,130.00,0.00,500 g (₹130),500 g: ₹130,https://images.unsplash.com/photo-1586201375761-83865001e31c?auto=format&fit=crop&w=600&q=80
915,ANG-RIC-0359,BB Royal Thick Poha,,"Rice, Atta, Flours & Mixes",kg,Fixed,62.00,0.00,1 kg (₹62),1 kg: ₹62 | 500 g: ₹32,https://images.unsplash.com/photo-1586201375761-83865001e31c?auto=format&fit=crop&w=600&q=80
916,ANG-RIC-0361,BB Royal Thin Poha,,"Rice, Atta, Flours & Mixes",g,Fixed,35.00,0.00,500 g (₹35),500 g: ₹35,https://images.unsplash.com/photo-1586201375761-83865001e31c?auto=format&fit=crop&w=600&q=80
917,ANG-RIC-0362,Fortune Thick Poha,,"Rice, Atta, Flours & Mixes",g,Fixed,38.00,0.00,500 g (₹38),500 g: ₹38,https://images.unsplash.com/photo-1586201375761-83865001e31c?auto=format&fit=crop&w=600&q=80
918,ANG-RIC-0364,BB Royal Sabudana (Chowari),,"Rice, Atta, Flours & Mixes",kg,Fixed,85.00,0.00,1 kg (₹85),1 kg: ₹85 | 500 g: ₹44,https://images.unsplash.com/photo-1586201375761-83865001e31c?auto=format&fit=crop&w=600&q=80
919,ANG-RIC-0366,BB Royal Medium Sabudana,,"Rice, Atta, Flours & Mixes",g,Fixed,46.00,0.00,500 g (₹46),500 g: ₹46,https://images.unsplash.com/photo-1586201375761-83865001e31c?auto=format&fit=crop&w=600&q=80
920,ANG-RIC-0367,BB Royal Puff Rice (Pori),,"Rice, Atta, Flours & Mixes",g,Fixed,38.00,0.00,500 g (₹38),500 g: ₹38 | 250 g: ₹20,https://images.unsplash.com/photo-1586201375761-83865001e31c?auto=format&fit=crop&w=600&q=80
921,ANG-RIC-0444,MTR Breakfast Vermicelli (Semiya),,"Rice, Atta, Flours & Mixes",kg,Fixed,72.00,0.00,1 kg (₹72),1 kg: ₹72 | 400 g: ₹32,https://aadutygzgrbexxuznqlr.supabase.co/storage/v1/object/public/item-images/eastern/vermicelli.jpg
922,ANG-RIC-0446,Bambino Roasted Vermicelli,,"Rice, Atta, Flours & Mixes",g,Fixed,68.00,0.00,850 g (₹68),850 g: ₹68 | 400 g: ₹35,https://aadutygzgrbexxuznqlr.supabase.co/storage/v1/object/public/item-images/eastern/roasted-vermicelli.jpg
923,ANG-RIC-0448,Bambino Non-Roasted Vermicelli,,"Rice, Atta, Flours & Mixes",g,Fixed,28.00,0.00,400 g (₹28),400 g: ₹28,https://images.unsplash.com/photo-1586201375761-83865001e31c?auto=format&fit=crop&w=600&q=80
924,ANG-RIC-0449,BB Royal Rice Vermicelli (Semiya),,"Rice, Atta, Flours & Mixes",g,Fixed,38.00,0.00,400 g (₹38),400 g: ₹38,https://images.unsplash.com/photo-1586201375761-83865001e31c?auto=format&fit=crop&w=600&q=80
925,ANG-RIC-0450,Manna Health Mix,,"Rice, Atta, Flours & Mixes",g,Fixed,150.00,0.00,500 g (₹150),500 g: ₹150,https://images.unsplash.com/photo-1509440159596-0249088772ff?auto=format&fit=crop&w=600&q=80
926,ANG-RIC-0455,24 Mantra Organic Foxtail Millet,,"Rice, Atta, Flours & Mixes",kg,Fixed,115.00,0.00,1 kg (₹115),1 kg: ₹115 | 500 g: ₹60,https://images.unsplash.com/photo-1586201375761-83865001e31c?auto=format&fit=crop&w=600&q=80
927,ANG-RIC-0457,24 Mantra Organic Little Millet,,"Rice, Atta, Flours & Mixes",g,Fixed,60.00,0.00,500 g (₹60),500 g: ₹60,https://images.unsplash.com/photo-1586201375761-83865001e31c?auto=format&fit=crop&w=600&q=80
928,ANG-RIC-0458,24 Mantra Organic Kodo Millet,,"Rice, Atta, Flours & Mixes",g,Fixed,64.00,0.00,500 g (₹64),500 g: ₹64,https://images.unsplash.com/photo-1586201375761-83865001e31c?auto=format&fit=crop&w=600&q=80
929,ANG-RIC-0459,24 Mantra Organic Barnyard Millet,,"Rice, Atta, Flours & Mixes",g,Fixed,68.00,0.00,500 g (₹68),500 g: ₹68,https://images.unsplash.com/photo-1586201375761-83865001e31c?auto=format&fit=crop&w=600&q=80
930,ANG-RIC-0460,Slurrp Farm Foxtail Millet Dosa Mix,,"Rice, Atta, Flours & Mixes",g,Fixed,175.00,0.00,500 g (₹175),500 g: ₹175,https://images.unsplash.com/photo-1509440159596-0249088772ff?auto=format&fit=crop&w=600&q=80
931,ANG-RIC-0466,BB Royal Bansi Rava,,"Rice, Atta, Flours & Mixes",kg,Fixed,55.00,0.00,1 kg (₹55),1 kg: ₹55 | 500 g: ₹28,https://images.unsplash.com/photo-1586201375761-83865001e31c?auto=format&fit=crop&w=600&q=80
932,ANG-RIC-0468,BB Royal Idli Rava,,"Rice, Atta, Flours & Mixes",kg,Fixed,52.00,0.00,1 kg (₹52),1 kg: ₹52 | 500 g: ₹27,https://images.unsplash.com/photo-1586201375761-83865001e31c?auto=format&fit=crop&w=600&q=80
933,ANG-RIC-0470,BB Royal Rice Rava,,"Rice, Atta, Flours & Mixes",g,Fixed,28.00,0.00,500 g (₹28),500 g: ₹28,https://images.unsplash.com/photo-1586201375761-83865001e31c?auto=format&fit=crop&w=600&q=80
934,ANG-RIC-1082,Idli & Dosa Batter,,"Rice, Atta, Flours & Mixes",g,Fixed,72.00,0.00,500 g (₹72),500 g: ₹72,https://images.unsplash.com/photo-1574323347407-f5e1ad6d020b?auto=format&fit=crop&w=600&q=80
935,ANG-RIC-1083,Amma's Special Dosa & Idli Batter,,"Rice, Atta, Flours & Mixes",kg,Fixed,99.00,0.00,1 kg (₹99),1 kg: ₹99,https://images.unsplash.com/photo-1574323347407-f5e1ad6d020b?auto=format&fit=crop&w=600&q=80
936,ANG-RIC-1084,Idli & Dosa Batter Jumbo,,"Rice, Atta, Flours & Mixes",kg,Fixed,130.00,0.00,1 kg (₹130),1 kg: ₹130,https://images.unsplash.com/photo-1574323347407-f5e1ad6d020b?auto=format&fit=crop&w=600&q=80
937,ANG-RIC-1085,Rishta Fresh & Tasty Idli Batter,,"Rice, Atta, Flours & Mixes",kg,Fixed,130.00,0.00,1 kg (₹130),1 kg: ₹130,https://images.unsplash.com/photo-1574323347407-f5e1ad6d020b?auto=format&fit=crop&w=600&q=80
938,ANG-RIC-1086,Amma's Mini Idli/Dosa Batter,,"Rice, Atta, Flours & Mixes",g,Fixed,55.00,0.00,500 g (₹55),500 g: ₹55,https://images.unsplash.com/photo-1574323347407-f5e1ad6d020b?auto=format&fit=crop&w=600&q=80
939,ANG-RIC-1087,Family Pack Idli Dosa Batter,,"Rice, Atta, Flours & Mixes",kg,Fixed,169.00,0.00,2 kg (₹169),2 kg: ₹169,https://images.unsplash.com/photo-1574323347407-f5e1ad6d020b?auto=format&fit=crop&w=600&q=80
940,ANG-RIC-1088,Ragi Millet Idly & Dosa Batter,,"Rice, Atta, Flours & Mixes",g,Fixed,62.00,0.00,500 g (₹62),500 g: ₹62,https://images.unsplash.com/photo-1574323347407-f5e1ad6d020b?auto=format&fit=crop&w=600&q=80
941,ANG-RIC-1089,Country Delight Fresh Idli Dosa Batter,,"Rice, Atta, Flours & Mixes",g,Fixed,49.00,0.00,500 g (₹49),500 g: ₹49,https://images.unsplash.com/photo-1574323347407-f5e1ad6d020b?auto=format&fit=crop&w=600&q=80
942,ANG-RIC-1090,Rishta Multigrain Specialty Batter,,"Rice, Atta, Flours & Mixes",kg,Fixed,135.00,0.00,1 kg (₹135),1 kg: ₹135,https://images.unsplash.com/photo-1574323347407-f5e1ad6d020b?auto=format&fit=crop&w=600&q=80
943,ANG-RIC-1091,Rishta Standard Idli Dosa Batter,,"Rice, Atta, Flours & Mixes",g,Fixed,69.00,0.00,500 g (₹69),500 g: ₹69,https://images.unsplash.com/photo-1574323347407-f5e1ad6d020b?auto=format&fit=crop&w=600&q=80
944,ANG-RIC-1092,iD Malabar Parota,,"Rice, Atta, Flours & Mixes",pack,Fixed,113.00,0.00,Pack of 5 (₹113),Pack of 5: ₹113,https://images.unsplash.com/photo-1574323347407-f5e1ad6d020b?auto=format&fit=crop&w=600&q=80
945,ANG-RIC-1093,iD Whole Wheat Lachha Paratha,,"Rice, Atta, Flours & Mixes",pack,Fixed,110.00,0.00,Pack of 4 (₹110),Pack of 4: ₹110,https://images.unsplash.com/photo-1574323347407-f5e1ad6d020b?auto=format&fit=crop&w=600&q=80
946,ANG-RIC-1166,Fingerlix Dosa Batter,,"Rice, Atta, Flours & Mixes",kg,Fixed,110.00,0.00,1 kg (₹110),1 kg: ₹110,https://images.unsplash.com/photo-1574323347407-f5e1ad6d020b?auto=format&fit=crop&w=600&q=80
947,ANG-RIC-1167,iD Sprouted Moong Batter,,"Rice, Atta, Flours & Mixes",g,Fixed,65.00,0.00,350 g (₹65),350 g: ₹65,https://images.unsplash.com/photo-1574323347407-f5e1ad6d020b?auto=format&fit=crop&w=600&q=80
948,ANG-RIC-1168,Amma's Multi Millet Batter,,"Rice, Atta, Flours & Mixes",g,Fixed,60.00,0.00,500 g (₹60),500 g: ₹60,https://images.unsplash.com/photo-1574323347407-f5e1ad6d020b?auto=format&fit=crop&w=600&q=80
949,ANG-RIC-1169,iD Wheat Parota,,"Rice, Atta, Flours & Mixes",pack,Fixed,115.00,0.00,Pack of 5 (₹115),Pack of 5: ₹115,https://images.unsplash.com/photo-1574323347407-f5e1ad6d020b?auto=format&fit=crop&w=600&q=80
950,ANG-RIC-1170,Eastern Idli Podi,,"Rice, Atta, Flours & Mixes",kg,Fixed,,,100 g (₹45),100 g: ₹45,https://aadutygzgrbexxuznqlr.supabase.co/storage/v1/object/public/item-images/eastern/idlipodi.jpg
951,ANG-RIC-1171,Eastern Pathiri Podi,,"Rice, Atta, Flours & Mixes",kg,Fixed,,,100 g (₹45),100 g: ₹45,https://aadutygzgrbexxuznqlr.supabase.co/storage/v1/object/public/item-images/eastern/pathiri-podi.jpg
952,ANG-RIC-1173,Eastern Easy Palappam Mix,,"Rice, Atta, Flours & Mixes",kg,Fixed,,,100 g (₹45),100 g: ₹45,https://aadutygzgrbexxuznqlr.supabase.co/storage/v1/object/public/item-images/eastern/palappam-podi.jpg
953,ANG-RIC-1174,Eastern Dosa Podi,,"Rice, Atta, Flours & Mixes",kg,Fixed,,,100 g (₹45),100 g: ₹45,https://aadutygzgrbexxuznqlr.supabase.co/storage/v1/object/public/item-images/eastern/dosa-podi.jpg
954,ANG-RIC-1175,Eastern Appam Podi,,"Rice, Atta, Flours & Mixes",kg,Fixed,,,100 g (₹45),100 g: ₹45,https://aadutygzgrbexxuznqlr.supabase.co/storage/v1/object/public/item-images/eastern/appam-podi.jpg
955,ANG-RIC-1176,Eastern Chemba Puttu Podi,,"Rice, Atta, Flours & Mixes",kg,Fixed,,,100 g (₹45),100 g: ₹45,https://aadutygzgrbexxuznqlr.supabase.co/storage/v1/object/public/item-images/eastern/chemba-puttu.jpg
956,ANG-RIC-1177,Eastern Idiyappam Podi,,"Rice, Atta, Flours & Mixes",kg,Fixed,,,100 g (₹45),100 g: ₹45,https://aadutygzgrbexxuznqlr.supabase.co/storage/v1/object/public/item-images/eastern/idiyappam-podi.jpg
957,ANG-RIC-1178,Eastern Puttu Podi,,"Rice, Atta, Flours & Mixes",kg,Fixed,,,100 g (₹45),100 g: ₹45,https://aadutygzgrbexxuznqlr.supabase.co/storage/v1/object/public/item-images/eastern/puttu-podi.jpg
958,ANG-RIC-1184,Eastern Instant Ghee Upumavu,,Spices & Masalas,kg,Fixed,,,100 g (₹45),100 g: ₹45,https://aadutygzgrbexxuznqlr.supabase.co/storage/v1/object/public/item-images/eastern/gheeuppumavu.jpg
959,ANG-RIC-1185,Eastern Instant Idli,,"Rice, Atta, Flours & Mixes",kg,Fixed,,,100 g (₹45),100 g: ₹45,https://aadutygzgrbexxuznqlr.supabase.co/storage/v1/object/public/item-images/eastern/insta-idli.jpg
960,ANG-RIC-1186,Eastern Instant Dosa,,"Rice, Atta, Flours & Mixes",kg,Fixed,,,100 g (₹45),100 g: ₹45,https://aadutygzgrbexxuznqlr.supabase.co/storage/v1/object/public/item-images/eastern/insta-dosa.jpg
961,ANG-RIC-1187,Eastern Instant Idiyappam,,"Rice, Atta, Flours & Mixes",kg,Fixed,,,100 g (₹45),100 g: ₹45,https://aadutygzgrbexxuznqlr.supabase.co/storage/v1/object/public/item-images/eastern/idiyappam-1.jpg
962,ANG-RIC-1188,Eastern Instant Appam Mix,,"Rice, Atta, Flours & Mixes",kg,Fixed,,,100 g (₹45),100 g: ₹45,https://aadutygzgrbexxuznqlr.supabase.co/storage/v1/object/public/item-images/eastern/appam.jpg
963,ANG-RIC-1189,Eastern Instant Puttu Mix,,"Rice, Atta, Flours & Mixes",kg,Fixed,,,100 g (₹45),100 g: ₹45,https://aadutygzgrbexxuznqlr.supabase.co/storage/v1/object/public/item-images/eastern/puttu.jpg
964,ANG-RIC-1264,Eastern Idly Powder,,"Rice, Atta, Flours & Mixes",kg,Fixed,,,100 g (₹45),100 g: ₹45,https://aadutygzgrbexxuznqlr.supabase.co/storage/v1/object/public/item-images/eastern/idly-powder.jpg
965,ANG-RIC-1265,Eastern Rice Powder,,"Rice, Atta, Flours & Mixes",kg,Fixed,,,100 g (₹45),100 g: ₹45,https://aadutygzgrbexxuznqlr.supabase.co/storage/v1/object/public/item-images/eastern/rice-powder-1.jpg
966,ANG-RIC-1266,Eastern Easy Palappam Mix,,"Rice, Atta, Flours & Mixes",kg,Fixed,,,100 g (₹45),100 g: ₹45,https://aadutygzgrbexxuznqlr.supabase.co/storage/v1/object/public/item-images/eastern/palappam-podi.jpg
967,ANG-RIC-1267,Eastern Dosa Powder,,"Rice, Atta, Flours & Mixes",kg,Fixed,,,100 g (₹45),100 g: ₹45,https://aadutygzgrbexxuznqlr.supabase.co/storage/v1/object/public/item-images/eastern/dosa-powder.jpg
968,ANG-RIC-1268,Eastern Idiyappam Powder,,"Rice, Atta, Flours & Mixes",kg,Fixed,,,100 g (₹45),100 g: ₹45,https://aadutygzgrbexxuznqlr.supabase.co/storage/v1/object/public/item-images/eastern/idiyappam-powder.jpg
969,ANG-RIC-1269,Eastern Appam Powder,,"Rice, Atta, Flours & Mixes",kg,Fixed,,,100 g (₹45),100 g: ₹45,https://aadutygzgrbexxuznqlr.supabase.co/storage/v1/object/public/item-images/eastern/appam-powder.jpg
970,ANG-RIC-1273,Eastern Roasted Vermicelli,,"Rice, Atta, Flours & Mixes",kg,Fixed,,,100 g (₹45),100 g: ₹45,https://aadutygzgrbexxuznqlr.supabase.co/storage/v1/object/public/item-images/eastern/roasted-vermicelli.jpg
971,ANG-RIC-1274,Eastern Vermicelli,,"Rice, Atta, Flours & Mixes",kg,Fixed,,,100 g (₹45),100 g: ₹45,https://aadutygzgrbexxuznqlr.supabase.co/storage/v1/object/public/item-images/eastern/vermicelli.jpg
972,ANG-RIC-1275,Eastern Macaroni Elbow,,"Rice, Atta, Flours & Mixes",kg,Fixed,,,100 g (₹45),100 g: ₹45,https://aadutygzgrbexxuznqlr.supabase.co/storage/v1/object/public/item-images/eastern/macaroni-elbow.jpg
973,ANG-RIC-1277,Eastern Rice Flakes,,"Rice, Atta, Flours & Mixes",kg,Fixed,,,100 g (₹45),100 g: ₹45,https://aadutygzgrbexxuznqlr.supabase.co/storage/v1/object/public/item-images/eastern/rice-flakes.jpg
974,ANG-RIC-1278,Elite Chakki Atta,എലൈറ്റ് ചക്കി ആട്ട,"Rice, Atta, Flours & Mixes",kg,Fixed,60.00,69.00,1 kg (₹60),1 kg: ₹60 | 5 kg: ₹280,https://aadutygzgrbexxuznqlr.supabase.co/storage/v1/object/public/item-images/elite/wheat_range_chakki_20atta_201kg_20new.png
975,ANG-RIC-1279,Elite Multigrain Atta,എലൈറ്റ് Multigrain ആട്ട,"Rice, Atta, Flours & Mixes",kg,Fixed,60.00,69.00,1 kg (₹60),1 kg: ₹60 | 5 kg: ₹280,https://aadutygzgrbexxuznqlr.supabase.co/storage/v1/object/public/item-images/elite/wheat_range_multigrain-atta-1kg.png
976,ANG-RIC-1280,Elite Maida,എലൈറ്റ് മൈദ,"Rice, Atta, Flours & Mixes",g,Fixed,38.00,44.00,500 g (₹38),500 g: ₹38 | 1 kg: ₹70,https://aadutygzgrbexxuznqlr.supabase.co/storage/v1/object/public/item-images/elite/wheat_range_maida-1kg.png
977,ANG-RIC-1281,Elite Rava,എലൈറ്റ് റവ,"Rice, Atta, Flours & Mixes",g,Fixed,38.00,44.00,500 g (₹38),500 g: ₹38 | 1 kg: ₹70,https://aadutygzgrbexxuznqlr.supabase.co/storage/v1/object/public/item-images/elite/wheat_range_rava_1kg.png
978,ANG-RIC-1282,Elite Roasted Rava,എലൈറ്റ് Roasted റവ,"Rice, Atta, Flours & Mixes",g,Fixed,38.00,44.00,500 g (₹38),500 g: ₹38 | 1 kg: ₹70,https://aadutygzgrbexxuznqlr.supabase.co/storage/v1/object/public/item-images/elite/wheat_range_roasted_rava__sooji__1kg.png
979,ANG-RIC-1283,Elite Double Roasted Rava,എലൈറ്റ് Double Roasted റവ,"Rice, Atta, Flours & Mixes",g,Fixed,38.00,44.00,500 g (₹38),500 g: ₹38 | 1 kg: ₹70,https://aadutygzgrbexxuznqlr.supabase.co/storage/v1/object/public/item-images/elite/wheat_range_double_20roasted_20rava_201kg.png
980,ANG-RIC-1284,Elite Broken Wheat,എലൈറ്റ് നുറുക്ക് ഗോതമ്പ്,"Rice, Atta, Flours & Mixes",g,Fixed,38.00,44.00,500 g (₹38),500 g: ₹38 | 1 kg: ₹70,https://aadutygzgrbexxuznqlr.supabase.co/storage/v1/object/public/item-images/elite/wheat_range_broken_wheat_500g.png
981,ANG-RIC-1285,Elite Broken Wheat Fine,എലൈറ്റ് നുറുക്ക് ഗോതമ്പ് Fine,"Rice, Atta, Flours & Mixes",g,Fixed,38.00,44.00,500 g (₹38),500 g: ₹38 | 1 kg: ₹70,https://aadutygzgrbexxuznqlr.supabase.co/storage/v1/object/public/item-images/elite/wheat_range_broken-wheat-fine-500g.png
982,ANG-RIC-1286,Elite Samba Broken Wheat Fine,എലൈറ്റ് സമ്പ നുറുക്ക് ഗോതമ്പ് Fine,"Rice, Atta, Flours & Mixes",g,Fixed,38.00,44.00,500 g (₹38),500 g: ₹38 | 1 kg: ₹70,https://aadutygzgrbexxuznqlr.supabase.co/storage/v1/object/public/item-images/elite/wheat_range_samba-broken-wheat-fine-500g.png
983,ANG-RIC-1287,Elite Samba Broken Wheat,എലൈറ്റ് സമ്പ നുറുക്ക് ഗോതമ്പ്,"Rice, Atta, Flours & Mixes",g,Fixed,38.00,44.00,500 g (₹38),500 g: ₹38 | 1 kg: ₹70,https://aadutygzgrbexxuznqlr.supabase.co/storage/v1/object/public/item-images/elite/wheat_range_samba_broken_wheat_500g.png
984,ANG-RIC-1288,Elite Matta Short Grain,എലൈറ്റ് Matta Short Grain,"Rice, Atta, Flours & Mixes",g,Fixed,45.00,52.00,500 g (₹45),500 g: ₹45 | 1 kg: ₹85,https://aadutygzgrbexxuznqlr.supabase.co/storage/v1/object/public/item-images/elite/rice_range_matta_20short_20grain1.png
985,ANG-RIC-1289,Elite Matta Long Grain,എലൈറ്റ് Matta Long Grain,"Rice, Atta, Flours & Mixes",g,Fixed,45.00,52.00,500 g (₹45),500 g: ₹45 | 1 kg: ₹85,https://aadutygzgrbexxuznqlr.supabase.co/storage/v1/object/public/item-images/elite/rice_range_matta_20long_20grain1.png
986,ANG-RIC-1290,Elite Jaya Rice,എലൈറ്റ് Jaya Rice,"Rice, Atta, Flours & Mixes",g,Fixed,45.00,52.00,500 g (₹45),500 g: ₹45 | 1 kg: ₹85,https://aadutygzgrbexxuznqlr.supabase.co/storage/v1/object/public/item-images/elite/rice_range_jaya-rice.png
987,ANG-RIC-1291,Elite Surekha Rice,എലൈറ്റ് Surekha Rice,"Rice, Atta, Flours & Mixes",g,Fixed,45.00,52.00,500 g (₹45),500 g: ₹45 | 1 kg: ₹85,https://aadutygzgrbexxuznqlr.supabase.co/storage/v1/object/public/item-images/elite/rice_range_surekha-rice.png
988,ANG-RIC-1292,Elite Kuruva Rice,എലൈറ്റ് Kuruva Rice,"Rice, Atta, Flours & Mixes",g,Fixed,45.00,52.00,500 g (₹45),500 g: ₹45 | 1 kg: ₹85,https://aadutygzgrbexxuznqlr.supabase.co/storage/v1/object/public/item-images/elite/rice_range_kuruva-rice.png
989,ANG-RIC-1293,Elite Ponni Rice,എലൈറ്റ് Ponni Rice,"Rice, Atta, Flours & Mixes",g,Fixed,45.00,52.00,500 g (₹45),500 g: ₹45 | 1 kg: ₹85,https://aadutygzgrbexxuznqlr.supabase.co/storage/v1/object/public/item-images/elite/rice_range_ponni-rice.png
990,ANG-RIC-1294,Elite Matta Broken Rice,എലൈറ്റ് Matta Broken Rice,"Rice, Atta, Flours & Mixes",g,Fixed,45.00,52.00,500 g (₹45),500 g: ₹45 | 1 kg: ₹85,https://aadutygzgrbexxuznqlr.supabase.co/storage/v1/object/public/item-images/elite/rice_range_matta_20broken_20rice_20500g.png
991,ANG-RIC-1295,Elite Rice Flakes White,എലൈറ്റ് Rice Flakes White,"Rice, Atta, Flours & Mixes",g,Fixed,45.00,52.00,500 g (₹45),500 g: ₹45 | 1 kg: ₹85,https://aadutygzgrbexxuznqlr.supabase.co/storage/v1/object/public/item-images/elite/rice_range_rice-flakes-white_20500g.png
992,ANG-RIC-1296,Elite Roasted Rice Powder,എലൈറ്റ് Roasted Rice Powder,"Rice, Atta, Flours & Mixes",g,Fixed,45.00,52.00,500 g (₹45),500 g: ₹45 | 1 kg: ₹85,https://aadutygzgrbexxuznqlr.supabase.co/storage/v1/object/public/item-images/elite/rice_range_2.png
993,ANG-RIC-1297,Elite Rice Flakes Red,എലൈറ്റ് Rice Flakes Red,"Rice, Atta, Flours & Mixes",g,Fixed,45.00,52.00,500 g (₹45),500 g: ₹45 | 1 kg: ₹85,https://aadutygzgrbexxuznqlr.supabase.co/storage/v1/object/public/item-images/elite/rice_range_rice-flakes-red_20500g.png
994,ANG-RIC-1298,Elite Rice Ada,എലൈറ്റ് Rice Ada,"Rice, Atta, Flours & Mixes",g,Fixed,45.00,52.00,500 g (₹45),500 g: ₹45 | 1 kg: ₹85,https://aadutygzgrbexxuznqlr.supabase.co/storage/v1/object/public/item-images/elite/rice_range_rice-ada.png
995,ANG-RIC-1299,Elite Rice Puttupodi,എലൈറ്റ് Rice പുട്ടുപൊടി,"Rice, Atta, Flours & Mixes",g,Fixed,45.00,52.00,500 g (₹45),500 g: ₹45 | 1 kg: ₹85,https://aadutygzgrbexxuznqlr.supabase.co/storage/v1/object/public/item-images/elite/flour_rice_20puttupodi.png
996,ANG-RIC-1300,Elite Ragi Puttupodi,എലൈറ്റ് Ragi പുട്ടുപൊടി,"Rice, Atta, Flours & Mixes",g,Fixed,45.00,52.00,500 g (₹45),500 g: ₹45 | 1 kg: ₹85,https://aadutygzgrbexxuznqlr.supabase.co/storage/v1/object/public/item-images/elite/flour_ragi_20puttupodi_20500g.png
997,ANG-RIC-1301,Elite Fibre Rich Puttupodi,എലൈറ്റ് Fibre Rich പുട്ടുപൊടി,"Rice, Atta, Flours & Mixes",g,Fixed,45.00,52.00,500 g (₹45),500 g: ₹45 | 1 kg: ₹85,https://aadutygzgrbexxuznqlr.supabase.co/storage/v1/object/public/item-images/elite/flour_fibre_20rich_20puttupodi_20500g.png
998,ANG-RIC-1302,Elite Wheat Puttupodi,എലൈറ്റ് Wheat പുട്ടുപൊടി,"Rice, Atta, Flours & Mixes",g,Fixed,45.00,52.00,500 g (₹45),500 g: ₹45 | 1 kg: ₹85,https://aadutygzgrbexxuznqlr.supabase.co/storage/v1/object/public/item-images/elite/flour_wheat_20puttupodi_20500g.png
999,ANG-RIC-1303,Elite Easy Palappam Mix,എലൈറ്റ് Easy Palappam Mix,"Rice, Atta, Flours & Mixes",g,Fixed,45.00,52.00,500 g (₹45),500 g: ₹45 | 1 kg: ₹85,https://aadutygzgrbexxuznqlr.supabase.co/storage/v1/object/public/item-images/elite/flour_palappam-mix-500g.png
1000,ANG-RIC-1304,Elite IDIYAPPAM PODI,എലൈറ്റ് ഇടിയപ്പം പൊടി,"Rice, Atta, Flours & Mixes",g,Fixed,45.00,52.00,500 g (₹45),500 g: ₹45 | 1 kg: ₹85,https://aadutygzgrbexxuznqlr.supabase.co/storage/v1/object/public/item-images/elite/flour_idiyappam_20podi_201kg.png
1001,ANG-RIC-1305,Elite Bajji Bonda Mix,എലൈറ്റ് ബജ്ജി ബോണ്ട മിക്സ്,"Rice, Atta, Flours & Mixes",g,Fixed,35.00,41.00,200 g (₹35),200 g: ₹35 | 500 g: ₹70,https://aadutygzgrbexxuznqlr.supabase.co/storage/v1/object/public/item-images/elite/instant_mix_bajji-bonda-mix-500g-n.png
1002,ANG-RIC-1306,Elite Upma Mix,എലൈറ്റ് ഉപ്പുമാവ് മിക്സ്,"Rice, Atta, Flours & Mixes",g,Fixed,35.00,41.00,200 g (₹35),200 g: ₹35 | 500 g: ₹70,https://aadutygzgrbexxuznqlr.supabase.co/storage/v1/object/public/item-images/elite/instant_mix_upma_20mix_20200g.png
1003,ANG-RIC-1307,Elite Vermicelli,എലൈറ്റ് സേമിയ (വെർമിസെല്ലി),"Rice, Atta, Flours & Mixes",g,Fixed,35.00,41.00,200 g (₹35),200 g: ₹35 | 500 g: ₹70,https://aadutygzgrbexxuznqlr.supabase.co/storage/v1/object/public/item-images/elite/instant_mix_roasted_20vermicelli_20200.png
1004,ANG-RIC-1308,Aashirvaad Shudh Chakki Whole Wheat Atta,ആശീർവാദ് ശുദ്ധ ചക്കി ഗോതമ്പ് ആട്ട,"Rice, Atta, Flours & Mixes",kg,Fixed,58.00,67.00,5 kg (₹275),1 kg: ₹58 | 5 kg: ₹275 | 10 kg: ₹540,https://aadutygzgrbexxuznqlr.supabase.co/storage/v1/object/public/item-images/demos/aashirvaad/aashirvaad_shudh_chakki_atta_1789406407281.webp
1005,ANG-RIC-1309,Aashirvaad MP Chakki Atta,ആശീർവാദ് എം.പി ചക്കി ആട്ട,"Rice, Atta, Flours & Mixes",kg,Fixed,58.00,67.00,5 kg (₹280),1 kg: ₹58 | 5 kg: ₹280 | 10 kg: ₹550,https://aadutygzgrbexxuznqlr.supabase.co/storage/v1/object/public/item-images/demos/aashirvaad/aashirvaad_mp_chakki_atta_1789406408771.webp
1006,ANG-RIC-1310,Aashirvaad Atta with Multigrains,ആശീർവാദ് മൾട്ടിഗ്രെയിൻ ആട്ട,"Rice, Atta, Flours & Mixes",kg,Fixed,75.00,87.00,5 kg (₹360),1 kg: ₹75 | 5 kg: ₹360,https://aadutygzgrbexxuznqlr.supabase.co/storage/v1/object/public/item-images/demos/aashirvaad/aashirvaad_multigrain_atta_1789406409715.webp
1007,ANG-RIC-1311,Aashirvaad Fortified Chakki Atta,ആശീർവാദ് ഫോർട്ടിഫൈഡ് ചക്കി ആട്ട,"Rice, Atta, Flours & Mixes",kg,Fixed,62.00,72.00,5 kg (₹295),1 kg: ₹62 | 5 kg: ₹295,https://aadutygzgrbexxuznqlr.supabase.co/storage/v1/object/public/item-images/demos/aashirvaad/aashirvaad_fortified_chakki_atta_1789406411127.webp
1008,ANG-RIC-1312,Aashirvaad Gluten Free Flour,ആശീർവാദ് ഗ്ലൂറ്റൻ ഫ്രീ ഫ്ലോർ,"Rice, Atta, Flours & Mixes",g,Fixed,120.00,138.00,500 g (₹120),500 g: ₹120 | 1 kg: ₹235,https://aadutygzgrbexxuznqlr.supabase.co/storage/v1/object/public/item-images/demos/aashirvaad/aashirvaad_gluten_free_flour_1789406411815.webp
1009,ANG-RIC-1313,Aashirvaad Atta with Millets,ആശീർവാദ് മില്ലറ്റ്സ് ആട്ട,"Rice, Atta, Flours & Mixes",kg,Fixed,78.00,90.00,1 kg (₹78),1 kg: ₹78 | 5 kg: ₹375,https://aadutygzgrbexxuznqlr.supabase.co/storage/v1/object/public/item-images/demos/aashirvaad/aashirvaad_atta_with_millets_1789406412680.webp
1010,ANG-RIC-1314,Aashirvaad Ragi Flour,ആശീർവാദ് റാഗി മാവ്,"Rice, Atta, Flours & Mixes",kg,Fixed,65.00,75.00,1 kg (₹65),500 g: ₹35 | 1 kg: ₹65,https://aadutygzgrbexxuznqlr.supabase.co/storage/v1/object/public/item-images/demos/aashirvaad/aashirvaad_ragi_flour_1789406413576.webp
1011,ANG-RIC-1315,Aashirvaad Millets Batter Mix,ആശീർവാദ് മില്ലറ്റ്സ് ബാറ്റർ മിക്സ്,"Rice, Atta, Flours & Mixes",pack,Fixed,35.00,41.00,80 g Pouch (₹35),80 g Pouch: ₹35 | Pack of 2 (80g x 2): ₹68,https://aadutygzgrbexxuznqlr.supabase.co/storage/v1/object/public/item-images/demos/aashirvaad/aashirvaad_millets_batter_mix_1789406414249.webp
1012,ANG-RIC-1316,Aashirvaad Pure Besan,ആശീർവാദ് കടലമാവ് (ബേസൻ),"Rice, Atta, Flours & Mixes",g,Fixed,60.00,69.00,500 g (₹60),500 g: ₹60 | 1 kg: ₹115,https://aadutygzgrbexxuznqlr.supabase.co/storage/v1/object/public/item-images/demos/aashirvaad/aashirvaad_pure_besan_1789406414954.webp
1013,ANG-RIC-1317,Aashirvaad Vermicelli,ആശീർവാദ് സേമിയ (വെർമിസെല്ലി),"Rice, Atta, Flours & Mixes",g,Fixed,30.00,35.00,400 g (₹30),400 g: ₹30 | 850 g: ₹58,https://aadutygzgrbexxuznqlr.supabase.co/storage/v1/object/public/item-images/demos/aashirvaad/aashirvaad_vermicelli_1789406415683.webp
1014,ANG-RIC-1318,Aashirvaad Roasted Vermicelli,ആശീർവാദ് വറുത്ത സേമിയ,"Rice, Atta, Flours & Mixes",g,Fixed,35.00,41.00,400 g (₹35),400 g: ₹35 | 850 g: ₹68,https://aadutygzgrbexxuznqlr.supabase.co/storage/v1/object/public/item-images/demos/aashirvaad/aashirvaad_roasted_vermicelli_1789406416615.webp
1015,ANG-RIC-1319,Aashirvaad Bansi Rava,ആശീർവാദ് ബൻസി റവ,"Rice, Atta, Flours & Mixes",g,Fixed,42.00,49.00,500 g (₹42),500 g: ₹42 | 1 kg: ₹80,https://aadutygzgrbexxuznqlr.supabase.co/storage/v1/object/public/item-images/demos/aashirvaad/aashirvaad_bansi_rava_1789406417551.webp
1016,ANG-RIC-1320,Aashirvaad Double Roasted Suji Rava,ആശീർവാദ് ഡബിൾ റോസ്റ്റഡ് സൂജി റവ,"Rice, Atta, Flours & Mixes",g,Fixed,45.00,52.00,500 g (₹45),500 g: ₹45 | 1 kg: ₹85,https://aadutygzgrbexxuznqlr.supabase.co/storage/v1/object/public/item-images/demos/aashirvaad/aashirvaad_double_roasted_suji_rava_1789406418336.webp
1017,ANG-RIC-1321,Aashirvaad Samba Broken Wheat,ആശീർവാദ് സാമ്പ നുറുക്ക് ഗോതമ്പ്,"Rice, Atta, Flours & Mixes",g,Fixed,40.00,46.00,500 g (₹40),500 g: ₹40 | 1 kg: ₹78,https://aadutygzgrbexxuznqlr.supabase.co/storage/v1/object/public/item-images/demos/aashirvaad/aashirvaad_samba_broken_wheat_1789406419073.webp
1018,ANG-RIC-1322,Aashirvaad Instant Rice Idli Mix,ആശീർവാദ് റൈസ് ഇഡ്ഡലി മിക്സ്,"Rice, Atta, Flours & Mixes",g,Fixed,65.00,75.00,500 g (₹65),500 g: ₹65 | 1 kg: ₹125,https://aadutygzgrbexxuznqlr.supabase.co/storage/v1/object/public/item-images/demos/aashirvaad/aashirvaad_instant_rice_idli_mix_1789406420727.webp
1019,ANG-RIC-1323,Aashirvaad Instant Rava Idli Mix,ആശീർവാദ് റവ ഇഡ്ഡലി മിക്സ്,"Rice, Atta, Flours & Mixes",g,Fixed,70.00,81.00,500 g (₹70),500 g: ₹70 | 1 kg: ₹135,https://aadutygzgrbexxuznqlr.supabase.co/storage/v1/object/public/item-images/demos/aashirvaad/aashirvaad_instant_rava_idli_mix_1789406422932.webp
1020,ANG-RIC-1324,Aashirvaad Instant Rice Dosa Mix,ആശീർവാദ് റൈസ് ദോശ മിക്സ്,"Rice, Atta, Flours & Mixes",g,Fixed,70.00,81.00,500 g (₹70),500 g: ₹70 | 1 kg: ₹135,https://aadutygzgrbexxuznqlr.supabase.co/storage/v1/object/public/item-images/demos/aashirvaad/aashirvaad_instant_rice_dosa_mix_1789406423699.webp
1021,ANG-RIC-1325,Aashirvaad Instant Veggie Upma,ആശീർവാദ് ഇൻസ്റ്റന്റ് വെജ്ജി ഉപ്പുമാവ്,"Rice, Atta, Flours & Mixes",pack,Fixed,40.00,46.00,80 g Cup (₹40),80 g Cup: ₹40 | Pack of 3 Cups: ₹115,https://aadutygzgrbexxuznqlr.supabase.co/storage/v1/object/public/item-images/demos/aashirvaad/aashirvaad_instant_veggie_upma_1789406424628.webp
1022,ANG-RIC-1326,Aashirvaad Instant Khatta Meetha Poha,ആശീർവാദ് ഇൻസ്റ്റന്റ് ഖട്ടാ മീഠാ അവൽ (പോഹ),"Rice, Atta, Flours & Mixes",pack,Fixed,40.00,46.00,80 g Cup (₹40),80 g Cup: ₹40 | Pack of 3 Cups: ₹115,https://aadutygzgrbexxuznqlr.supabase.co/storage/v1/object/public/item-images/demos/aashirvaad/aashirvaad_instant_khatta_meetha_poha_1789406425324.webp
1023,ANG-RIC-1327,Aashirvaad Instant Mini Idli Sambar,ആശീർവാദ് ഇൻസ്റ്റന്റ് മിനി ഇഡ്ഡലി സാമ്പാർ,"Rice, Atta, Flours & Mixes",pack,Fixed,50.00,58.00,85 g Cup (₹50),85 g Cup: ₹50 | Pack of 3 Cups: ₹145,https://aadutygzgrbexxuznqlr.supabase.co/storage/v1/object/public/item-images/demos/aashirvaad/aashirvaad_instant_mini_idli_sambar_1789406426135.webp
1024,ANG-RIC-1328,Aashirvaad Organic Whole Wheat Atta,ആശീർവാദ് ഓർഗാനിക് ഗോതമ്പ് ആട്ട,"Rice, Atta, Flours & Mixes",kg,Fixed,85.00,98.00,5 kg (₹410),1 kg: ₹85 | 5 kg: ₹410,https://aadutygzgrbexxuznqlr.supabase.co/storage/v1/object/public/item-images/demos/aashirvaad/aashirvaad_organic_whole_wheat_atta_1789406436131.webp
1025,ANG-RIC-1329,Aashirvaad Select 100% Sharbati Atta,ആശീർവാദ് സെലക്ട് 100% ശർബതി ആട്ട,"Rice, Atta, Flours & Mixes",kg,Fixed,72.00,83.00,5 kg (₹345),1 kg: ₹72 | 5 kg: ₹345 | 10 kg: ₹680,https://aadutygzgrbexxuznqlr.supabase.co/storage/v1/object/public/item-images/demos/aashirvaad/aashirvaad_select_sharbati_atta_1789406406469.webp
1026,ANG-SPI-0001,Supernova Biriyani Masala,സൂപ്പർനോവ ബിരിയാണി മസാല,Spices & Masalas,g,Fixed,72.00,86.00,100 g (₹72),100 g: ₹72,https://supernovafoods.com/images/products/masala/biriyani-masala.jpg
1027,ANG-SPI-0002,Supernova Black Pepper Powder,സൂപ്പർനോവ കുരുമുളക് പൊടി,Spices & Masalas,g,Fixed,130.00,159.00,100 g (₹130),100 g: ₹130,https://aadutygzgrbexxuznqlr.supabase.co/storage/v1/object/public/item-images/eastern/black-pepper-powder-3.jpg
1028,ANG-SPI-0003,Supernova Broast Powder,സൂപ്പർനോവ ബ്രോസ്റ്റ് പൗഡർ,Spices & Masalas,g,Fixed,48.00,57.00,100 g (₹48),100 g: ₹48,https://supernovafoods.com/images/products/masala/kabab-masala.jpg
1029,ANG-SPI-0004,Supernova Chaat Masala,സൂപ്പർനോവ ചാറ്റ് മസാല,Spices & Masalas,g,Fixed,60.00,73.00,100 g (₹60),100 g: ₹60,https://supernovafoods.com/images/products/masala/chaat-masala.jpg
1030,ANG-SPI-0005,Supernova Chicken Fry Masala,സൂപ്പർനോവ ചിക്കൻ ഫ്രൈ മസാല,Spices & Masalas,g,Fixed,66.00,78.00,100 g (₹66),100 g: ₹66,https://aadutygzgrbexxuznqlr.supabase.co/storage/v1/object/public/item-images/eastern/chicken-fry-masala.jpg
1031,ANG-SPI-0006,Supernova Chicken Masala,സൂപ്പർനോവ ചിക്കൻ മസാല,Spices & Masalas,g,Fixed,64.00,75.00,100 g (₹64),100 g: ₹64,https://aadutygzgrbexxuznqlr.supabase.co/storage/v1/object/public/item-images/eastern/chickenmasala.jpg
1032,ANG-SPI-0007,Supernova Chilly Powder,സൂപ്പർനോവ മുളക് പൊടി,Spices & Masalas,g,Fixed,41.00,49.00,100 g (₹41),100 g: ₹41 | 250 g: ₹103 | 500 g: ₹205 | 1 kg: ₹404,https://supernovafoods.com/images/products/spices/chilly-powder.jpg
1033,ANG-SPI-0008,Supernova Compounded Asafoetida,സൂപ്പർനോവ കായം കട്ട,Spices & Masalas,g,Fixed,76.00,88.00,50 g (₹76),50 g: ₹76,https://supernovafoods.com/images/products/masala/compounded-asafoetida.jpg
1034,ANG-SPI-0009,Supernova Compounded Asafoetida Powder,സൂപ്പർനോവ കായം പൊടി,Spices & Masalas,g,Fixed,80.50,93.00,50 g (₹80.5),50 g: ₹80.5,https://supernovafoods.com/images/products/masala/asafoetida-powder.jpg
1035,ANG-SPI-0010,Supernova Coriander Powder,സൂപ്പർനോവ മല്ലിപ്പൊടി,Spices & Masalas,g,Fixed,36.50,42.00,100 g (₹36.5),100 g: ₹36.5 | 250 g: ₹91 | 500 g: ₹356 | 1 kg: ₹350,https://aadutygzgrbexxuznqlr.supabase.co/storage/v1/object/public/item-images/eastern/coriander-powder.jpg
1036,ANG-SPI-0011,Supernova Cumin Powder,സൂപ്പർനോവ ജീരകപ്പൊടി,Spices & Masalas,g,Fixed,80.00,95.00,100 g (₹80),100 g: ₹80,https://aadutygzgrbexxuznqlr.supabase.co/storage/v1/object/public/item-images/eastern/cumin-powder-2.jpg
1037,ANG-SPI-0012,Supernova Egg Curry Masala,സൂപ്പർനോവ മുട്ടക്കറി മസാല,Spices & Masalas,g,Fixed,50.00,60.00,100 g (₹50),100 g: ₹50,https://supernovafoods.com/images/products/masala/chicken-masala.jpg
1038,ANG-SPI-0013,Supernova Fish Curry Masala,സൂപ്പർനോവ മീൻ കറി മസാല,Spices & Masalas,g,Fixed,65.00,79.00,100 g (₹65),100 g: ₹65,https://supernovafoods.com/images/products/masala/fish-masala.jpg
1039,ANG-SPI-0014,Supernova Fish Fry Masala,സൂപ്പർനോവ മീൻ വറുത്ത മസാല,Spices & Masalas,g,Fixed,62.00,75.00,100 g (₹62),100 g: ₹62,https://aadutygzgrbexxuznqlr.supabase.co/storage/v1/object/public/item-images/eastern/fish-fry-masala.jpg
1040,ANG-SPI-0015,Supernova Garam Masala,സൂപ്പർനോവ ഗരം മസാല,Spices & Masalas,g,Fixed,110.00,133.00,100 g (₹110),100 g: ₹110,https://aadutygzgrbexxuznqlr.supabase.co/storage/v1/object/public/item-images/eastern/super-garam-masala-powder-1.jpg
1041,ANG-SPI-0016,Supernova Kashmiri Chilly Powder,സൂപ്പർനോവ കാശ്മീരി മുളക് പൊടി,Spices & Masalas,g,Fixed,92.00,110.00,100 g (₹92),100 g: ₹92 | 250 g: ₹222 | 500 g: ₹440 | 1 kg: ₹870,https://supernovafoods.com/images/products/spices/kashmiri-chilly-powder.jpg
1042,ANG-SPI-0017,Supernova Meat Masala,സൂപ്പർനോവ മീറ്റ് മസാല,Spices & Masalas,g,Fixed,66.00,79.00,100 g (₹66),100 g: ₹66,https://aadutygzgrbexxuznqlr.supabase.co/storage/v1/object/public/item-images/eastern/meat-masala.jpg
1043,ANG-SPI-0018,Supernova Meat Fry Masala,സൂപ്പർനോവ മീറ്റ് ഫ്രൈ മസാല,Spices & Masalas,g,Fixed,68.00,81.00,100 g (₹68),100 g: ₹68,https://supernovafoods.com/images/products/masala/kabab-masala.jpg
1044,ANG-SPI-0019,Supernova Mango Pickle,സൂപ്പർനോവ മാങ്ങാ അച്ചാർ,Spices & Masalas,g,Fixed,105.00,127.00,400 g (₹105),400 g: ₹105,https://aadutygzgrbexxuznqlr.supabase.co/storage/v1/object/public/item-images/eastern/mango-pickle.jpg
1045,ANG-SPI-0020,Supernova Tender Mango Pickle,സൂപ്പർനോവ കണ്ണിമാങ്ങാ അച്ചാർ,Spices & Masalas,g,Fixed,138.00,167.00,400 g (₹138),400 g: ₹138,https://aadutygzgrbexxuznqlr.supabase.co/storage/v1/object/public/item-images/eastern/tender-mango-pickle.jpg
1046,ANG-SPI-0021,Supernova Lemon Pickle,സൂപ്പർനോവ നാരങ്ങാ അച്ചാർ,Spices & Masalas,g,Fixed,100.00,121.00,400 g (₹100),400 g: ₹100,https://supernovafoods.com/images/products/pickles/lime-pickle.jpg
1047,ANG-SPI-0022,Supernova Garlic Pickle,സൂപ്പർനോവ വെളുത്തുള്ളി അച്ചാർ,Spices & Masalas,g,Fixed,122.00,150.00,400 g (₹122),400 g: ₹122,https://aadutygzgrbexxuznqlr.supabase.co/storage/v1/object/public/item-images/eastern/garlic-pickle.jpg
1048,ANG-SPI-0023,Supernova Dates Pickle,സൂപ്പർനോവ ഈന്തപ്പഴം അച്ചാർ,Spices & Masalas,g,Fixed,128.00,156.00,400 g (₹128),400 g: ₹128,https://supernovafoods.com/images/products/pickles/dates-pickle.jpg
1049,ANG-SPI-0024,Supernova Mixed Vegetable Pickle,സൂപ്പർനോവ വെജിറ്റബിൾ അച്ചാർ,Spices & Masalas,g,Fixed,108.00,133.00,400 g (₹108),400 g: ₹108,https://aadutygzgrbexxuznqlr.supabase.co/storage/v1/object/public/item-images/eastern/mixed-vegetable-pickle-1.jpg
1050,ANG-SPI-0025,Supernova Prawns Pickle,സൂപ്പർനോവ ചെമ്മീൻ അച്ചാർ,Spices & Masalas,g,Fixed,210.00,253.00,200 g (₹210),200 g: ₹210,https://supernovafoods.com/images/products/pickles/tender-mango-pickle.jpg
1051,ANG-SPI-0026,Supernova Fish Pickle,സൂപ്പർനോവ മീൻ അച്ചാർ,Spices & Masalas,g,Fixed,180.00,219.00,200 g (₹180),200 g: ₹180,https://aadutygzgrbexxuznqlr.supabase.co/storage/v1/object/public/item-images/eastern/fish-pickle.jpg
1052,ANG-SPI-0027,Supernova Beef Pickle,സൂപ്പർനോവ ബീഫ് അച്ചാർ,Spices & Masalas,g,Fixed,200.00,242.00,200 g (₹200),200 g: ₹200,https://supernovafoods.com/images/products/pickles/cut-mango-pickle.jpg
1053,ANG-SPI-0028,Supernova Gooseberry (Amla) Pickle,സൂപ്പർനോവ നെല്ലിക്ക അച്ചാർ,Spices & Masalas,g,Fixed,105.00,127.00,400 g (₹105),400 g: ₹105,https://aadutygzgrbexxuznqlr.supabase.co/storage/v1/object/public/item-images/eastern/amla-pickle.jpg
1054,ANG-SPI-0029,Supernova Nutmeg Pickle,സൂപ്പർനോവ ജാതിക്ക അച്ചാർ,Spices & Masalas,g,Fixed,118.00,144.00,400 g (₹118),400 g: ₹118,https://aadutygzgrbexxuznqlr.supabase.co/storage/v1/object/public/item-images/eastern/nutmeg-pickle-1.jpg
1055,ANG-SPI-0030,Supernova Green Chilly Pickle,സൂപ്പർനോവ പച്ചമുളക് അച്ചാർ,Spices & Masalas,g,Fixed,98.00,121.00,400 g (₹98),400 g: ₹98,https://supernovafoods.com/images/products/pickles/green-chilly-pickle.jpg
1056,ANG-SPI-0031,Supernova Ginger Pickle,സൂപ്പർനോവ ഇഞ്ചി അച്ചാർ,Spices & Masalas,g,Fixed,112.00,138.00,400 g (₹112),400 g: ₹112,https://supernovafoods.com/images/products/pickles/garlic-pickle.jpg
1057,ANG-SPI-0032,Supernova White Lemon Pickle,സൂപ്പർനോവ വെള്ള നാരങ്ങാ അച്ചാർ,Spices & Masalas,g,Fixed,95.00,115.00,400 g (₹95),400 g: ₹95,https://supernovafoods.com/images/products/pickles/lime-pickle.jpg
1058,ANG-SPI-0033,Supernova Bitter Gourd Pickle,സൂപ്പർനോവ പാവയ്ക്ക അച്ചാർ,Spices & Masalas,g,Fixed,115.00,138.00,400 g (₹115),400 g: ₹115,https://supernovafoods.com/images/products/pickles/green-chilly-pickle.jpg
1059,ANG-SPI-0052,Supernova Mustard Seeds,സൂപ്പർനോവ കടുക്,Spices & Masalas,g,Fixed,30.00,37.00,100 g (₹30),100 g: ₹30,https://aadutygzgrbexxuznqlr.supabase.co/storage/v1/object/public/item-images/eastern/mustard-seed.jpg
1060,ANG-SPI-0053,Supernova Fenugreek Seeds,സൂപ്പർനോവ ഉലുവ,Spices & Masalas,g,Fixed,32.00,41.00,100 g (₹32),100 g: ₹32,https://aadutygzgrbexxuznqlr.supabase.co/storage/v1/object/public/item-images/eastern/fenugreen-seed.jpg
1061,ANG-SPI-0054,Supernova Cumin Seeds (Jeera),സൂപ്പർനോവ ജീരകം,Spices & Masalas,g,Fixed,80.00,98.00,100 g (₹80),100 g: ₹80,https://aadutygzgrbexxuznqlr.supabase.co/storage/v1/object/public/item-images/eastern/cumin-seed.jpg
1062,ANG-SPI-0055,Supernova Fennel Seeds (Saunf),സൂപ്പർനോവ പെരുംജീരകം,Spices & Masalas,g,Fixed,45.00,56.00,100 g (₹45),100 g: ₹45,https://aadutygzgrbexxuznqlr.supabase.co/storage/v1/object/public/item-images/eastern/fennel-seed.jpg
1063,ANG-SPI-0056,Supernova Turmeric Powder,സൂപ്പർനോവ മഞ്ഞൾപ്പൊടി,Spices & Masalas,g,Fixed,33.00,41.00,100 g (₹33),100 g: ₹33 | 250 g: ₹80 | 500 g: ₹158 | 1 kg: ₹310,https://supernovafoods.com/images/products/spices/turmeric-powder.jpg
1064,ANG-SPI-0057,Supernova Sambar Powder,സൂപ്പർനോവ സാമ്പാർ പൊടി,Spices & Masalas,g,Fixed,52.00,64.00,100 g (₹52),100 g: ₹52,https://supernovafoods.com/images/products/masala/sambar-powder.jpg
1065,ANG-SPI-0058,Supernova Rasam Powder,സൂപ്പർനോവ രസം പൊടി,Spices & Masalas,g,Fixed,48.00,58.00,100 g (₹48),100 g: ₹48,https://aadutygzgrbexxuznqlr.supabase.co/storage/v1/object/public/item-images/eastern/rasam-powder-3.jpg
1066,ANG-SPI-0059,Supernova Chana Masala,സൂപ്പർനോവ ചന്ന മസാല,Spices & Masalas,g,Fixed,55.00,67.00,100 g (₹55),100 g: ₹55,https://supernovafoods.com/images/products/masala/channa-masala.jpg
1067,ANG-SPI-0060,Supernova Vegetable Masala,സൂപ്പർനോവ വെജിറ്റബിൾ മസാല,Spices & Masalas,g,Fixed,50.00,60.00,100 g (₹50),100 g: ₹50,https://aadutygzgrbexxuznqlr.supabase.co/storage/v1/object/public/item-images/eastern/vegetable-masala.jpg
1068,ANG-SPI-0061,Supernova Pav Bhaji Masala,സൂപ്പർനോവ പാവ് ഭാജി മസാല,Spices & Masalas,g,Fixed,58.00,72.00,100 g (₹58),100 g: ₹58,https://aadutygzgrbexxuznqlr.supabase.co/storage/v1/object/public/item-images/eastern/pav-bhaji-masala.jpg
1069,ANG-SPI-0062,Supernova Kasuri Methi,സൂപ്പർനോവ കസ്തൂരി മേത്തി,Spices & Masalas,g,Fixed,28.00,35.00,25 g (₹28),25 g: ₹28,https://aadutygzgrbexxuznqlr.supabase.co/storage/v1/object/public/item-images/eastern/kasuri-methi.jpg
1070,ANG-SPI-0063,Eastern Turmeric Powder,ഈസ്റ്റേൺ മഞ്ഞൾപ്പൊടി,Spices & Masalas,g,Fixed,35.00,58.00,100 g (₹35),100 g: ₹35 | 250 g: ₹87,https://aadutygzgrbexxuznqlr.supabase.co/storage/v1/object/public/item-images/eastern/turmeric-masala.jpg
1071,ANG-SPI-0064,Eastern Chilli Powder,ഈസ്റ്റേൺ മുളക് പൊടി,Spices & Masalas,g,Fixed,34.00,58.00,100 g (₹34),100 g: ₹34 | 250 g: ₹86,https://aadutygzgrbexxuznqlr.supabase.co/storage/v1/object/public/item-images/eastern/chilli-p.jpg
1072,ANG-SPI-0065,Eastern Kashmiri Chilly Powder,ഈസ്റ്റേൺ കാശ്മീരി മുളക് പൊടി,Spices & Masalas,g,Fixed,77.00,138.00,100 g (₹77),100 g: ₹77 | 250 g: ₹171,https://aadutygzgrbexxuznqlr.supabase.co/storage/v1/object/public/item-images/eastern/kashirchilli.jpg
1073,ANG-SPI-0066,Eastern Coriander Powder,ഈസ്റ്റേൺ മല്ലിപ്പൊടി,Spices & Masalas,g,Fixed,108.00,178.00,250 g (₹108),250 g: ₹108 | 500 g: ₹166,https://aadutygzgrbexxuznqlr.supabase.co/storage/v1/object/public/item-images/eastern/coriander-powder.jpg
1074,ANG-SPI-0067,Eastern Cumin / Jeera Powder,ഈസ്റ്റേൺ ജീരകപ്പൊടി,Spices & Masalas,g,Fixed,64.00,98.00,100 g (₹64),100 g: ₹64,https://aadutygzgrbexxuznqlr.supabase.co/storage/v1/object/public/item-images/eastern/cumin-powder-2.jpg
1075,ANG-SPI-0068,Eastern Asafoetida Powder,ഈസ്റ്റേൺ കായം പൊടി,Spices & Masalas,g,Fixed,67.00,92.00,50 g (₹67),50 g: ₹67,https://aadutygzgrbexxuznqlr.supabase.co/storage/v1/object/public/item-images/eastern/kayam.jpg
1076,ANG-SPI-0069,Eastern Black Pepper Powder,ഈസ്റ്റേൺ കുരുമുളക് പൊടി,Spices & Masalas,g,Fixed,110.00,156.00,100 g (₹110),100 g: ₹110,https://aadutygzgrbexxuznqlr.supabase.co/storage/v1/object/public/item-images/eastern/black-pepper-powder-3.jpg
1077,ANG-SPI-0070,Eastern Chicken Masala,ഈസ്റ്റേൺ ചിക്കൻ മസാല,Spices & Masalas,g,Fixed,46.00,80.00,100 g (₹46),100 g: ₹46,https://aadutygzgrbexxuznqlr.supabase.co/storage/v1/object/public/item-images/eastern/chickenmasala.jpg
1078,ANG-SPI-0071,Eastern Meat Masala,ഈസ്റ്റേൺ മീറ്റ് മസാല,Spices & Masalas,g,Fixed,58.00,80.00,100 g (₹58),100 g: ₹58,https://aadutygzgrbexxuznqlr.supabase.co/storage/v1/object/public/item-images/eastern/meat-masala.jpg
1079,ANG-SPI-0072,Eastern Garam Masala Powder,ഈസ്റ്റേൺ ഗരം മസാല പൊടി,Spices & Masalas,g,Fixed,77.00,136.00,100 g (₹77),100 g: ₹77,https://aadutygzgrbexxuznqlr.supabase.co/storage/v1/object/public/item-images/eastern/super-garam-masala-powder-1.jpg
1080,ANG-SPI-0073,Eastern Biriyani Masala,ഈസ്റ്റേൺ ബിരിയാണി മസാല,Spices & Masalas,g,Fixed,70.00,109.00,100 g (₹70),100 g: ₹70,https://aadutygzgrbexxuznqlr.supabase.co/storage/v1/object/public/item-images/eastern/biriyani-masala-1.jpg
1081,ANG-SPI-0074,Eastern Fish Masala,ഈസ്റ്റേൺ മീൻ മസാല,Spices & Masalas,g,Fixed,63.00,83.00,100 g (₹63),100 g: ₹63,https://aadutygzgrbexxuznqlr.supabase.co/storage/v1/object/public/item-images/eastern/fish-masala-1.jpg
1082,ANG-SPI-0075,Eastern Sambar Powder,ഈസ്റ്റേൺ സാമ്പാർ പൊടി,Spices & Masalas,g,Fixed,58.00,89.00,100 g (₹58),100 g: ₹58,https://aadutygzgrbexxuznqlr.supabase.co/storage/v1/object/public/item-images/eastern/sambarpowder.jpg
1083,ANG-SPI-0076,Eastern Chilly Chicken Masala,ഈസ്റ്റേൺ ചില്ലി ചിക്കൻ മസാല,Spices & Masalas,g,Fixed,65.00,88.00,100 g (₹65),100 g: ₹65,https://aadutygzgrbexxuznqlr.supabase.co/storage/v1/object/public/item-images/eastern/chilly-chicken-masala.jpg
1084,ANG-SPI-0077,Eastern Chicken Sukka Masala,ഈസ്റ്റേൺ ചിക്കൻ സുക്ക മസാല,Spices & Masalas,g,Fixed,44.00,60.00,80 g (₹44),80 g: ₹44,https://aadutygzgrbexxuznqlr.supabase.co/storage/v1/object/public/item-images/eastern/chicken-porichatthu.jpg
1085,ANG-SPI-0078,Eastern Chicken Kebab Masala,ഈസ്റ്റേൺ ചിക്കൻ കബാബ് മസാല,Spices & Masalas,g,Fixed,53.00,69.00,100 g (₹53),100 g: ₹53,https://aadutygzgrbexxuznqlr.supabase.co/storage/v1/object/public/item-images/eastern/chicken-kabab-masala-1.jpg
1086,ANG-SPI-0079,Eastern Pickle Masala,ഈസ്റ്റേൺ അച്ചാർ മസാല,Spices & Masalas,g,Fixed,58.00,79.00,100 g (₹58),100 g: ₹58,https://aadutygzgrbexxuznqlr.supabase.co/storage/v1/object/public/item-images/eastern/pickle-powder-3.jpg
1087,ANG-SPI-0080,Eastern Arabia Shawarma Masala,ഈസ്റ്റേൺ അറേബ്യൻ ഷവർമ മസാല,Spices & Masalas,g,Fixed,70.00,102.00,100 g (₹70),100 g: ₹70,https://aadutygzgrbexxuznqlr.supabase.co/storage/v1/object/public/item-images/eastern/shawarma.jpg
1088,ANG-SPI-0081,Eastern Rasam Powder,ഈസ്റ്റേൺ രസം പൊടി,Spices & Masalas,g,Fixed,52.00,75.00,100 g (₹52),100 g: ₹52,https://aadutygzgrbexxuznqlr.supabase.co/storage/v1/object/public/item-images/eastern/rasam-powder-3.jpg
1089,ANG-SPI-0082,Eastern Egg Curry Masala,ഈസ്റ്റേൺ മുട്ടക്കറി മസാല,Spices & Masalas,g,Fixed,45.00,64.00,100 g (₹45),100 g: ₹45,https://aadutygzgrbexxuznqlr.supabase.co/storage/v1/object/public/item-images/eastern/egg-masala-1.jpg
1090,ANG-SPI-0083,Eastern Fish Fry Masala,ഈസ്റ്റേൺ മീൻ വറുത്ത മസാല,Spices & Masalas,g,Fixed,58.00,81.00,100 g (₹58),100 g: ₹58,https://aadutygzgrbexxuznqlr.supabase.co/storage/v1/object/public/item-images/eastern/fish-fry-masala.jpg
1091,ANG-SPI-0084,Eastern Pav Bhaji Masala,ഈസ്റ്റേൺ പാവ് ഭാജി മസാല,Spices & Masalas,g,Fixed,62.00,87.00,100 g (₹62),100 g: ₹62,https://aadutygzgrbexxuznqlr.supabase.co/storage/v1/object/public/item-images/eastern/pav-bhaji-masala.jpg
1092,ANG-SPI-0085,Eastern Chana Masala,ഈസ്റ്റേൺ ചന്ന മസാല,Spices & Masalas,g,Fixed,55.00,79.00,100 g (₹55),100 g: ₹55,https://aadutygzgrbexxuznqlr.supabase.co/storage/v1/object/public/item-images/eastern/channa-masala.jpg
1093,ANG-SPI-0096,Chola Mango Pickle,ചോള മാങ്ങാ അച്ചാർ,Spices & Masalas,g,Fixed,35.00,46.00,100g (₹35),100g: ₹35 | 200g: ₹65 | 500g: ₹130 | 1kg: ₹240 | 5kg: ₹1100,https://www.cholafoods.com/images/product-1.png
1094,ANG-SPI-0097,Chola Tender Mango Pickle (Nadan Kanni Manga),ചോള നാടൻ കണ്ണിമാങ്ങാ അച്ചാർ,Spices & Masalas,g,Fixed,45.00,58.00,100g (₹45),100g: ₹45 | 200g: ₹85 | 500g: ₹180 | 1kg: ₹340 | 5kg: ₹1550,https://www.cholafoods.com/images/product-5.png
1095,ANG-SPI-0098,Chola Garlic Pickle,ചോള വെളുത്തുള്ളി അച്ചാർ,Spices & Masalas,g,Fixed,40.00,52.00,100g (₹40),100g: ₹40 | 200g: ₹75 | 500g: ₹165 | 1kg: ₹310 | 5kg: ₹1400,https://www.cholafoods.com/images/product-4.png
1096,ANG-SPI-0099,Chola Lemon Pickle,ചോള നാരങ്ങാ അച്ചാർ,Spices & Masalas,g,Fixed,35.00,46.00,100g (₹35),100g: ₹35 | 200g: ₹65 | 500g: ₹130 | 1kg: ₹240 | 5kg: ₹1100,https://www.cholafoods.com/images/product-3.png
1097,ANG-SPI-0100,Chola Dates Pickle,ചോള ഈന്തപ്പഴം അച്ചാർ,Spices & Masalas,g,Fixed,45.00,58.00,100g (₹45),100g: ₹45 | 200g: ₹85 | 500g: ₹175 | 1kg: ₹330 | 5kg: ₹1500,https://www.cholafoods.com/images/product-2.png
1098,ANG-SPI-0101,Chola Chicken Masala,ചോള ചിക്കൻ മസാല,Spices & Masalas,g,Fixed,38.00,49.00,100g (₹38),100g: ₹38 | 50g: ₹20,https://www.cholafoods.com/images/chicken-masala.png
1099,ANG-SPI-0102,Chola Fish Masala,ചോള മീൻ മസാല,Spices & Masalas,g,Fixed,35.00,46.00,100g (₹35),100g: ₹35 | 50g: ₹18,https://www.cholafoods.com/images/fish-masala.png
1100,ANG-SPI-0103,Chola Meat Masala,ചോള മീറ്റ് മസാല,Spices & Masalas,g,Fixed,38.00,49.00,100g (₹38),100g: ₹38 | 50g: ₹20,https://www.cholafoods.com/images/meat-masala.png
1101,ANG-SPI-0104,Chola Sambar Powder,ചോള സാമ്പാർ പൊടി,Spices & Masalas,g,Fixed,32.00,42.00,100g (₹32),100g: ₹32 | 50g: ₹17,https://www.cholafoods.com/images/sambar-powder.png
1102,ANG-SPI-0105,Chola Tomato Ketchup / Sauce,ചോള ടൊമാറ്റോ സോസ് / കെച്ചപ്പ്,Spices & Masalas,g,Fixed,75.00,98.00,500g (₹75),500g: ₹75 | 200g: ₹35,https://www.cholafoods.com/images/product-6.png
1103,ANG-SPI-0106,Chola Mixed Fruit Jam,ചോള മിക്സഡ് ഫ്രൂട്ട് ജാം,Spices & Masalas,g,Fixed,110.00,144.00,500g (₹110),500g: ₹110 | 200g: ₹50,https://www.cholafoods.com/images/product-6.png
1104,ANG-SPI-0172,Elanadu Spicy Paneer Pickle Jar,എളനാട് Spicy Paneer Pickle Jar,Spices & Masalas,g,Fixed,120.00,138.00,200 g (₹120),200 g: ₹120,https://images.unsplash.com/photo-1631452180519-c014fe946bc7?w=500&auto=format&fit=crop&q=80
1105,ANG-SPI-0192,Milma Rich Cattle Feed Pellets,മിൽമ Rich Cattle Feed Pellets,Spices & Masalas,kg,Fixed,1350.00,1553.00,50 kg (₹1350),50 kg: ₹1350,https://images.unsplash.com/photo-1500595046743-cd271d694d30?w=500&auto=format&fit=crop&q=80
1106,ANG-SPI-0193,Milma By Pro High Protein Cattle Feed,മിൽമ By Pro High Protein Cattle Feed,Spices & Masalas,kg,Fixed,1480.00,1702.00,50 kg (₹1480),50 kg: ₹1480,https://images.unsplash.com/photo-1500595046743-cd271d694d30?w=500&auto=format&fit=crop&q=80
1107,ANG-SPI-0194,Milmamin Mineral Mixture Supplement,Milmamin Mineral Mixture Supplement,Spices & Masalas,kg,Fixed,110.00,127.00,1 kg (₹110),1 kg: ₹110,https://images.unsplash.com/photo-1500595046743-cd271d694d30?w=500&auto=format&fit=crop&q=80
1108,ANG-SPI-1179,Eastern Mutton Masala Kerala,,Spices & Masalas,kg,Fixed,,,100 g (₹45),100 g: ₹45,https://aadutygzgrbexxuznqlr.supabase.co/storage/v1/object/public/item-images/eastern/muttonmasala-kerala.jpg
1109,ANG-SPI-1180,Eastern Mustard Seed,,Spices & Masalas,kg,Fixed,,,100 g (₹45),100 g: ₹45,https://aadutygzgrbexxuznqlr.supabase.co/storage/v1/object/public/item-images/eastern/mustard-seed.jpg
1110,ANG-SPI-1181,Eastern Fenugreek Seed,,Spices & Masalas,kg,Fixed,,,100 g (₹45),100 g: ₹45,https://aadutygzgrbexxuznqlr.supabase.co/storage/v1/object/public/item-images/eastern/fenugreen-seed.jpg
1111,ANG-SPI-1182,Eastern Fennel Seed,,Spices & Masalas,kg,Fixed,,,100 g (₹45),100 g: ₹45,https://aadutygzgrbexxuznqlr.supabase.co/storage/v1/object/public/item-images/eastern/fennel-seed.jpg
1112,ANG-SPI-1183,Eastern Cumin Seed,,Spices & Masalas,kg,Fixed,,,100 g (₹45),100 g: ₹45,https://aadutygzgrbexxuznqlr.supabase.co/storage/v1/object/public/item-images/eastern/cumin-seed.jpg
1113,ANG-SPI-1190,Eastern Kabsa Masala,,Spices & Masalas,kg,Fixed,,,100 g (₹45),100 g: ₹45,https://aadutygzgrbexxuznqlr.supabase.co/storage/v1/object/public/item-images/eastern/kabsa-masala-80g.jpg
1114,ANG-SPI-1191,Eastern Sambar Masala,,Spices & Masalas,kg,Fixed,,,100 g (₹45),100 g: ₹45,https://aadutygzgrbexxuznqlr.supabase.co/storage/v1/object/public/item-images/eastern/sambarpowder.jpg
1115,ANG-SPI-1192,Eastern Kashmiri Chilli,,Spices & Masalas,kg,Fixed,,,100 g (₹45),100 g: ₹45,https://aadutygzgrbexxuznqlr.supabase.co/storage/v1/object/public/item-images/eastern/kashirchilli.jpg
1116,ANG-SPI-1193,Eastern Cumin Powder,,"Rice, Atta, Flours & Mixes",kg,Fixed,,,100 g (₹45),100 g: ₹45,https://aadutygzgrbexxuznqlr.supabase.co/storage/v1/object/public/item-images/eastern/cumin-powder-2.jpg
1117,ANG-SPI-1194,Eastern Crushed Chilly,,Spices & Masalas,kg,Fixed,,,100 g (₹45),100 g: ₹45,https://aadutygzgrbexxuznqlr.supabase.co/storage/v1/object/public/item-images/eastern/chilli-flakes.jpg
1118,ANG-SPI-1195,Eastern Pickle Powder,,Spices & Masalas,kg,Fixed,,,100 g (₹45),100 g: ₹45,https://aadutygzgrbexxuznqlr.supabase.co/storage/v1/object/public/item-images/eastern/pickle-powder-3.jpg
1119,ANG-SPI-1196,Eastern Meat Ularthu Masala,,Spices & Masalas,kg,Fixed,,,100 g (₹45),100 g: ₹45,https://aadutygzgrbexxuznqlr.supabase.co/storage/v1/object/public/item-images/eastern/meat-ularathu.jpg
1120,ANG-SPI-1197,Eastern Chicken Kabab Masala,,Spices & Masalas,kg,Fixed,,,100 g (₹45),100 g: ₹45,https://aadutygzgrbexxuznqlr.supabase.co/storage/v1/object/public/item-images/eastern/chicken-kabab-masala-1.jpg
1121,ANG-SPI-1198,Eastern Egg Masala,,Spices & Masalas,kg,Fixed,,,100 g (₹45),100 g: ₹45,https://aadutygzgrbexxuznqlr.supabase.co/storage/v1/object/public/item-images/eastern/egg-masala-1.jpg
1122,ANG-SPI-1199,Eastern Chicken Porichathu,,Spices & Masalas,kg,Fixed,,,100 g (₹45),100 g: ₹45,https://aadutygzgrbexxuznqlr.supabase.co/storage/v1/object/public/item-images/eastern/chicken-porichatthu.jpg
1123,ANG-SPI-1200,Eastern Paripu Payasam,,Spices & Masalas,kg,Fixed,,,100 g (₹45),100 g: ₹45,https://aadutygzgrbexxuznqlr.supabase.co/storage/v1/object/public/item-images/eastern/parippu-payasam.jpg
1124,ANG-SPI-1201,Eastern Semiya Payasam,,Spices & Masalas,kg,Fixed,,,100 g (₹45),100 g: ₹45,https://aadutygzgrbexxuznqlr.supabase.co/storage/v1/object/public/item-images/eastern/semiya-payasam.jpg
1125,ANG-SPI-1202,Eastern Palada Payasam,,Spices & Masalas,kg,Fixed,,,100 g (₹45),100 g: ₹45,https://aadutygzgrbexxuznqlr.supabase.co/storage/v1/object/public/item-images/eastern/palad-payasam.jpg
1126,ANG-SPI-1203,Eastern Gothambu Payasam,,Spices & Masalas,kg,Fixed,,,100 g (₹45),100 g: ₹45,https://aadutygzgrbexxuznqlr.supabase.co/storage/v1/object/public/item-images/eastern/gothamu-payasam.jpg
1127,ANG-SPI-1204,Eastern Kayam,,"Rice, Atta, Flours & Mixes",kg,Fixed,,,100 g (₹45),100 g: ₹45,https://aadutygzgrbexxuznqlr.supabase.co/storage/v1/object/public/item-images/eastern/kayam.jpg
1128,ANG-SPI-1205,Eastern Fenugreek Powder,,"Rice, Atta, Flours & Mixes",kg,Fixed,,,100 g (₹45),100 g: ₹45,https://aadutygzgrbexxuznqlr.supabase.co/storage/v1/object/public/item-images/eastern/fenugreek-powder.jpg
1129,ANG-SPI-1206,Eastern Fennel Powder,,"Rice, Atta, Flours & Mixes",kg,Fixed,,,100 g (₹45),100 g: ₹45,https://aadutygzgrbexxuznqlr.supabase.co/storage/v1/object/public/item-images/eastern/fennel-powder.jpg
1130,ANG-SPI-1207,Eastern Dry Ginger Powder,,"Rice, Atta, Flours & Mixes",kg,Fixed,,,100 g (₹45),100 g: ₹45,https://aadutygzgrbexxuznqlr.supabase.co/storage/v1/object/public/item-images/eastern/dry-ginger-powder.jpg
1131,ANG-SPI-1208,Eastern Cumin Powder,,"Rice, Atta, Flours & Mixes",kg,Fixed,,,100 g (₹45),100 g: ₹45,https://aadutygzgrbexxuznqlr.supabase.co/storage/v1/object/public/item-images/eastern/cumin-powder-2.jpg
1132,ANG-SPI-1209,Eastern Crushed Chilly,,"Rice, Atta, Flours & Mixes",kg,Fixed,,,100 g (₹45),100 g: ₹45,https://aadutygzgrbexxuznqlr.supabase.co/storage/v1/object/public/item-images/eastern/chilli-flakes.jpg
1133,ANG-SPI-1210,Eastern Channa Masala Powder,,"Rice, Atta, Flours & Mixes",kg,Fixed,,,100 g (₹45),100 g: ₹45,https://aadutygzgrbexxuznqlr.supabase.co/storage/v1/object/public/item-images/eastern/channa-masala-powder-1.jpg
1134,ANG-SPI-1211,Eastern Pani Puri Masala Powder,,"Rice, Atta, Flours & Mixes",kg,Fixed,,,100 g (₹45),100 g: ₹45,https://aadutygzgrbexxuznqlr.supabase.co/storage/v1/object/public/item-images/eastern/pani-puri-masala-powder-1.jpg
1135,ANG-SPI-1212,Eastern Paneer Butter Masala Powder,,"Rice, Atta, Flours & Mixes",kg,Fixed,,,100 g (₹45),100 g: ₹45,https://aadutygzgrbexxuznqlr.supabase.co/storage/v1/object/public/item-images/eastern/paneer-butter-masala-powder-1.jpg
1136,ANG-SPI-1213,Eastern Palak Paneer Masala Powder,,"Rice, Atta, Flours & Mixes",kg,Fixed,,,100 g (₹45),100 g: ₹45,https://aadutygzgrbexxuznqlr.supabase.co/storage/v1/object/public/item-images/eastern/palak-paneer-masala-powder-1.jpg
1137,ANG-SPI-1214,Eastern Meen Mulaku Masala Powder,,"Rice, Atta, Flours & Mixes",kg,Fixed,,,100 g (₹45),100 g: ₹45,https://aadutygzgrbexxuznqlr.supabase.co/storage/v1/object/public/item-images/eastern/meen-mulaku-masala-powder-1.jpg
1138,ANG-SPI-1215,Eastern Methi Mutter Malai Masala Powder,,"Rice, Atta, Flours & Mixes",kg,Fixed,,,100 g (₹45),100 g: ₹45,https://aadutygzgrbexxuznqlr.supabase.co/storage/v1/object/public/item-images/eastern/methi-mutter-malai-masala-powder-1.jpg
1139,ANG-SPI-1216,Eastern Korma Spice Mix,,"Rice, Atta, Flours & Mixes",kg,Fixed,,,100 g (₹45),100 g: ₹45,https://aadutygzgrbexxuznqlr.supabase.co/storage/v1/object/public/item-images/eastern/korma-spice-mix-1.jpg
1140,ANG-SPI-1217,Eastern Hyderabadi Biryani Mix,,"Rice, Atta, Flours & Mixes",kg,Fixed,,,100 g (₹45),100 g: ₹45,https://aadutygzgrbexxuznqlr.supabase.co/storage/v1/object/public/item-images/eastern/hyderabadi-biryani-mix-2.jpg
1141,ANG-SPI-1218,Eastern Dal Makhani Masala Powder,,"Rice, Atta, Flours & Mixes",kg,Fixed,,,100 g (₹45),100 g: ₹45,https://aadutygzgrbexxuznqlr.supabase.co/storage/v1/object/public/item-images/eastern/dal-makhani-masala-powder-1.jpg
1142,ANG-SPI-1219,Eastern Chicken Tikka Spice Mix,,"Rice, Atta, Flours & Mixes",kg,Fixed,,,100 g (₹45),100 g: ₹45,https://aadutygzgrbexxuznqlr.supabase.co/storage/v1/object/public/item-images/eastern/chicken-tikka-spice-mix-2.jpg
1143,ANG-SPI-1220,Eastern Chettinadu Vegetable Masala Powder,,"Rice, Atta, Flours & Mixes",kg,Fixed,,,100 g (₹45),100 g: ₹45,https://aadutygzgrbexxuznqlr.supabase.co/storage/v1/object/public/item-images/eastern/chettinadu-vegetable-masala-powder-1.jpg
1144,ANG-SPI-1221,Eastern Sesame Oil,,Spices & Masalas,kg,Fixed,,,100 g (₹45),100 g: ₹45,https://aadutygzgrbexxuznqlr.supabase.co/storage/v1/object/public/item-images/eastern/sesame-oil-1.jpg
1145,ANG-SPI-1222,Eastern Rice Powder,,"Rice, Atta, Flours & Mixes",kg,Fixed,,,100 g (₹45),100 g: ₹45,https://aadutygzgrbexxuznqlr.supabase.co/storage/v1/object/public/item-images/eastern/rice-powder.jpg
1146,ANG-SPI-1223,Eastern Puttu Powder White,,"Rice, Atta, Flours & Mixes",kg,Fixed,,,100 g (₹45),100 g: ₹45,https://aadutygzgrbexxuznqlr.supabase.co/storage/v1/object/public/item-images/eastern/puttu-powder-white-1.jpg
1147,ANG-SPI-1224,Eastern Puttu Powder Chemba,,"Rice, Atta, Flours & Mixes",kg,Fixed,,,100 g (₹45),100 g: ₹45,https://aadutygzgrbexxuznqlr.supabase.co/storage/v1/object/public/item-images/eastern/puttu-powder-chemba-1.jpg
1148,ANG-SPI-1225,Eastern Puliyinchi Pickle,,Spices & Masalas,kg,Fixed,,,100 g (₹45),100 g: ₹45,https://aadutygzgrbexxuznqlr.supabase.co/storage/v1/object/public/item-images/eastern/puliyinchi-pickle-2.jpg
1149,ANG-SPI-1226,Eastern Prawn Pickle,,Spices & Masalas,kg,Fixed,,,100 g (₹45),100 g: ₹45,https://aadutygzgrbexxuznqlr.supabase.co/storage/v1/object/public/item-images/eastern/prawn-pickle-1.jpg
1150,ANG-SPI-1227,Eastern Prawn Chutney Powder,,"Rice, Atta, Flours & Mixes",kg,Fixed,,,100 g (₹45),100 g: ₹45,https://aadutygzgrbexxuznqlr.supabase.co/storage/v1/object/public/item-images/eastern/prawn-chutney-powder.jpg
1151,ANG-SPI-1228,Eastern Pineapple Pickle,,Spices & Masalas,kg,Fixed,,,100 g (₹45),100 g: ₹45,https://aadutygzgrbexxuznqlr.supabase.co/storage/v1/object/public/item-images/eastern/pineapple-pickle-1.jpg
1152,ANG-SPI-1229,Eastern Pickle Powder,,Spices & Masalas,kg,Fixed,,,100 g (₹45),100 g: ₹45,https://aadutygzgrbexxuznqlr.supabase.co/storage/v1/object/public/item-images/eastern/pickle-powder-3.jpg
1153,ANG-SPI-1230,Eastern Pappadam,,Spices & Masalas,kg,Fixed,,,100 g (₹45),100 g: ₹45,https://aadutygzgrbexxuznqlr.supabase.co/storage/v1/object/public/item-images/eastern/pappadam-1.jpg
1154,ANG-SPI-1231,Eastern Omani Masala Powder,,"Rice, Atta, Flours & Mixes",kg,Fixed,,,100 g (₹45),100 g: ₹45,https://aadutygzgrbexxuznqlr.supabase.co/storage/v1/object/public/item-images/eastern/omani-masala-powder-1.jpg
1155,ANG-SPI-1232,Eastern Nutmeg Pickle,,Spices & Masalas,kg,Fixed,,,100 g (₹45),100 g: ₹45,https://aadutygzgrbexxuznqlr.supabase.co/storage/v1/object/public/item-images/eastern/nutmeg-pickle-1.jpg
1156,ANG-SPI-1233,Eastern Mutton Masala Powder,,"Rice, Atta, Flours & Mixes",kg,Fixed,,,100 g (₹45),100 g: ₹45,https://aadutygzgrbexxuznqlr.supabase.co/storage/v1/object/public/item-images/eastern/mutton-masala-powder-1.jpg
1157,ANG-SPI-1234,Eastern Mustard Whole,,Spices & Masalas,kg,Fixed,,,100 g (₹45),100 g: ₹45,https://aadutygzgrbexxuznqlr.supabase.co/storage/v1/object/public/item-images/eastern/mustard-whole-1.jpg
1158,ANG-SPI-1235,Eastern Mixed Vegetable Pickle,,Spices & Masalas,kg,Fixed,,,100 g (₹45),100 g: ₹45,https://aadutygzgrbexxuznqlr.supabase.co/storage/v1/object/public/item-images/eastern/mixed-vegetable-pickle-1.jpg
1159,ANG-SPI-1236,Eastern Vegetable Masala,,Spices & Masalas,kg,Fixed,,,100 g (₹45),100 g: ₹45,https://aadutygzgrbexxuznqlr.supabase.co/storage/v1/object/public/item-images/eastern/vegetable-masala.jpg
1160,ANG-SPI-1237,Eastern Kitchen King,,Spices & Masalas,kg,Fixed,,,100 g (₹45),100 g: ₹45,https://aadutygzgrbexxuznqlr.supabase.co/storage/v1/object/public/item-images/eastern/kitchen-king.jpg
1161,ANG-SPI-1238,Eastern Jaljeera Powder,,"Rice, Atta, Flours & Mixes",kg,Fixed,,,100 g (₹45),100 g: ₹45,https://aadutygzgrbexxuznqlr.supabase.co/storage/v1/object/public/item-images/eastern/jaljeera-powder.jpg
1162,ANG-SPI-1239,Eastern Chicken Fry Masala,,Spices & Masalas,kg,Fixed,,,100 g (₹45),100 g: ₹45,https://aadutygzgrbexxuznqlr.supabase.co/storage/v1/object/public/item-images/eastern/chicken-fry-masala.jpg
1163,ANG-SPI-1240,Eastern Chat Masala,,Spices & Masalas,kg,Fixed,,,100 g (₹45),100 g: ₹45,https://aadutygzgrbexxuznqlr.supabase.co/storage/v1/object/public/item-images/eastern/chatt-masala.jpg
1164,ANG-SPI-1241,Eastern Channa Masala,,Spices & Masalas,kg,Fixed,,,100 g (₹45),100 g: ₹45,https://aadutygzgrbexxuznqlr.supabase.co/storage/v1/object/public/item-images/eastern/channa-masala.jpg
1165,ANG-SPI-1242,Eastern Puliyinchi pickle,,Spices & Masalas,kg,Fixed,,,100 g (₹45),100 g: ₹45,https://aadutygzgrbexxuznqlr.supabase.co/storage/v1/object/public/item-images/eastern/puliyinchi-pickle-2.jpg
1166,ANG-SPI-1243,Eastern Amla pickle,,Spices & Masalas,kg,Fixed,,,100 g (₹45),100 g: ₹45,https://aadutygzgrbexxuznqlr.supabase.co/storage/v1/object/public/item-images/eastern/amla-pickle.jpg
1167,ANG-SPI-1244,Eastern Ginger Garlic Paste,,Spices & Masalas,kg,Fixed,,,100 g (₹45),100 g: ₹45,https://aadutygzgrbexxuznqlr.supabase.co/storage/v1/object/public/item-images/eastern/ginger-garlic-paste.jpg
1168,ANG-SPI-1245,Eastern Chicken Pickle,,Spices & Masalas,kg,Fixed,,,100 g (₹45),100 g: ₹45,https://aadutygzgrbexxuznqlr.supabase.co/storage/v1/object/public/item-images/eastern/chicken-pickle.jpg
1169,ANG-SPI-1246,Eastern Prawn Pickle,,Spices & Masalas,kg,Fixed,,,100 g (₹45),100 g: ₹45,https://aadutygzgrbexxuznqlr.supabase.co/storage/v1/object/public/item-images/eastern/prawn-pickle-1.jpg
1170,ANG-SPI-1247,Eastern Fish Pickle,,Spices & Masalas,kg,Fixed,,,100 g (₹45),100 g: ₹45,https://aadutygzgrbexxuznqlr.supabase.co/storage/v1/object/public/item-images/eastern/fish-pickle.jpg
1171,ANG-SPI-1248,Eastern Hot & Sweet Lime Pickle,,Spices & Masalas,kg,Fixed,,,100 g (₹45),100 g: ₹45,https://aadutygzgrbexxuznqlr.supabase.co/storage/v1/object/public/item-images/eastern/hot-sweet-lime-pickle.jpg
1172,ANG-SPI-1249,Eastern Red Chilli Pickle,,Spices & Masalas,kg,Fixed,,,100 g (₹45),100 g: ₹45,https://aadutygzgrbexxuznqlr.supabase.co/storage/v1/object/public/item-images/eastern/red-chilli-pickle.jpg
1173,ANG-SPI-1250,Eastern Tomato Pickle,,Spices & Masalas,kg,Fixed,,,100 g (₹45),100 g: ₹45,https://aadutygzgrbexxuznqlr.supabase.co/storage/v1/object/public/item-images/eastern/tomato-pickle.jpg
1174,ANG-SPI-1251,Eastern Gongura Pickle,,Spices & Masalas,kg,Fixed,,,100 g (₹45),100 g: ₹45,https://aadutygzgrbexxuznqlr.supabase.co/storage/v1/object/public/item-images/eastern/gongura-pickle.jpg
1175,ANG-SPI-1252,Eastern Mango Thokku Pickle,,Spices & Masalas,kg,Fixed,,,100 g (₹45),100 g: ₹45,https://aadutygzgrbexxuznqlr.supabase.co/storage/v1/object/public/item-images/eastern/mango-thokku-pickle.jpg
1176,ANG-SPI-1253,Eastern Mixed Veg Pickle,,Spices & Masalas,kg,Fixed,,,100 g (₹45),100 g: ₹45,https://aadutygzgrbexxuznqlr.supabase.co/storage/v1/object/public/item-images/eastern/mixed-veg-pickle.jpg
1177,ANG-SPI-1254,Eastern White Lime Pickle,,Spices & Masalas,kg,Fixed,,,100 g (₹45),100 g: ₹45,https://aadutygzgrbexxuznqlr.supabase.co/storage/v1/object/public/item-images/eastern/white-lime-pickle.jpg
1178,ANG-SPI-1255,Eastern Tender Mango Pickle,,Spices & Masalas,kg,Fixed,,,100 g (₹45),100 g: ₹45,https://aadutygzgrbexxuznqlr.supabase.co/storage/v1/object/public/item-images/eastern/tender-mango-pickle.jpg
1179,ANG-SPI-1256,Eastern Kadumango Pickle,,Spices & Masalas,kg,Fixed,,,100 g (₹45),100 g: ₹45,https://aadutygzgrbexxuznqlr.supabase.co/storage/v1/object/public/item-images/eastern/kadumango-pickle.jpg
1180,ANG-SPI-1257,Eastern Mango Pickle,,Spices & Masalas,kg,Fixed,,,100 g (₹45),100 g: ₹45,https://aadutygzgrbexxuznqlr.supabase.co/storage/v1/object/public/item-images/eastern/mango-pickle.jpg
1181,ANG-SPI-1258,Eastern Lime Pickle,,Spices & Masalas,kg,Fixed,,,100 g (₹45),100 g: ₹45,https://aadutygzgrbexxuznqlr.supabase.co/storage/v1/object/public/item-images/eastern/lime-pickle.jpg
1182,ANG-SPI-1259,Eastern Gooseberry Pickle,,Spices & Masalas,kg,Fixed,,,100 g (₹45),100 g: ₹45,https://aadutygzgrbexxuznqlr.supabase.co/storage/v1/object/public/item-images/eastern/gooseberry-pickle.jpg
1183,ANG-SPI-1260,Eastern Garlic Pickle,,Spices & Masalas,kg,Fixed,,,100 g (₹45),100 g: ₹45,https://aadutygzgrbexxuznqlr.supabase.co/storage/v1/object/public/item-images/eastern/garlic-pickle.jpg
1184,ANG-SPI-1261,Eastern Laban – Orange Flavour Chews,,Spices & Masalas,kg,Fixed,,,100 g (₹45),100 g: ₹45,https://aadutygzgrbexxuznqlr.supabase.co/storage/v1/object/public/item-images/eastern/laban-osum-orange.jpg
1185,ANG-SPI-1262,Eastern Laban – Strawberry Flavour Chews,,Spices & Masalas,kg,Fixed,,,100 g (₹45),100 g: ₹45,https://aadutygzgrbexxuznqlr.supabase.co/storage/v1/object/public/item-images/eastern/laban-strawberry.jpg
1186,ANG-SPI-1263,Eastern Laban – Fruit Flavour Chews,,Spices & Masalas,kg,Fixed,,,100 g (₹45),100 g: ₹45,https://aadutygzgrbexxuznqlr.supabase.co/storage/v1/object/public/item-images/eastern/fop.jpg
1187,ANG-SPI-1276,Eastern Tamarind (Pizhi Puli),,Spices & Masalas,kg,Fixed,,,100 g (₹45),100 g: ₹45,https://aadutygzgrbexxuznqlr.supabase.co/storage/v1/object/public/item-images/eastern/tamirant.jpg
1188,ANG-STA-0001,Apsara Absolute Mechanical Pencil,അപ്സര അബ്സൊല്യൂട്ട് മെക്കാനിക്കൽ പെൻസിൽ,Household & Stationery,pcs,Fixed,30.00,35.00,1 Pc (₹30),1 Pc: ₹30 | Pack of 2: ₹58,https://aadutygzgrbexxuznqlr.supabase.co/storage/v1/object/public/item-images/apsara/pencils_absolute_mechanical.png
1189,ANG-STA-0002,Apsara Absolute Pencil,അപ്സര അബ്സൊല്യൂട്ട് പെൻസിൽ,Household & Stationery,pcs,Fixed,6.00,7.00,Box of 10 (₹60),Box of 10: ₹60 | Pack of 5: ₹31 | 1 Pc: ₹6,https://aadutygzgrbexxuznqlr.supabase.co/storage/v1/object/public/item-images/apsara/pencils_absolute_pencil.png
1190,ANG-STA-0003,Apsara Beauty Pencil,അപ്സര ബ്യൂട്ടി പെൻസിൽ,Household & Stationery,pcs,Fixed,6.00,7.00,Box of 10 (₹60),Box of 10: ₹60 | Pack of 5: ₹31 | 1 Pc: ₹6,https://aadutygzgrbexxuznqlr.supabase.co/storage/v1/object/public/item-images/apsara/pencils_beauty_pencil.png
1191,ANG-STA-0004,Apsara Bi-colour Pencils,അപ്സര ബൈ-കളർ പെൻസിലുകൾ,Household & Stationery,pcs,Fixed,9.00,11.00,Box of 10 (₹85),Box of 10: ₹85 | Pack of 5: ₹44 | 1 Pc: ₹9,https://aadutygzgrbexxuznqlr.supabase.co/storage/v1/object/public/item-images/apsara/pencils_bi_colour_pencil.png
1192,ANG-STA-0005,Apsara Charcoal Pencil,അപ്സര ചാർക്കോൾ പെൻസിൽ,Household & Stationery,pcs,Fixed,10.00,12.00,Box of 10 (₹90),Box of 10: ₹90 | Pack of 5: ₹47 | 1 Pc: ₹10,https://aadutygzgrbexxuznqlr.supabase.co/storage/v1/object/public/item-images/apsara/pencils_charcoal_pencil.png
1193,ANG-STA-0006,Apsara Colour Copying Pencils,അപ്സര കളർ കോപ്പിയിംഗ് പെൻസിലുകൾ,Household & Stationery,pcs,Fixed,9.00,11.00,Box of 10 (₹85),Box of 10: ₹85 | Pack of 5: ₹44 | 1 Pc: ₹9,https://aadutygzgrbexxuznqlr.supabase.co/storage/v1/object/public/item-images/apsara/pencils_colour_copying_pencils.png
1194,ANG-STA-0007,Apsara Colour Pencils,അപ്സര കളർ പെൻസിലുകൾ,Household & Stationery,pcs,Fixed,9.00,11.00,Box of 10 (₹85),Box of 10: ₹85 | Pack of 5: ₹44 | 1 Pc: ₹9,https://aadutygzgrbexxuznqlr.supabase.co/storage/v1/object/public/item-images/apsara/pencils_colour_pencil.png
1195,ANG-STA-0008,Apsara Disney Frozen 2 Pencil,അപ്സര ഡിസ്നി ഫ്രോസൺ 2 പെൻസിൽ,Household & Stationery,pcs,Fixed,7.00,9.00,Box of 10 (₹70),Box of 10: ₹70 | Pack of 5: ₹36 | 1 Pc: ₹7,https://aadutygzgrbexxuznqlr.supabase.co/storage/v1/object/public/item-images/apsara/pencils_disney_frozen_2_pencil.png
1196,ANG-STA-0009,Apsara Disney Mickey Mouse & Friends Pencil,അപ്സര ഡിസ്നി മിക്കി മൗസ് പെൻസിൽ,Household & Stationery,pcs,Fixed,7.00,9.00,Box of 10 (₹70),Box of 10: ₹70 | Pack of 5: ₹36 | 1 Pc: ₹7,https://aadutygzgrbexxuznqlr.supabase.co/storage/v1/object/public/item-images/apsara/pencils_disney_mickey_mouse_friends_pencil.png
1197,ANG-STA-0010,Apsara Disney Princess Pencil,അപ്സര ഡിസ്നി പ്രിൻസസ് പെൻസിൽ,Household & Stationery,pcs,Fixed,7.00,9.00,Box of 10 (₹70),Box of 10: ₹70 | Pack of 5: ₹36 | 1 Pc: ₹7,https://aadutygzgrbexxuznqlr.supabase.co/storage/v1/object/public/item-images/apsara/pencils_disney_princess_pencil.png
1198,ANG-STA-0011,Apsara Drawing Pencil,അപ്സര ഡ്രോയിംഗ് പെൻസിൽ,Household & Stationery,pcs,Fixed,10.00,12.00,Box of 10 (₹90),Box of 10: ₹90 | Pack of 5: ₹47 | 1 Pc: ₹10,https://aadutygzgrbexxuznqlr.supabase.co/storage/v1/object/public/item-images/apsara/pencils_drawing_pencil.png
1199,ANG-STA-0012,Apsara EZ Grip Pencils,അപ്സര ഈസി ഗ്രിപ്പ് പെൻസിലുകൾ,Household & Stationery,pcs,Fixed,6.00,7.00,Box of 10 (₹60),Box of 10: ₹60 | Pack of 5: ₹31 | 1 Pc: ₹6,https://aadutygzgrbexxuznqlr.supabase.co/storage/v1/object/public/item-images/apsara/pencils_ez_grip_pencils.png
1200,ANG-STA-0013,Apsara Glass Marking Pencils,അപ്സര ഗ്ലാസ് മാർക്കിംഗ് പെൻസിലുകൾ,Household & Stationery,pcs,Fixed,6.00,7.00,Box of 10 (₹60),Box of 10: ₹60 | Pack of 5: ₹31 | 1 Pc: ₹6,https://aadutygzgrbexxuznqlr.supabase.co/storage/v1/object/public/item-images/apsara/pencils_glass_marking_pencils.png
1201,ANG-STA-0014,Apsara Gold Pencil,അപ്സര ഗോൾഡ് പെൻസിൽ,Household & Stationery,pcs,Fixed,6.00,7.00,Box of 10 (₹60),Box of 10: ₹60 | Pack of 5: ₹31 | 1 Pc: ₹6,https://aadutygzgrbexxuznqlr.supabase.co/storage/v1/object/public/item-images/apsara/pencils_gold_pencil.png
1202,ANG-STA-0015,Apsara JOI Mechanical Pencil,അപ്സര ജോയ് മെക്കാനിക്കൽ പെൻസിൽ,Household & Stationery,pcs,Fixed,30.00,35.00,1 Pc (₹30),1 Pc: ₹30 | Pack of 2: ₹58,https://aadutygzgrbexxuznqlr.supabase.co/storage/v1/object/public/item-images/apsara/pencils_joi_mechanical_pencil.png
1203,ANG-STA-0016,Apsara Jumbo Writing Pencils,അപ്സര ജംബോ റൈറ്റിംഗ് പെൻസിലുകൾ,Household & Stationery,pcs,Fixed,6.00,7.00,Box of 10 (₹60),Box of 10: ₹60 | Pack of 5: ₹31 | 1 Pc: ₹6,https://aadutygzgrbexxuznqlr.supabase.co/storage/v1/object/public/item-images/apsara/pencils_jumbo_writing_pencils.png
1204,ANG-STA-0017,Apsara Marvel Avengers Pencil,അപ്സര മാർവൽ അവഞ്ചേഴ്സ് പെൻസിൽ,Household & Stationery,pcs,Fixed,7.00,9.00,Box of 10 (₹70),Box of 10: ₹70 | Pack of 5: ₹36 | 1 Pc: ₹7,https://aadutygzgrbexxuznqlr.supabase.co/storage/v1/object/public/item-images/apsara/pencils_marvel_avengers_pencil.png
1205,ANG-STA-0018,Apsara Matt Magic 2.0 Pencil,അപ്സര മാറ്റ് മാജിക് 2.0 പെൻസിൽ,Household & Stationery,pcs,Fixed,7.00,9.00,Box of 10 (₹70),Box of 10: ₹70 | Pack of 5: ₹36 | 1 Pc: ₹7,https://aadutygzgrbexxuznqlr.supabase.co/storage/v1/object/public/item-images/apsara/pencils_matt_magic_2_0_pencil.png
1206,ANG-STA-0019,Apsara Matt Magic Special Edition Pack Pencil,അപ്സര മാറ്റ് മാജിക് സ്പെഷ്യൽ എഡിഷൻ പെൻസിൽ,Household & Stationery,pcs,Fixed,7.00,9.00,Box of 10 (₹70),Box of 10: ₹70 | Pack of 5: ₹36 | 1 Pc: ₹7,https://aadutygzgrbexxuznqlr.supabase.co/storage/v1/object/public/item-images/apsara/pencils_matt_magic_special_edition_pack.webp
1207,ANG-STA-0020,Apsara Platinum Pencil,അപ്സര പ്ലാറ്റിനം പെൻസിൽ,Household & Stationery,pcs,Fixed,7.00,9.00,Box of 10 (₹70),Box of 10: ₹70 | Pack of 5: ₹36 | 1 Pc: ₹7,https://aadutygzgrbexxuznqlr.supabase.co/storage/v1/object/public/item-images/apsara/pencils_platinum_pencil.png
1208,ANG-STA-0021,Apsara Pop Pencils,അപ്സര pop പെൻസിലുകൾ,Household & Stationery,pcs,Fixed,6.00,7.00,Box of 10 (₹60),Box of 10: ₹60 | Pack of 5: ₹31 | 1 Pc: ₹6,https://aadutygzgrbexxuznqlr.supabase.co/storage/v1/object/public/item-images/apsara/pencils_pop_pencils.png
1209,ANG-STA-0022,Apsara Popstar Pencils,അപ്സര popstar പെൻസിലുകൾ,Household & Stationery,pcs,Fixed,6.00,7.00,Box of 10 (₹60),Box of 10: ₹60 | Pack of 5: ₹31 | 1 Pc: ₹6,https://aadutygzgrbexxuznqlr.supabase.co/storage/v1/object/public/item-images/apsara/pencils_popstar_pencils.png
1210,ANG-STA-0023,Apsara Regal Gold Pencil,അപ്സര regal ഗോൾഡ് പെൻസിൽ,Household & Stationery,pcs,Fixed,6.00,7.00,Box of 10 (₹60),Box of 10: ₹60 | Pack of 5: ₹31 | 1 Pc: ₹6,https://aadutygzgrbexxuznqlr.supabase.co/storage/v1/object/public/item-images/apsara/pencils_regal_gold_pencil.png
1211,ANG-STA-0024,Apsara Space Kids Pencils,അപ്സര space kids പെൻസിലുകൾ,Household & Stationery,pcs,Fixed,6.00,7.00,Box of 10 (₹60),Box of 10: ₹60 | Pack of 5: ₹31 | 1 Pc: ₹6,https://aadutygzgrbexxuznqlr.supabase.co/storage/v1/object/public/item-images/apsara/pencils_space_kids_pencils.png
1212,ANG-STA-0025,Apsara Spider-Man Pencils,അപ്സര spider-man പെൻസിലുകൾ,Household & Stationery,pcs,Fixed,6.00,7.00,Box of 10 (₹60),Box of 10: ₹60 | Pack of 5: ₹31 | 1 Pc: ₹6,https://aadutygzgrbexxuznqlr.supabase.co/storage/v1/object/public/item-images/apsara/pencils_spider_man_pencils.png
1213,ANG-STA-0026,Apsara Steno Pencils,അപ്സര steno പെൻസിലുകൾ,Household & Stationery,pcs,Fixed,6.00,7.00,Box of 10 (₹60),Box of 10: ₹60 | Pack of 5: ₹31 | 1 Pc: ₹6,https://aadutygzgrbexxuznqlr.supabase.co/storage/v1/object/public/item-images/apsara/pencils_steno_pencils.png
1214,ANG-STA-0027,Apsara Triga Pencils,അപ്സര triga പെൻസിലുകൾ,Household & Stationery,pcs,Fixed,6.00,7.00,Box of 10 (₹60),Box of 10: ₹60 | Pack of 5: ₹31 | 1 Pc: ₹6,https://aadutygzgrbexxuznqlr.supabase.co/storage/v1/object/public/item-images/apsara/pencils_triga_pencils.png
1215,ANG-STA-0028,Apsara Zesta Pencil,അപ്സര zesta പെൻസിൽ,Household & Stationery,pcs,Fixed,6.00,7.00,Box of 10 (₹60),Box of 10: ₹60 | Pack of 5: ₹31 | 1 Pc: ₹6,https://aadutygzgrbexxuznqlr.supabase.co/storage/v1/object/public/item-images/apsara/pencils_zesta_pencil.png
1216,ANG-STA-0029,Apsara Assorted Eraser,അപ്സര അസോർട്ടഡ് ഇറേസർ,Household & Stationery,pcs,Fixed,5.00,6.00,Pack of 5 (₹25),Pack of 5: ₹25 | Box of 20: ₹95 | 1 Pc: ₹5,https://aadutygzgrbexxuznqlr.supabase.co/storage/v1/object/public/item-images/apsara/erasers_assorted_eraser.png
1217,ANG-STA-0030,Apsara Mechano Eraser,അപ്സര മെക്കാനോ ഇറേസർ,Household & Stationery,pcs,Fixed,10.00,12.00,Pack of 5 (₹48),Pack of 5: ₹48 | Box of 20: ₹180 | 1 Pc: ₹10,https://aadutygzgrbexxuznqlr.supabase.co/storage/v1/object/public/item-images/apsara/erasers_mechano_eraser.png
1218,ANG-STA-0031,Apsara Non Dust Eraser,അപ്സര നോൺ ഡസ്റ്റ് ഇറേസർ,Household & Stationery,pcs,Fixed,5.00,6.00,Pack of 5 (₹25),Pack of 5: ₹25 | Box of 20: ₹95 | 1 Pc: ₹5,https://aadutygzgrbexxuznqlr.supabase.co/storage/v1/object/public/item-images/apsara/erasers_non_dust_eraser.png
1219,ANG-STA-0032,Apsara Pop Eraser,അപ്സര pop ഇറേസർ,Household & Stationery,pcs,Fixed,5.00,6.00,Pack of 5 (₹25),Pack of 5: ₹25 | Box of 20: ₹95 | 1 Pc: ₹5,https://aadutygzgrbexxuznqlr.supabase.co/storage/v1/object/public/item-images/apsara/erasers_pop_eraser.png
1220,ANG-STA-0033,Apsara Rub Along Eraser (RAL),അപ്സര rub along ഇറേസർ (ral),Household & Stationery,pcs,Fixed,5.00,6.00,Pack of 5 (₹25),Pack of 5: ₹25 | Box of 20: ₹95 | 1 Pc: ₹5,https://aadutygzgrbexxuznqlr.supabase.co/storage/v1/object/public/item-images/apsara/erasers_rub_along_eraser_ral.png
1221,ANG-STA-0034,Apsara Stripes Eraser,അപ്സര stripes ഇറേസർ,Household & Stationery,pcs,Fixed,5.00,6.00,Pack of 5 (₹25),Pack of 5: ₹25 | Box of 20: ₹95 | 1 Pc: ₹5,https://aadutygzgrbexxuznqlr.supabase.co/storage/v1/object/public/item-images/apsara/erasers_stripes_eraser.png
1222,ANG-STA-0035,Apsara Top-It Pencil Eraser,അപ്സര top-it പെൻസിൽ ഇറേസർ,Household & Stationery,pcs,Fixed,5.00,6.00,Pack of 5 (₹25),Pack of 5: ₹25 | Box of 20: ₹95 | 1 Pc: ₹5,https://aadutygzgrbexxuznqlr.supabase.co/storage/v1/object/public/item-images/apsara/erasers_top_it_pencil_eraser.png
1223,ANG-STA-0036,Apsara Deluxe Scale,അപ്സര ഡീലക്സ് സ്കെയിൽ,Household & Stationery,pcs,Fixed,10.00,12.00,15 cm Scale (1 Pc) (₹10),15 cm Scale (1 Pc): ₹10 | Pack of 5: ₹45 | Box of 20: ₹175,https://aadutygzgrbexxuznqlr.supabase.co/storage/v1/object/public/item-images/apsara/scales_deluxe_scale.png
1224,ANG-STA-0037,Apsara Mathematical Instrument Set,അപ്സര മാത്തമാറ്റിക്കൽ ഇൻസ്ട്രുമെന്റ് സെറ്റ്,Household & Stationery,pcs,Fixed,95.00,110.00,1 Geometry Box (₹95),1 Geometry Box: ₹95,https://aadutygzgrbexxuznqlr.supabase.co/storage/v1/object/public/item-images/apsara/scales_mathematical_instrument_set.png
1225,ANG-STA-0038,Apsara Precise Geometry Box,അപ്സര പ്രിസൈസ് ജോമെട്രി ബോക്സ്,Household & Stationery,pcs,Fixed,95.00,110.00,1 Geometry Box (₹95),1 Geometry Box: ₹95,https://aadutygzgrbexxuznqlr.supabase.co/storage/v1/object/public/item-images/apsara/scales_precise_geometry_box.webp
1226,ANG-STA-0039,Apsara Shatter Proof Scale,അപ്സര shatter proof സ്കെയിൽ,Household & Stationery,pcs,Fixed,10.00,12.00,15 cm Scale (1 Pc) (₹10),15 cm Scale (1 Pc): ₹10 | Pack of 5: ₹45 | Box of 20: ₹175,https://aadutygzgrbexxuznqlr.supabase.co/storage/v1/object/public/item-images/apsara/scales_shatter_proof_scale.png
1227,ANG-STA-0040,Apsara Long Point Sharpener,അപ്സര ലോംഗ് പോയിന്റ് ഷാർപ്നർ,Household & Stationery,pcs,Fixed,5.00,6.00,Pack of 5 (₹25),Pack of 5: ₹25 | Box of 20: ₹95 | 1 Pc: ₹5,https://aadutygzgrbexxuznqlr.supabase.co/storage/v1/object/public/item-images/apsara/sharpners_long_point_sharpener.png
1228,ANG-STA-0041,Apsara Spaceball Sharpener,അപ്സര സ്പേസ്ബോൾ ഷാർപ്നർ,Household & Stationery,pcs,Fixed,10.00,12.00,Pack of 5 (₹48),Pack of 5: ₹48 | Box of 20: ₹180 | 1 Pc: ₹10,https://aadutygzgrbexxuznqlr.supabase.co/storage/v1/object/public/item-images/apsara/sharpners_spaceball_sharpener.png
1229,ANG-STA-0042,Apsara Tidy up Eraser-Sharpener Combo,അപ്സര ടൈഡി അപ്പ് ഇറേസർ-ഷാർപ്നർ കോംബോ,Household & Stationery,pcs,Fixed,10.00,12.00,Pack of 5 (₹48),Pack of 5: ₹48 | Box of 20: ₹180 | 1 Pc: ₹10,https://aadutygzgrbexxuznqlr.supabase.co/storage/v1/object/public/item-images/apsara/sharpners_tidy_up_eraser_sharpener_combo.png
1230,ANG-STA-0043,Apsara Tidy-Top Sharpener,അപ്സര tidy-top ഷാർപ്നർ,Household & Stationery,pcs,Fixed,5.00,6.00,Pack of 5 (₹25),Pack of 5: ₹25 | Box of 20: ₹95 | 1 Pc: ₹5,https://aadutygzgrbexxuznqlr.supabase.co/storage/v1/object/public/item-images/apsara/sharpners_tidy_top_sharpener.png
1231,ANG-STA-0044,Apsara GenZ Pen,അപ്സര ജെൻസി ജെൽ പേന,Household & Stationery,pcs,Fixed,10.00,12.00,Pack of 5 Pens (₹50),Pack of 5 Pens: ₹50 | 1 Pen: ₹10,https://aadutygzgrbexxuznqlr.supabase.co/storage/v1/object/public/item-images/apsara/pens_genz_pen.png
1232,ANG-STA-0045,Apsara LIT Gel Pen,അപ്സര ലിറ്റ് ജെൽ പേന,Household & Stationery,pcs,Fixed,10.00,12.00,Pack of 5 Pens (₹50),Pack of 5 Pens: ₹50 | 1 Pen: ₹10,https://aadutygzgrbexxuznqlr.supabase.co/storage/v1/object/public/item-images/apsara/pens_lit_gel_pen.png
1233,ANG-STA-0046,Apsara A4 Drawing book,അപ്സര എ4 ഡ്രോയിംഗ് ബുക്ക്,Household & Stationery,pcs,Fixed,45.00,52.00,1 Book (₹45),1 Book: ₹45 | Pack of 6 Books: ₹250,https://aadutygzgrbexxuznqlr.supabase.co/storage/v1/object/public/item-images/apsara/notebooks_a4_drawing_book.png
1234,ANG-STA-0047,Apsara A4 Longbook - Single Line,അപ്സര എ4 സിംഗിൾ ലൈൻ ലോംഗ്ബുക്ക്,Household & Stationery,pcs,Fixed,55.00,64.00,1 Book (₹55),1 Book: ₹55 | Pack of 6 Books: ₹310,https://aadutygzgrbexxuznqlr.supabase.co/storage/v1/object/public/item-images/apsara/notebooks_a4_longbook_single_line.png
1235,ANG-STA-0048,Apsara A4 Longbook - Unruled,അപ്സര എ4 അൺറൂൾഡ് ലോംഗ്ബുക്ക്,Household & Stationery,pcs,Fixed,55.00,64.00,1 Book (₹55),1 Book: ₹55 | Pack of 6 Books: ₹310,https://aadutygzgrbexxuznqlr.supabase.co/storage/v1/object/public/item-images/apsara/notebooks_a4_longbook_unruled.png
1236,ANG-STA-0049,Apsara Conference Pad,അപ്സര conference pad,Household & Stationery,pcs,Fixed,55.00,64.00,1 Book (₹55),1 Book: ₹55 | Pack of 6 Books: ₹310,https://aadutygzgrbexxuznqlr.supabase.co/storage/v1/object/public/item-images/apsara/notebooks_conference_pad.png
1237,ANG-STA-0050,Apsara Grapgh Book (1cm),അപ്സര grapgh book (1cm),Household & Stationery,pcs,Fixed,55.00,64.00,1 Book (₹55),1 Book: ₹55 | Pack of 6 Books: ₹310,https://aadutygzgrbexxuznqlr.supabase.co/storage/v1/object/public/item-images/apsara/notebooks_grapgh_book_1cm.png
1238,ANG-STA-0051,Apsara Grapgh Book (2cm),അപ്സര grapgh book (2cm),Household & Stationery,pcs,Fixed,55.00,64.00,1 Book (₹55),1 Book: ₹55 | Pack of 6 Books: ₹310,https://aadutygzgrbexxuznqlr.supabase.co/storage/v1/object/public/item-images/apsara/notebooks_grapgh_book_2cm.png
1239,ANG-STA-0052,Apsara King Size - Maths Ruled,അപ്സര king size - maths ruled,Household & Stationery,pcs,Fixed,55.00,64.00,1 Book (₹55),1 Book: ₹55 | Pack of 6 Books: ₹310,https://aadutygzgrbexxuznqlr.supabase.co/storage/v1/object/public/item-images/apsara/notebooks_king_size_maths_ruled.png
1240,ANG-STA-0053,Apsara King Size - Maths Unruled,അപ്സര king size - maths അൺറൂൾഡ്,Household & Stationery,pcs,Fixed,55.00,64.00,1 Book (₹55),1 Book: ₹55 | Pack of 6 Books: ₹310,https://aadutygzgrbexxuznqlr.supabase.co/storage/v1/object/public/item-images/apsara/notebooks_king_size_maths_unruled.png
1241,ANG-STA-0054,Apsara King Size 3 In 1 Double Line,അപ്സര king size 3 in 1 ഡബിൾ ലൈൻ,Household & Stationery,pcs,Fixed,55.00,64.00,1 Book (₹55),1 Book: ₹55 | Pack of 6 Books: ₹310,https://aadutygzgrbexxuznqlr.supabase.co/storage/v1/object/public/item-images/apsara/notebooks_king_size_3_in_1_double_line.png
1242,ANG-STA-0055,Apsara King Size 3 In 1 Single Line,അപ്സര king size 3 in 1 സിംഗിൾ ലൈൻ,Household & Stationery,pcs,Fixed,55.00,64.00,1 Book (₹55),1 Book: ₹55 | Pack of 6 Books: ₹310,https://aadutygzgrbexxuznqlr.supabase.co/storage/v1/object/public/item-images/apsara/notebooks_king_size_3_in_1_single_line.png
1243,ANG-STA-0056,Apsara King Size - Broadline,അപ്സര king size - broadline,Household & Stationery,pcs,Fixed,55.00,64.00,1 Book (₹55),1 Book: ₹55 | Pack of 6 Books: ₹310,https://aadutygzgrbexxuznqlr.supabase.co/storage/v1/object/public/item-images/apsara/notebooks_king_size_broadline.png
1244,ANG-STA-0057,Apsara King Size - Double Line,അപ്സര king size - ഡബിൾ ലൈൻ,Household & Stationery,pcs,Fixed,55.00,64.00,1 Book (₹55),1 Book: ₹55 | Pack of 6 Books: ₹310,https://aadutygzgrbexxuznqlr.supabase.co/storage/v1/object/public/item-images/apsara/notebooks_king_size_double_line.png
1245,ANG-STA-0058,Apsara King Size Fourline Interleaf,അപ്സര king size fourline ഇന്റർലീഫ്,Household & Stationery,pcs,Fixed,55.00,64.00,1 Book (₹55),1 Book: ₹55 | Pack of 6 Books: ₹310,https://aadutygzgrbexxuznqlr.supabase.co/storage/v1/object/public/item-images/apsara/notebooks_king_size_fourline_interleaf.png
1246,ANG-STA-0059,Apsara King Size - Med Square,അപ്സര king size - med square,Household & Stationery,pcs,Fixed,55.00,64.00,1 Book (₹55),1 Book: ₹55 | Pack of 6 Books: ₹310,https://aadutygzgrbexxuznqlr.supabase.co/storage/v1/object/public/item-images/apsara/notebooks_king_size_med_square.png
1247,ANG-STA-0060,Apsara King Size - Red & Blue with Gap,അപ്സര king size - red & blue with gap,Household & Stationery,pcs,Fixed,55.00,64.00,1 Book (₹55),1 Book: ₹55 | Pack of 6 Books: ₹310,https://aadutygzgrbexxuznqlr.supabase.co/storage/v1/object/public/item-images/apsara/notebooks_king_size_red_blue_with_gap.png
1248,ANG-STA-0061,Apsara King Size - Single Line,അപ്സര king size - സിംഗിൾ ലൈൻ,Household & Stationery,pcs,Fixed,55.00,64.00,1 Book (₹55),1 Book: ₹55 | Pack of 6 Books: ₹310,https://aadutygzgrbexxuznqlr.supabase.co/storage/v1/object/public/item-images/apsara/notebooks_king_size_single_line.png
1249,ANG-STA-0062,Apsara King Size - SL Interleaf,അപ്സര king size - sl ഇന്റർലീഫ്,Household & Stationery,pcs,Fixed,55.00,64.00,1 Book (₹55),1 Book: ₹55 | Pack of 6 Books: ₹310,https://aadutygzgrbexxuznqlr.supabase.co/storage/v1/object/public/item-images/apsara/notebooks_king_size_sl_interleaf.png
1250,ANG-STA-0063,Apsara King Size - Unruled,അപ്സര king size - അൺറൂൾഡ്,Household & Stationery,pcs,Fixed,55.00,64.00,1 Book (₹55),1 Book: ₹55 | Pack of 6 Books: ₹310,https://aadutygzgrbexxuznqlr.supabase.co/storage/v1/object/public/item-images/apsara/notebooks_king_size_unruled.png
1251,ANG-STA-0064,Apsara Longbook - Single Line,അപ്സര longbook - സിംഗിൾ ലൈൻ,Household & Stationery,pcs,Fixed,55.00,64.00,1 Book (₹55),1 Book: ₹55 | Pack of 6 Books: ₹310,https://aadutygzgrbexxuznqlr.supabase.co/storage/v1/object/public/item-images/apsara/notebooks_longbook_single_line.png
1252,ANG-STA-0065,Apsara Longbook - Unruled,അപ്സര longbook - അൺറൂൾഡ്,Household & Stationery,pcs,Fixed,55.00,64.00,1 Book (₹55),1 Book: ₹55 | Pack of 6 Books: ₹310,https://aadutygzgrbexxuznqlr.supabase.co/storage/v1/object/public/item-images/apsara/notebooks_longbook_unruled.png
1253,ANG-STA-0066,Apsara Mahabar Book Single Line,അപ്സര mahabar book സിംഗിൾ ലൈൻ,Household & Stationery,pcs,Fixed,55.00,64.00,1 Book (₹55),1 Book: ₹55 | Pack of 6 Books: ₹310,https://aadutygzgrbexxuznqlr.supabase.co/storage/v1/object/public/item-images/apsara/notebooks_mahabar_book_single_line.png
1254,ANG-STA-0067,Apsara Mahabar Book - Unruled,അപ്സര mahabar book - അൺറൂൾഡ്,Household & Stationery,pcs,Fixed,55.00,64.00,1 Book (₹55),1 Book: ₹55 | Pack of 6 Books: ₹310,https://aadutygzgrbexxuznqlr.supabase.co/storage/v1/object/public/item-images/apsara/notebooks_mahabar_book_unruled.png
1255,ANG-STA-0068,Apsara Practical Book - Single Lined Interleaf,അപ്സര പ്രാക്ടിക്കൽ ബുക്ക് - single lined ഇന്റർലീഫ്,Household & Stationery,pcs,Fixed,50.00,58.00,1 Book (₹50),1 Book: ₹50 | Pack of 6 Books: ₹280,https://aadutygzgrbexxuznqlr.supabase.co/storage/v1/object/public/item-images/apsara/notebooks_practical_book.png
1256,ANG-STA-0069,Apsara Ultra Longbook Acc Ruling,അപ്സര ultra longbook acc ruling,Household & Stationery,pcs,Fixed,55.00,64.00,1 Book (₹55),1 Book: ₹55 | Pack of 6 Books: ₹310,https://aadutygzgrbexxuznqlr.supabase.co/storage/v1/object/public/item-images/apsara/notebooks_ultra_longbook_acc_ruling.png
1257,ANG-STA-0070,Apsara Ultra Longbook Single Line,അപ്സര ultra longbook സിംഗിൾ ലൈൻ,Household & Stationery,pcs,Fixed,55.00,64.00,1 Book (₹55),1 Book: ₹55 | Pack of 6 Books: ₹310,https://aadutygzgrbexxuznqlr.supabase.co/storage/v1/object/public/item-images/apsara/notebooks_ultra_longbook_single_line.png
1258,ANG-STA-0071,Apsara Ultra Longbook - Unruled,അപ്സര ultra longbook - അൺറൂൾഡ്,Household & Stationery,pcs,Fixed,55.00,64.00,1 Book (₹55),1 Book: ₹55 | Pack of 6 Books: ₹310,https://aadutygzgrbexxuznqlr.supabase.co/storage/v1/object/public/item-images/apsara/notebooks_ultra_longbook_unruled.png
1259,ANG-STA-0072,Apsara Wiro Notepad,അപ്സര wiro notepad,Household & Stationery,pcs,Fixed,55.00,64.00,1 Book (₹55),1 Book: ₹55 | Pack of 6 Books: ₹310,https://aadutygzgrbexxuznqlr.supabase.co/storage/v1/object/public/item-images/apsara/notebooks_wiro_notepad.png
1260,ANG-STA-0073,Apsara Dustless Chalk,അപ്സര ഡസ്റ്റ്‌ലെസ് ചോക്ക്,Household & Stationery,pack,Fixed,45.00,52.00,Box of 50 Chalks (₹45),Box of 50 Chalks: ₹45 | Box of 100 Chalks: ₹85,https://aadutygzgrbexxuznqlr.supabase.co/storage/v1/object/public/item-images/apsara/chalks_apsara_dustless_chalk.png
1261,ANG-STA-0074,Apsara 12 Soyfun Crayons,അപ്സര 12 സോയ്ഫൺ ക്രയോൺസ്,Household & Stationery,pack,Fixed,35.00,41.00,1 Pack / Set (₹35),1 Pack / Set: ₹35,https://aadutygzgrbexxuznqlr.supabase.co/storage/v1/object/public/item-images/apsara/art_material_12_soyfun_crayons.png
1262,ANG-STA-0075,Apsara 12 Washable Crayon,അപ്സര 12 വാഷബിൾ ക്രയോൺസ്,Household & Stationery,pack,Fixed,35.00,41.00,1 Pack / Set (₹35),1 Pack / Set: ₹35,https://aadutygzgrbexxuznqlr.supabase.co/storage/v1/object/public/item-images/apsara/art_material_12_washable_crayon.png
1263,ANG-STA-0076,Apsara 14 Jumbo Wax Crayon,അപ്സര 14 ജംബോ വാക്സ് ക്രയോൺസ്,Household & Stationery,pack,Fixed,60.00,69.00,1 Pack / Set (₹60),1 Pack / Set: ₹60,https://aadutygzgrbexxuznqlr.supabase.co/storage/v1/object/public/item-images/apsara/art_material_14_jumbo_wax_crayon.png
1264,ANG-STA-0077,Apsara Acrylic Colours,അപ്സര acrylic colours,Household & Stationery,pack,Fixed,45.00,52.00,1 Pack / Set (₹45),1 Pack / Set: ₹45,https://aadutygzgrbexxuznqlr.supabase.co/storage/v1/object/public/item-images/apsara/art_material_acrylic_colours.png
1265,ANG-STA-0078,Apsara Bi-colour Pencils (Art Edition),അപ്സര ബൈ-കളർ പെൻസിലുകൾ ((ആർട്ട് എഡിഷൻ)),Household & Stationery,pack,Fixed,45.00,52.00,1 Pack / Set (₹45),1 Pack / Set: ₹45,https://aadutygzgrbexxuznqlr.supabase.co/storage/v1/object/public/item-images/apsara/pencils_bi_colour_pencil.png
1266,ANG-STA-0079,Apsara Colour Pencils (Art & Sketch Edition),അപ്സര കളർ പെൻസിലുകൾ ((ആർട്ട് & സ്കെച്ച്)),Household & Stationery,pack,Fixed,45.00,52.00,1 Pack / Set (₹45),1 Pack / Set: ₹45,https://aadutygzgrbexxuznqlr.supabase.co/storage/v1/object/public/item-images/apsara/art_material_colour_pencils.png
1267,ANG-STA-0080,Apsara Jumbo Colour Pencil,അപ്സര ജംബോ കളർ പെൻസിൽ,Household & Stationery,pack,Fixed,45.00,52.00,1 Pack / Set (₹45),1 Pack / Set: ₹45,https://aadutygzgrbexxuznqlr.supabase.co/storage/v1/object/public/item-images/apsara/art_material_jumbo_colour_pencil.webp
1268,ANG-STA-0081,Apsara Konnect Brush Pens,അപ്സര konnect ബ്രഷ് പെന്നുകൾ,Household & Stationery,pack,Fixed,150.00,173.00,1 Pack / Set (₹150),1 Pack / Set: ₹150,https://aadutygzgrbexxuznqlr.supabase.co/storage/v1/object/public/item-images/apsara/art_material_konnect_brush_pens.png
1269,ANG-STA-0082,Apsara Modelling Clay,അപ്സര modelling clay,Household & Stationery,pack,Fixed,65.00,75.00,1 Pack / Set (₹65),1 Pack / Set: ₹65,https://aadutygzgrbexxuznqlr.supabase.co/storage/v1/object/public/item-images/apsara/art_material_modelling_clay.png
1270,ANG-STA-0083,Apsara Oil Pastels,അപ്സര ഓയിൽ പാസ്റ്റൽസ്,Household & Stationery,pack,Fixed,55.00,64.00,1 Pack / Set (₹55),1 Pack / Set: ₹55,https://aadutygzgrbexxuznqlr.supabase.co/storage/v1/object/public/item-images/apsara/art_material_oil_pastels.png
1271,ANG-STA-0084,Apsara Painting Brush,അപ്സര പെയിന്റിംഗ് ബ്രഷ്,Household & Stationery,pack,Fixed,55.00,64.00,1 Pack / Set (₹55),1 Pack / Set: ₹55,https://aadutygzgrbexxuznqlr.supabase.co/storage/v1/object/public/item-images/apsara/art_material_painting_brush.png
1272,ANG-STA-0085,Apsara Plastic Crayons,അപ്സര പ്ലാസ്റ്റിക് ക്രയോൺസ്,Household & Stationery,pack,Fixed,35.00,41.00,1 Pack / Set (₹35),1 Pack / Set: ₹35,https://aadutygzgrbexxuznqlr.supabase.co/storage/v1/object/public/item-images/apsara/art_material_plastic_crayons.png
1273,ANG-STA-0086,Apsara Popstar Grip Crayons,അപ്സര പോപ്സ്റ്റാർ ഗ്രിപ്പ് ക്രയോൺസ്,Household & Stationery,pack,Fixed,35.00,41.00,1 Pack / Set (₹35),1 Pack / Set: ₹35,https://aadutygzgrbexxuznqlr.supabase.co/storage/v1/object/public/item-images/apsara/art_material_popstar_grip_crayons.png
1274,ANG-STA-0087,Apsara Poster colour,അപ്സര പോസ്റ്റർ കളർ,Household & Stationery,pack,Fixed,120.00,138.00,1 Pack / Set (₹120),1 Pack / Set: ₹120,https://aadutygzgrbexxuznqlr.supabase.co/storage/v1/object/public/item-images/apsara/art_material_poster_colour.png
1275,ANG-STA-0088,Apsara Premium Colour Pencil,അപ്സര പ്രീമിയം കളർ പെൻസിൽ,Household & Stationery,pack,Fixed,45.00,52.00,1 Pack / Set (₹45),1 Pack / Set: ₹45,https://aadutygzgrbexxuznqlr.supabase.co/storage/v1/object/public/item-images/apsara/art_material_premium_colour_pencil.png
1276,ANG-STA-0089,Apsara Sketch Pen,അപ്സര സ്കെച്ച് പെൻ,Household & Stationery,pack,Fixed,40.00,46.00,1 Pack / Set (₹40),1 Pack / Set: ₹40,https://aadutygzgrbexxuznqlr.supabase.co/storage/v1/object/public/item-images/apsara/art_material_sketch_pen.png
1277,ANG-STA-0090,Apsara Water Colour Tubes,അപ്സര വാട്ടർ കളർ tubes,Household & Stationery,pack,Fixed,75.00,87.00,1 Pack / Set (₹75),1 Pack / Set: ₹75,https://aadutygzgrbexxuznqlr.supabase.co/storage/v1/object/public/item-images/apsara/art_material_water_colour_tubes.png
1278,ANG-STA-0091,Apsara Wax Crayon,അപ്സര വാക്സ് ക്രയോൺസ്,Household & Stationery,pack,Fixed,35.00,41.00,1 Pack / Set (₹35),1 Pack / Set: ₹35,https://aadutygzgrbexxuznqlr.supabase.co/storage/v1/object/public/item-images/apsara/art_material_wax_crayon.png
1279,ANG-STA-0092,Apsara Wax Crayon - Extra Long,അപ്സര വാക്സ് ക്രയോൺസ് - extra long,Household & Stationery,pack,Fixed,35.00,41.00,1 Pack / Set (₹35),1 Pack / Set: ₹35,https://aadutygzgrbexxuznqlr.supabase.co/storage/v1/object/public/item-images/apsara/art_material_wax_crayon_extra_long.png
1280,ANG-STA-0093,Apsara Ace Kit,അപ്സര ഏസ് സ്റ്റേഷനറി കിറ്റ്,Household & Stationery,pack,Fixed,99.00,114.00,1 Kit (₹99),1 Kit: ₹99,https://aadutygzgrbexxuznqlr.supabase.co/storage/v1/object/public/item-images/apsara/kits_ace_kit.png
1281,ANG-STA-0094,Apsara Bag,അപ്സര bag,Household & Stationery,pack,Fixed,249.00,287.00,1 Kit (₹249),1 Kit: ₹249,https://aadutygzgrbexxuznqlr.supabase.co/storage/v1/object/public/item-images/apsara/kits_apsara_bag.png
1282,ANG-STA-0095,Apsara Art Explorer Kit,അപ്സര ആർട്ട് എക്സ്പ്ലോറർ കിറ്റ്,Household & Stationery,pack,Fixed,179.00,206.00,1 Kit (₹179),1 Kit: ₹179,https://aadutygzgrbexxuznqlr.supabase.co/storage/v1/object/public/item-images/apsara/kits_art_explorer_kit.png
1283,ANG-STA-0096,Apsara Art Kit,അപ്സര art കിറ്റ്,Household & Stationery,pack,Fixed,149.00,172.00,1 Kit (₹149),1 Kit: ₹149,https://aadutygzgrbexxuznqlr.supabase.co/storage/v1/object/public/item-images/apsara/kits_art_kit.png
1284,ANG-STA-0097,Apsara Avengers kit,അപ്സര avengers കിറ്റ്,Household & Stationery,pack,Fixed,149.00,172.00,1 Kit (₹149),1 Kit: ₹149,https://aadutygzgrbexxuznqlr.supabase.co/storage/v1/object/public/item-images/apsara/kits_avengers_kit.png
1285,ANG-STA-0098,Apsara Avengers Play Set,അപ്സര avengers play set കിറ്റ്,Household & Stationery,pack,Fixed,149.00,172.00,1 Kit (₹149),1 Kit: ₹149,https://aadutygzgrbexxuznqlr.supabase.co/storage/v1/object/public/item-images/apsara/kits_avengers_play_set.webp
1286,ANG-STA-0099,Apsara Colouring Kit,അപ്സര കളറിംഗ് കിറ്റ്,Household & Stationery,pack,Fixed,149.00,172.00,1 Kit (₹149),1 Kit: ₹149,https://aadutygzgrbexxuznqlr.supabase.co/storage/v1/object/public/item-images/apsara/kits_colouring_kit.png
1287,ANG-STA-0100,Apsara Designer's kit,അപ്സര designer's കിറ്റ്,Household & Stationery,pack,Fixed,149.00,172.00,1 Kit (₹149),1 Kit: ₹149,https://aadutygzgrbexxuznqlr.supabase.co/storage/v1/object/public/item-images/apsara/kits_designers_kit.png
1288,ANG-STA-0101,Apsara Disney Princess Kit (₹199 Edition),അപ്സര ഡിസ്നി പ്രിൻസസ് കിറ്റ് ((₹199 എഡിഷൻ)),Household & Stationery,pack,Fixed,199.00,229.00,1 Complete Kit (₹199),1 Complete Kit: ₹199,https://aadutygzgrbexxuznqlr.supabase.co/storage/v1/object/public/item-images/apsara/kits_disney_princess_kit_1.jpg
1289,ANG-STA-0102,Apsara Disney Princess Kit (₹99 Edition),അപ്സര ഡിസ്നി പ്രിൻസസ് കിറ്റ് ((₹99 എഡിഷൻ)),Household & Stationery,pack,Fixed,99.00,114.00,1 Complete Kit (₹99),1 Complete Kit: ₹99,https://aadutygzgrbexxuznqlr.supabase.co/storage/v1/object/public/item-images/apsara/kits_disney_princess_kit_2.png
1290,ANG-STA-0103,Apsara Disney Princess Kit (₹50 Edition),അപ്സര ഡിസ്നി പ്രിൻസസ് കിറ്റ് ((₹50 എഡിഷൻ)),Household & Stationery,pack,Fixed,50.00,58.00,1 Mini Kit (₹50),1 Mini Kit: ₹50,https://aadutygzgrbexxuznqlr.supabase.co/storage/v1/object/public/item-images/apsara/kits_disney_princess_kit_3.jpg
1291,ANG-STA-0104,Apsara Frozen Magic Set,അപ്സര frozen magic set കിറ്റ്,Household & Stationery,pack,Fixed,149.00,172.00,1 Kit (₹149),1 Kit: ₹149,https://aadutygzgrbexxuznqlr.supabase.co/storage/v1/object/public/item-images/apsara/kits_avengers_play_set_copy.webp
1292,ANG-STA-0105,Apsara Funaza kit,അപ്സര funaza കിറ്റ്,Household & Stationery,pack,Fixed,149.00,172.00,1 Kit (₹149),1 Kit: ₹149,https://aadutygzgrbexxuznqlr.supabase.co/storage/v1/object/public/item-images/apsara/kits_funaza_kit.png
1293,ANG-STA-0106,Apsara Joy Kit,അപ്സര joy കിറ്റ്,Household & Stationery,pack,Fixed,149.00,172.00,1 Kit (₹149),1 Kit: ₹149,https://aadutygzgrbexxuznqlr.supabase.co/storage/v1/object/public/item-images/apsara/kits_joy_kit.png
1294,ANG-STA-0107,Apsara Mandala Kit,അപ്സര mandala കിറ്റ്,Household & Stationery,pack,Fixed,149.00,172.00,1 Kit (₹149),1 Kit: ₹149,https://aadutygzgrbexxuznqlr.supabase.co/storage/v1/object/public/item-images/apsara/kits_mandala_kit.png
1295,ANG-STA-0108,Apsara Marvel Avengers Kit (₹199 Edition),അപ്സര മാർവൽ അവഞ്ചേഴ്സ് കിറ്റ് ((₹199 എഡിഷൻ)),Household & Stationery,pack,Fixed,199.00,229.00,1 Complete Kit (₹199),1 Complete Kit: ₹199,https://aadutygzgrbexxuznqlr.supabase.co/storage/v1/object/public/item-images/apsara/kits_marvel_avengers_kit_4.jpg
1296,ANG-STA-0109,Apsara Marvel Avengers Kit (₹99 Edition),അപ്സര മാർവൽ അവഞ്ചേഴ്സ് കിറ്റ് ((₹99 എഡിഷൻ)),Household & Stationery,pack,Fixed,99.00,114.00,1 Complete Kit (₹99),1 Complete Kit: ₹99,https://aadutygzgrbexxuznqlr.supabase.co/storage/v1/object/public/item-images/apsara/kits_marvel_avengers_kit_3.png
1297,ANG-STA-0110,Apsara Marvel Avengers Kit (₹50 Edition),അപ്സര മാർവൽ അവഞ്ചേഴ്സ് കിറ്റ് ((₹50 എഡിഷൻ)),Household & Stationery,pack,Fixed,50.00,58.00,1 Mini Kit (₹50),1 Mini Kit: ₹50,https://aadutygzgrbexxuznqlr.supabase.co/storage/v1/object/public/item-images/apsara/kits_marvel_avengers_kit_2.png
1298,ANG-STA-0111,Apsara Marvel Avengers Kit (₹30 Edition),അപ്സര മാർവൽ അവഞ്ചേഴ്സ് കിറ്റ് ((₹30 എഡിഷൻ)),Household & Stationery,pack,Fixed,30.00,35.00,1 Mini Pack (₹30),1 Mini Pack: ₹30,https://aadutygzgrbexxuznqlr.supabase.co/storage/v1/object/public/item-images/apsara/kits_marvel_avengers_kit_1.png
1299,ANG-STA-0112,Apsara Marvel Spider-Man Kit (₹199 Edition),അപ്സര മാർവൽ സ്പൈഡർമാൻ കിറ്റ് ((₹199 എഡിഷൻ)),Household & Stationery,pack,Fixed,199.00,229.00,1 Complete Kit (₹199),1 Complete Kit: ₹199,https://aadutygzgrbexxuznqlr.supabase.co/storage/v1/object/public/item-images/apsara/kits_marvel_spider_man_kit_3.png
1300,ANG-STA-0113,Apsara Marvel Spider-Man Kit (₹99 Edition),അപ്സര മാർവൽ സ്പൈഡർമാൻ കിറ്റ് ((₹99 എഡിഷൻ)),Household & Stationery,pack,Fixed,99.00,114.00,1 Complete Kit (₹99),1 Complete Kit: ₹99,https://aadutygzgrbexxuznqlr.supabase.co/storage/v1/object/public/item-images/apsara/kits_marvel_spider_man_kit_2.png
1301,ANG-STA-0114,Apsara Marvel Spider-Man Kit (₹50 Edition),അപ്സര മാർവൽ സ്പൈഡർമാൻ കിറ്റ് ((₹50 എഡിഷൻ)),Household & Stationery,pack,Fixed,50.00,58.00,1 Mini Kit (₹50),1 Mini Kit: ₹50,https://aadutygzgrbexxuznqlr.supabase.co/storage/v1/object/public/item-images/apsara/kits_marvel_spider_man_kit_1.png
1302,ANG-STA-0115,Apsara Mini Artist Kit,അപ്സര mini artist കിറ്റ്,Household & Stationery,pack,Fixed,149.00,172.00,1 Kit (₹149),1 Kit: ₹149,https://aadutygzgrbexxuznqlr.supabase.co/storage/v1/object/public/item-images/apsara/kits_mini_artist_kit.png
1303,ANG-STA-0116,Apsara My Apsara Kit,അപ്സര my അപ്സര കിറ്റ്,Household & Stationery,pack,Fixed,149.00,172.00,1 Kit (₹149),1 Kit: ₹149,https://aadutygzgrbexxuznqlr.supabase.co/storage/v1/object/public/item-images/apsara/kits_my_apsara_kit.png
1304,ANG-STA-0117,Apsara Platinum Kit,അപ്സര platinum കിറ്റ്,Household & Stationery,pack,Fixed,149.00,172.00,1 Kit (₹149),1 Kit: ₹149,https://aadutygzgrbexxuznqlr.supabase.co/storage/v1/object/public/item-images/apsara/kits_platinum_kit.png
1305,ANG-STA-0118,Apsara Premium Scholars Kit,അപ്സര premium scholars കിറ്റ്,Household & Stationery,pack,Fixed,99.00,114.00,1 Kit (₹99),1 Kit: ₹99,https://aadutygzgrbexxuznqlr.supabase.co/storage/v1/object/public/item-images/apsara/kits_premium_scholars_kit.png
1306,ANG-STA-0119,Apsara Scholar's Kit,അപ്സര scholar's കിറ്റ്,Household & Stationery,pack,Fixed,99.00,114.00,1 Kit (₹99),1 Kit: ₹99,https://aadutygzgrbexxuznqlr.supabase.co/storage/v1/object/public/item-images/apsara/kits_scholars_kit.png
1307,ANG-STA-0120,Apsara Water Coloring Kit,അപ്സര water coloring കിറ്റ്,Household & Stationery,pack,Fixed,149.00,172.00,1 Kit (₹149),1 Kit: ₹149,https://aadutygzgrbexxuznqlr.supabase.co/storage/v1/object/public/item-images/apsara/kits_water_coloring_kit.png
1308,ANG-STA-0121,Apsara Writing Kit,അപ്സര writing കിറ്റ്,Household & Stationery,pack,Fixed,149.00,172.00,1 Kit (₹149),1 Kit: ₹149,https://aadutygzgrbexxuznqlr.supabase.co/storage/v1/object/public/item-images/apsara/kits_writing_kit.png
1309,ANG-STA-0201,Nataraj 621 BE Bold Pencil,നടരാജ് 621 ബി ബോൾഡ് പെൻസിൽ,Household & Stationery,pcs,Fixed,6.00,7.00,Box of 10 (₹60),Box of 10: ₹60 | Pack of 5: ₹31 | 1 Pc: ₹6,https://aadutygzgrbexxuznqlr.supabase.co/storage/v1/object/public/item-images/nataraj/pencils_621_be_bold_pencil.webp
1310,ANG-STA-0202,Nataraj Checking Pencil,നടരാജ് ചെക്കിംഗ് പെൻസിൽ,Household & Stationery,pcs,Fixed,5.00,6.00,Box of 10 (₹50),Box of 10: ₹50 | Pack of 5: ₹26 | 1 Pc: ₹5,https://aadutygzgrbexxuznqlr.supabase.co/storage/v1/object/public/item-images/nataraj/pencils_checking_pencil.png
1311,ANG-STA-0203,Nataraj Colour Pencils,നടരാജ് colour പെൻസിലുകൾ,Household & Stationery,pcs,Fixed,8.00,10.00,Box of 10 (₹75),Box of 10: ₹75 | Pack of 5: ₹39 | 1 Pc: ₹8,https://aadutygzgrbexxuznqlr.supabase.co/storage/v1/object/public/item-images/nataraj/pencils_colour_pencils.webp
1312,ANG-STA-0204,Nataraj Define Mechanical Pencil,നടരാജ് define mechanical പെൻസിൽ,Household & Stationery,pcs,Fixed,25.00,29.00,1 Pc (₹25),1 Pc: ₹25 | Pack of 2: ₹48,https://aadutygzgrbexxuznqlr.supabase.co/storage/v1/object/public/item-images/nataraj/pencils_define_mechanical_pencil.png
1313,ANG-STA-0205,Nataraj Fluro Print Pencil,നടരാജ് ഫ്ലൂറോ പ്രിന്റ് പെൻസിൽ,Household & Stationery,pcs,Fixed,6.00,7.00,Box of 10 (₹60),Box of 10: ₹60 | Pack of 5: ₹31 | 1 Pc: ₹6,https://aadutygzgrbexxuznqlr.supabase.co/storage/v1/object/public/item-images/nataraj/pencils_fluro_print_pencil.png
1314,ANG-STA-0206,Nataraj Hidey Pencils,നടരാജ് ഹൈഡി പെൻസിലുകൾ,Household & Stationery,pcs,Fixed,5.00,6.00,Box of 10 (₹50),Box of 10: ₹50 | Pack of 5: ₹26 | 1 Pc: ₹5,https://aadutygzgrbexxuznqlr.supabase.co/storage/v1/object/public/item-images/nataraj/pencils_hidey_pencils.png
1315,ANG-STA-0207,Nataraj Pointz Lead,നടരാജ് പോയിന്റ്സ് ലെഡ്,Household & Stationery,pcs,Fixed,5.00,6.00,Box of 10 (₹50),Box of 10: ₹50 | Pack of 5: ₹26 | 1 Pc: ₹5,https://aadutygzgrbexxuznqlr.supabase.co/storage/v1/object/public/item-images/nataraj/pencils_pointz_lead.png
1316,ANG-STA-0208,Nataraj Pokit Mechanical Pencil,നടരാജ് പോക്കറ്റ് മെക്കാനിക്കൽ പെൻസിൽ,Household & Stationery,pcs,Fixed,25.00,29.00,1 Pc (₹25),1 Pc: ₹25 | Pack of 2: ₹48,https://aadutygzgrbexxuznqlr.supabase.co/storage/v1/object/public/item-images/nataraj/pencils_pokit_mechanical_pencil.png
1317,ANG-STA-0209,Nataraj Stripes Pencil,നടരാജ് സ്ട്രൈപ്സ് പെൻസിൽ,Household & Stationery,pcs,Fixed,5.00,6.00,Box of 10 (₹50),Box of 10: ₹50 | Pack of 5: ₹26 | 1 Pc: ₹5,https://aadutygzgrbexxuznqlr.supabase.co/storage/v1/object/public/item-images/nataraj/pencils_stripes_pencil.png
1318,ANG-STA-0210,Nataraj 621 Plasto Eraser,നടരാജ് 621 പ്ലാസ്റ്റോ ഇറേസർ,Household & Stationery,pcs,Fixed,5.00,6.00,Pack of 5 (₹20),Pack of 5: ₹20 | Box of 20: ₹80 | 1 Pc: ₹5,https://aadutygzgrbexxuznqlr.supabase.co/storage/v1/object/public/item-images/nataraj/erasers_621_plasto.png
1319,ANG-STA-0211,Nataraj Pebbles Eraser,നടരാജ് pebbles ഇറേസർ,Household & Stationery,pcs,Fixed,5.00,6.00,Pack of 5 (₹20),Pack of 5: ₹20 | Box of 20: ₹80 | 1 Pc: ₹5,https://aadutygzgrbexxuznqlr.supabase.co/storage/v1/object/public/item-images/nataraj/erasers_pebbles.png
1320,ANG-STA-0212,Nataraj Petals Eraser,നടരാജ് petals ഇറേസർ,Household & Stationery,pcs,Fixed,5.00,6.00,Pack of 5 (₹20),Pack of 5: ₹20 | Box of 20: ₹80 | 1 Pc: ₹5,https://aadutygzgrbexxuznqlr.supabase.co/storage/v1/object/public/item-images/nataraj/erasers_petals.png
1321,ANG-STA-0213,Nataraj Smiley Erasers,നടരാജ് smiley ഇറേസറുകൾ,Household & Stationery,pcs,Fixed,5.00,6.00,Pack of 5 (₹20),Pack of 5: ₹20 | Box of 20: ₹80 | 1 Pc: ₹5,https://aadutygzgrbexxuznqlr.supabase.co/storage/v1/object/public/item-images/nataraj/erasers_smiley_erasers.png
1322,ANG-STA-0214,Nataraj Wild E Eraser,നടരാജ് wild e ഇറേസർ,Household & Stationery,pcs,Fixed,5.00,6.00,Pack of 5 (₹20),Pack of 5: ₹20 | Box of 20: ₹80 | 1 Pc: ₹5,https://aadutygzgrbexxuznqlr.supabase.co/storage/v1/object/public/item-images/nataraj/erasers_wild_e.png
1323,ANG-STA-0215,Nataraj 621 Sharpener,നടരാജ് 621 ഷാർപ്നർ,Household & Stationery,pcs,Fixed,5.00,6.00,Pack of 5 (₹25),Pack of 5: ₹25 | Box of 20: ₹90 | 1 Pc: ₹5,https://aadutygzgrbexxuznqlr.supabase.co/storage/v1/object/public/item-images/nataraj/sharpeners_621_sharpener.png
1324,ANG-STA-0216,Nataraj Crystal Heart Sharpener,നടരാജ് crystal heart ഷാർപ്നർ,Household & Stationery,pcs,Fixed,5.00,6.00,Pack of 5 (₹25),Pack of 5: ₹25 | Box of 20: ₹90 | 1 Pc: ₹5,https://aadutygzgrbexxuznqlr.supabase.co/storage/v1/object/public/item-images/nataraj/sharpeners_crystal_heart_sharpener.png
1325,ANG-STA-0217,Nataraj Crystal Round Sharpener,നടരാജ് crystal round ഷാർപ്നർ,Household & Stationery,pcs,Fixed,5.00,6.00,Pack of 5 (₹25),Pack of 5: ₹25 | Box of 20: ₹90 | 1 Pc: ₹5,https://aadutygzgrbexxuznqlr.supabase.co/storage/v1/object/public/item-images/nataraj/sharpeners_crystal_round_sharpener.png
1326,ANG-STA-0218,Nataraj Left Ease Sharpener,നടരാജ് left ease ഷാർപ്നർ,Household & Stationery,pcs,Fixed,5.00,6.00,Pack of 5 (₹25),Pack of 5: ₹25 | Box of 20: ₹90 | 1 Pc: ₹5,https://aadutygzgrbexxuznqlr.supabase.co/storage/v1/object/public/item-images/nataraj/sharpeners_left_ease_sharpener.png
1327,ANG-STA-0219,Nataraj 621 Scale,നടരാജ് 621 സ്കെയിൽ,Household & Stationery,pcs,Fixed,10.00,12.00,15 cm Scale (1 Pc) (₹10),15 cm Scale (1 Pc): ₹10 | Pack of 5: ₹45,https://aadutygzgrbexxuznqlr.supabase.co/storage/v1/object/public/item-images/nataraj/scales_621_scale.png
1328,ANG-STA-0220,Nataraj Classic Compass Scale,നടരാജ് classic കോമ്പസ് സ്കെയിൽ,Household & Stationery,pcs,Fixed,10.00,12.00,15 cm Scale (1 Pc) (₹10),15 cm Scale (1 Pc): ₹10 | Pack of 5: ₹45,https://aadutygzgrbexxuznqlr.supabase.co/storage/v1/object/public/item-images/nataraj/scales_classic_compass.png
1329,ANG-STA-0221,Nataraj Classic Protractor Scale,നടരാജ് classic പ്രൊട്രാക്ടർ സ്കെയിൽ,Household & Stationery,pcs,Fixed,10.00,12.00,15 cm Scale (1 Pc) (₹10),15 cm Scale (1 Pc): ₹10 | Pack of 5: ₹45,https://aadutygzgrbexxuznqlr.supabase.co/storage/v1/object/public/item-images/nataraj/scales_classic_protractor.png
1330,ANG-STA-0222,Nataraj Construct Geometry Box Scale,നടരാജ് construct ജോമെട്രി ബോക്സ് സ്കെയിൽ,Household & Stationery,pcs,Fixed,10.00,12.00,15 cm Scale (1 Pc) (₹10),15 cm Scale (1 Pc): ₹10 | Pack of 5: ₹45,https://aadutygzgrbexxuznqlr.supabase.co/storage/v1/object/public/item-images/nataraj/scales_construct_geometry_box.png
1331,ANG-STA-0223,Nataraj Define Geometry Box Scale,നടരാജ് define ജോമെട്രി ബോക്സ് സ്കെയിൽ,Household & Stationery,pcs,Fixed,10.00,12.00,15 cm Scale (1 Pc) (₹10),15 cm Scale (1 Pc): ₹10 | Pack of 5: ₹45,https://aadutygzgrbexxuznqlr.supabase.co/storage/v1/object/public/item-images/nataraj/scales_define_geometry_box.png
1332,ANG-STA-0224,Nataraj Fundamental Instrument Set Scale,നടരാജ് fundamental instrument set സ്കെയിൽ,Household & Stationery,pcs,Fixed,10.00,12.00,15 cm Scale (1 Pc) (₹10),15 cm Scale (1 Pc): ₹10 | Pack of 5: ₹45,https://aadutygzgrbexxuznqlr.supabase.co/storage/v1/object/public/item-images/nataraj/scales_fundamental_instrument_set.png
1333,ANG-STA-0225,Nataraj Onpoint Geometry Box Scale,നടരാജ് onpoint ജോമെട്രി ബോക്സ് സ്കെയിൽ,Household & Stationery,pcs,Fixed,10.00,12.00,15 cm Scale (1 Pc) (₹10),15 cm Scale (1 Pc): ₹10 | Pack of 5: ₹45,https://aadutygzgrbexxuznqlr.supabase.co/storage/v1/object/public/item-images/nataraj/scales_onpoint_geometry_box.png
1334,ANG-STA-0226,Nataraj Pokit Geomtry Box Scale,നടരാജ് pokit geomtry box സ്കെയിൽ,Household & Stationery,pcs,Fixed,10.00,12.00,15 cm Scale (1 Pc) (₹10),15 cm Scale (1 Pc): ₹10 | Pack of 5: ₹45,https://aadutygzgrbexxuznqlr.supabase.co/storage/v1/object/public/item-images/nataraj/scales_pokit_geomtry_box.png
1335,ANG-STA-0227,Nataraj Toolkit Geometry Box Scale,നടരാജ് toolkit ജോമെട്രി ബോക്സ് സ്കെയിൽ,Household & Stationery,pcs,Fixed,10.00,12.00,15 cm Scale (1 Pc) (₹10),15 cm Scale (1 Pc): ₹10 | Pack of 5: ₹45,https://aadutygzgrbexxuznqlr.supabase.co/storage/v1/object/public/item-images/nataraj/scales_toolkit_geometry_box.png
1336,ANG-STA-0228,Nataraj All Rounder Ball Pen,നടരാജ് all rounder ബോൾ പേന,Household & Stationery,pcs,Fixed,10.00,12.00,Pack of 5 Pens (₹48),Pack of 5 Pens: ₹48 | 1 Pen: ₹10,https://aadutygzgrbexxuznqlr.supabase.co/storage/v1/object/public/item-images/nataraj/pens_all_rounder_ball_pen.webp
1337,ANG-STA-0229,Nataraj All Spark Ball Pen,നടരാജ് all spark ബോൾ പേന,Household & Stationery,pcs,Fixed,10.00,12.00,Pack of 5 Pens (₹48),Pack of 5 Pens: ₹48 | 1 Pen: ₹10,https://aadutygzgrbexxuznqlr.supabase.co/storage/v1/object/public/item-images/nataraj/pens_all_spark_ball_pen.png
1338,ANG-STA-0230,Nataraj Classic Ball Pen,നടരാജ് ക്ലാസിക് ബോൾ പേന,Household & Stationery,pcs,Fixed,10.00,12.00,Pack of 5 Pens (₹48),Pack of 5 Pens: ₹48 | 1 Pen: ₹10,https://aadutygzgrbexxuznqlr.supabase.co/storage/v1/object/public/item-images/nataraj/pens_classic_ball_pen.png
1339,ANG-STA-0231,Nataraj Gelix Gel Pen,നടരാജ് ജെലിക്സ് ജെൽ പേന,Household & Stationery,pcs,Fixed,10.00,12.00,Pack of 5 Pens (₹48),Pack of 5 Pens: ₹48 | 1 Pen: ₹10,https://aadutygzgrbexxuznqlr.supabase.co/storage/v1/object/public/item-images/nataraj/pens_gelix_gel_pen.png
1340,ANG-STA-0232,Nataraj Gelix II Gel Pen,നടരാജ് gelix ii ജെൽ പേന,Household & Stationery,pcs,Fixed,10.00,12.00,Pack of 5 Pens (₹48),Pack of 5 Pens: ₹48 | 1 Pen: ₹10,https://aadutygzgrbexxuznqlr.supabase.co/storage/v1/object/public/item-images/nataraj/pens_gelix_ii_gel_pen.png
1341,ANG-STA-0233,Nataraj Glow Ball Pen,നടരാജ് glow ബോൾ പേന,Household & Stationery,pcs,Fixed,10.00,12.00,Pack of 5 Pens (₹48),Pack of 5 Pens: ₹48 | 1 Pen: ₹10,https://aadutygzgrbexxuznqlr.supabase.co/storage/v1/object/public/item-images/nataraj/pens_glow_ball_pen.png
1342,ANG-STA-0234,Nataraj Gripwrite Ball Pen,നടരാജ് gripwrite ബോൾ പേന,Household & Stationery,pcs,Fixed,10.00,12.00,Pack of 5 Pens (₹48),Pack of 5 Pens: ₹48 | 1 Pen: ₹10,https://aadutygzgrbexxuznqlr.supabase.co/storage/v1/object/public/item-images/nataraj/pens_gripwrite_ball_pen.png
1343,ANG-STA-0235,Nataraj Hidey Ball Pen,നടരാജ് hidey ബോൾ പേന,Household & Stationery,pcs,Fixed,10.00,12.00,Pack of 5 Pens (₹48),Pack of 5 Pens: ₹48 | 1 Pen: ₹10,https://aadutygzgrbexxuznqlr.supabase.co/storage/v1/object/public/item-images/nataraj/pens_hidey_ball_pen.webp
1344,ANG-STA-0236,Nataraj Itip Gel Pen,നടരാജ് itip ജെൽ പേന,Household & Stationery,pcs,Fixed,10.00,12.00,Pack of 5 Pens (₹48),Pack of 5 Pens: ₹48 | 1 Pen: ₹10,https://aadutygzgrbexxuznqlr.supabase.co/storage/v1/object/public/item-images/nataraj/pens_itip_gel_pen.png
1345,ANG-STA-0237,Nataraj Max Grip Ball Pen,നടരാജ് max grip ബോൾ പേന,Household & Stationery,pcs,Fixed,10.00,12.00,Pack of 5 Pens (₹48),Pack of 5 Pens: ₹48 | 1 Pen: ₹10,https://aadutygzgrbexxuznqlr.supabase.co/storage/v1/object/public/item-images/nataraj/pens_max_grip_ball_pen.png
1346,ANG-STA-0238,Nataraj Max Grip Gel Pen,നടരാജ് max grip ജെൽ പേന,Household & Stationery,pcs,Fixed,10.00,12.00,Pack of 5 Pens (₹48),Pack of 5 Pens: ₹48 | 1 Pen: ₹10,https://aadutygzgrbexxuznqlr.supabase.co/storage/v1/object/public/item-images/nataraj/pens_max_grip_gel_pen.webp
1347,ANG-STA-0239,Nataraj Mist Ball Pen,നടരാജ് മിസ്റ്റ് ബോൾ പേന,Household & Stationery,pcs,Fixed,10.00,12.00,Pack of 5 Pens (₹48),Pack of 5 Pens: ₹48 | 1 Pen: ₹10,https://aadutygzgrbexxuznqlr.supabase.co/storage/v1/object/public/item-images/nataraj/pens_mist_ball_pen.png
1348,ANG-STA-0240,Nataraj Penlock Ball Pen,നടരാജ് penlock ബോൾ പേന,Household & Stationery,pcs,Fixed,10.00,12.00,Pack of 5 Pens (₹48),Pack of 5 Pens: ₹48 | 1 Pen: ₹10,https://aadutygzgrbexxuznqlr.supabase.co/storage/v1/object/public/item-images/nataraj/pens_penlock_ball_pen.png
1349,ANG-STA-0241,Nataraj Retrax Ball Pen,നടരാജ് retrax ബോൾ പേന,Household & Stationery,pcs,Fixed,10.00,12.00,Pack of 5 Pens (₹48),Pack of 5 Pens: ₹48 | 1 Pen: ₹10,https://aadutygzgrbexxuznqlr.supabase.co/storage/v1/object/public/item-images/nataraj/pens_retrax_ball_pen.png
1350,ANG-STA-0242,Nataraj Skater Gel Pen,നടരാജ് skater ജെൽ പേന,Household & Stationery,pcs,Fixed,10.00,12.00,Pack of 5 Pens (₹48),Pack of 5 Pens: ₹48 | 1 Pen: ₹10,https://aadutygzgrbexxuznqlr.supabase.co/storage/v1/object/public/item-images/nataraj/pens_skater_gel_pen.png
1351,ANG-STA-0243,Nataraj Slay Ball Pen,നടരാജ് slay ബോൾ പേന,Household & Stationery,pcs,Fixed,10.00,12.00,Pack of 5 Pens (₹48),Pack of 5 Pens: ₹48 | 1 Pen: ₹10,https://aadutygzgrbexxuznqlr.supabase.co/storage/v1/object/public/item-images/nataraj/pens_slay_ball_pen.webp
1352,ANG-STA-0244,Nataraj Snappy Ball Pen,നടരാജ് snappy ബോൾ പേന,Household & Stationery,pcs,Fixed,10.00,12.00,Pack of 5 Pens (₹48),Pack of 5 Pens: ₹48 | 1 Pen: ₹10,https://aadutygzgrbexxuznqlr.supabase.co/storage/v1/object/public/item-images/nataraj/pens_snappy_ball_pen.png
1353,ANG-STA-0245,Nataraj Superx Ball Pen,നടരാജ് superx ബോൾ പേന,Household & Stationery,pcs,Fixed,10.00,12.00,Pack of 5 Pens (₹48),Pack of 5 Pens: ₹48 | 1 Pen: ₹10,https://aadutygzgrbexxuznqlr.supabase.co/storage/v1/object/public/item-images/nataraj/pens_superx_ball_pen.png
1354,ANG-STA-0246,Nataraj Superx2 Ball Pen,നടരാജ് superx2 ബോൾ പേന,Household & Stationery,pcs,Fixed,10.00,12.00,Pack of 5 Pens (₹48),Pack of 5 Pens: ₹48 | 1 Pen: ₹10,https://aadutygzgrbexxuznqlr.supabase.co/storage/v1/object/public/item-images/nataraj/pens_superx2_ball_pen.png
1355,ANG-STA-0247,Nataraj Best Of Luck Kit,നടരാജ് best of luck കിറ്റ്,Household & Stationery,pack,Fixed,99.00,114.00,1 Complete Kit (₹99),1 Complete Kit: ₹99,https://aadutygzgrbexxuznqlr.supabase.co/storage/v1/object/public/item-images/nataraj/kits_best_of_luck_kit.png
1356,ANG-STA-0248,Nataraj Study Kit,നടരാജ് study കിറ്റ്,Household & Stationery,pack,Fixed,99.00,114.00,1 Complete Kit (₹99),1 Complete Kit: ₹99,https://aadutygzgrbexxuznqlr.supabase.co/storage/v1/object/public/item-images/nataraj/kits_study_kit.png
1357,ANG-STA-0249,Nataraj Trio Kit,നടരാജ് trio കിറ്റ്,Household & Stationery,pack,Fixed,99.00,114.00,1 Complete Kit (₹99),1 Complete Kit: ₹99,https://aadutygzgrbexxuznqlr.supabase.co/storage/v1/object/public/item-images/nataraj/kits_trio_kit.png
1358,ANG-STA-0250,Nataraj Writing Kit,നടരാജ് writing കിറ്റ്,Household & Stationery,pack,Fixed,99.00,114.00,1 Complete Kit (₹99),1 Complete Kit: ₹99,https://aadutygzgrbexxuznqlr.supabase.co/storage/v1/object/public/item-images/nataraj/kits_writing_kit.png
1359,ANG-STA-0251,Nataraj Classic Cutters,നടരാജ് classic cutters,Household & Stationery,pcs,Fixed,30.00,35.00,1 Pc (₹30),1 Pc: ₹30,https://aadutygzgrbexxuznqlr.supabase.co/storage/v1/object/public/item-images/nataraj/cutters_classic_cutters.png
1360,ANG-STA-0252,Nataraj Handy Cutters,നടരാജ് handy cutters,Household & Stationery,pcs,Fixed,30.00,35.00,1 Pc (₹30),1 Pc: ₹30,https://aadutygzgrbexxuznqlr.supabase.co/storage/v1/object/public/item-images/nataraj/cutters_handy_cutters.png
1361,ANG-STA-0253,Nataraj Large Cutters,നടരാജ് large cutters,Household & Stationery,pcs,Fixed,30.00,35.00,1 Pc (₹30),1 Pc: ₹30,https://aadutygzgrbexxuznqlr.supabase.co/storage/v1/object/public/item-images/nataraj/cutters_large_cutters.png
1362,ANG-STA-0254,Nataraj Mini Cutters,നടരാജ് mini cutters,Household & Stationery,pcs,Fixed,30.00,35.00,1 Pc (₹30),1 Pc: ₹30,https://aadutygzgrbexxuznqlr.supabase.co/storage/v1/object/public/item-images/nataraj/cutters_mini_cutters.png
1363,ANG-STA-0301,DOMS Ballpoint Pens,ഡോംസ് ബോൾപോയിന്റ് പെന്നുകൾ,Household & Stationery,pcs,Fixed,10.00,12.00,Pack of 5 (₹50),Pack of 5: ₹50 | 1 Pen: ₹10,https://aadutygzgrbexxuznqlr.supabase.co/storage/v1/object/public/item-images/doms/pens_writing_instruments_doms_ballpoint_pens_4.webp
1364,ANG-STA-0302,DOMS Ballpoint Pens (Series 2),ഡോംസ് ബോൾപോയിന്റ് പെന്നുകൾ (series 2),Household & Stationery,pcs,Fixed,10.00,12.00,Pack of 5 (₹50),Pack of 5: ₹50 | 1 Pen: ₹10,https://aadutygzgrbexxuznqlr.supabase.co/storage/v1/object/public/item-images/doms/pens_writing_instruments_doms_ballpoint_pens.webp
1365,ANG-STA-0303,DOMS Ballpoint Pens (Edition 2),ഡോംസ് ബോൾപോയിന്റ് പെന്നുകൾ (edition 2),Household & Stationery,pcs,Fixed,10.00,12.00,Pack of 5 (₹50),Pack of 5: ₹50 | 1 Pen: ₹10,https://aadutygzgrbexxuznqlr.supabase.co/storage/v1/object/public/item-images/doms/pens_writing_instruments_doms_ballpoint_pens_2.webp
1366,ANG-STA-0304,DOMS CD/DVD/OHP Marker Pens,ഡോംസ് സിഡി/ഡിവിഡി മാർക്കർ പെന്നുകൾ,Household & Stationery,pcs,Fixed,10.00,12.00,Pack of 5 (₹50),Pack of 5: ₹50 | 1 Pen: ₹10,https://aadutygzgrbexxuznqlr.supabase.co/storage/v1/object/public/item-images/doms/pens_writing_instruments_doms_cd_dvd_ohp_marker_pens_2.webp
1367,ANG-STA-0305,DOMS Cuboid Ballpoint Pens,ഡോംസ് cuboid ബോൾപോയിന്റ് പെന്നുകൾ,Household & Stationery,pcs,Fixed,10.00,12.00,Pack of 5 (₹50),Pack of 5: ₹50 | 1 Pen: ₹10,https://aadutygzgrbexxuznqlr.supabase.co/storage/v1/object/public/item-images/doms/pens_writing_instruments_doms_cuboid_ballpoint_pens_2.webp
1368,ANG-STA-0306,DOMS Cuboid Ballpoint Pens (Series 2),ഡോംസ് cuboid ബോൾപോയിന്റ് പെന്നുകൾ (series 2),Household & Stationery,pcs,Fixed,10.00,12.00,Pack of 5 (₹50),Pack of 5: ₹50 | 1 Pen: ₹10,https://aadutygzgrbexxuznqlr.supabase.co/storage/v1/object/public/item-images/doms/pens_writing_instruments_doms_cuboid_ballpoint_pens.webp
1369,ANG-STA-0307,DOMS Everyday Ballpoint Pens,ഡോംസ് everyday ബോൾപോയിന്റ് പെന്നുകൾ,Household & Stationery,pcs,Fixed,10.00,12.00,Pack of 5 (₹50),Pack of 5: ₹50 | 1 Pen: ₹10,https://aadutygzgrbexxuznqlr.supabase.co/storage/v1/object/public/item-images/doms/pens_writing_instruments_doms_everyday_ballpoint_pens_2.webp
1370,ANG-STA-0308,DOMS Everyday Ballpoint Pens (Series 2),ഡോംസ് everyday ബോൾപോയിന്റ് പെന്നുകൾ (series 2),Household & Stationery,pcs,Fixed,10.00,12.00,Pack of 5 (₹50),Pack of 5: ₹50 | 1 Pen: ₹10,https://aadutygzgrbexxuznqlr.supabase.co/storage/v1/object/public/item-images/doms/pens_writing_instruments_doms_everyday_ballpoint_pens.webp
1371,ANG-STA-0309,DOMS F9 Liner Pens (10 Assorted Shades),ഡോംസ് f9 liner pens (10 assorted shades),Household & Stationery,pcs,Fixed,10.00,12.00,Pack of 5 (₹50),Pack of 5: ₹50 | 1 Pen: ₹10,https://aadutygzgrbexxuznqlr.supabase.co/storage/v1/object/public/item-images/doms/pens_writing_instruments_doms_f9_liner_pens_10_assorted_shades.webp
1372,ANG-STA-0310,DOMS Hexel Ballpoint Pens,ഡോംസ് hexel ബോൾപോയിന്റ് പെന്നുകൾ,Household & Stationery,pcs,Fixed,10.00,12.00,Pack of 5 (₹50),Pack of 5: ₹50 | 1 Pen: ₹10,https://aadutygzgrbexxuznqlr.supabase.co/storage/v1/object/public/item-images/doms/pens_writing_instruments_doms_hexel_ballpoint_pens_2.webp
1373,ANG-STA-0311,DOMS Hexel Ballpoint Pens (Series 2),ഡോംസ് hexel ബോൾപോയിന്റ് പെന്നുകൾ (series 2),Household & Stationery,pcs,Fixed,10.00,12.00,Pack of 5 (₹50),Pack of 5: ₹50 | 1 Pen: ₹10,https://aadutygzgrbexxuznqlr.supabase.co/storage/v1/object/public/item-images/doms/pens_writing_instruments_doms_hexel_ballpoint_pens.webp
1374,ANG-STA-0312,DOMS Inxglo,ഡോംസ് inxglo,Household & Stationery,pcs,Fixed,10.00,12.00,Pack of 5 (₹50),Pack of 5: ₹50 | 1 Pen: ₹10,https://aadutygzgrbexxuznqlr.supabase.co/storage/v1/object/public/item-images/doms/pens_writing_instruments_doms_inxglo.png
1375,ANG-STA-0313,DOMS Inxify Ballpoint Pens,ഡോംസ് inxify ബോൾപോയിന്റ് പെന്നുകൾ,Household & Stationery,pcs,Fixed,10.00,12.00,Pack of 5 (₹50),Pack of 5: ₹50 | 1 Pen: ₹10,https://aadutygzgrbexxuznqlr.supabase.co/storage/v1/object/public/item-images/doms/pens_writing_instruments_doms_inxify_ballpoint_pens_2.webp
1376,ANG-STA-0314,DOMS INXIFY BALLPOINT PENS,ഡോംസ് inxify ബോൾപോയിന്റ് പെന്നുകൾ,Household & Stationery,pcs,Fixed,10.00,12.00,Pack of 5 (₹50),Pack of 5: ₹50 | 1 Pen: ₹10,https://aadutygzgrbexxuznqlr.supabase.co/storage/v1/object/public/item-images/doms/pens_writing_instruments_doms_inxify_ballpoint_pens_3.webp
1377,ANG-STA-0315,DOMS Inxify Ballpoint Pens (Series 2),ഡോംസ് inxify ബോൾപോയിന്റ് പെന്നുകൾ (series 2),Household & Stationery,pcs,Fixed,10.00,12.00,Pack of 5 (₹50),Pack of 5: ₹50 | 1 Pen: ₹10,https://aadutygzgrbexxuznqlr.supabase.co/storage/v1/object/public/item-images/doms/pens_writing_instruments_doms_inxify_ballpoint_pens.webp
1378,ANG-STA-0316,DOMS Inxify Softy Ballpoint Pens,ഡോംസ് inxify softy ബോൾപോയിന്റ് പെന്നുകൾ,Household & Stationery,pcs,Fixed,10.00,12.00,Pack of 5 (₹50),Pack of 5: ₹50 | 1 Pen: ₹10,https://aadutygzgrbexxuznqlr.supabase.co/storage/v1/object/public/item-images/doms/pens_writing_instruments_doms_inxify_softy_ballpoint_pens_3.webp
1379,ANG-STA-0317,DOMS Inxify Softy Ballpoint Pens (Series 2),ഡോംസ് inxify softy ബോൾപോയിന്റ് പെന്നുകൾ (series 2),Household & Stationery,pcs,Fixed,10.00,12.00,Pack of 5 (₹50),Pack of 5: ₹50 | 1 Pen: ₹10,https://aadutygzgrbexxuznqlr.supabase.co/storage/v1/object/public/item-images/doms/pens_writing_instruments_doms_inxify_softy_ballpoint_pens.webp
1380,ANG-STA-0318,DOMS Inxify Softy Ballpoint Pens (Edition 2),ഡോംസ് inxify softy ബോൾപോയിന്റ് പെന്നുകൾ (edition 2),Household & Stationery,pcs,Fixed,10.00,12.00,Pack of 5 (₹50),Pack of 5: ₹50 | 1 Pen: ₹10,https://aadutygzgrbexxuznqlr.supabase.co/storage/v1/object/public/item-images/doms/pens_writing_instruments_doms_inxify_softy_ballpoint_pens_2.webp
1381,ANG-STA-0319,DOMS Inxjet Roller Pens (10 Pc Pack),ഡോംസ് ഇൻക്സ്ജെറ്റ് റോളർ പെന്നുകൾ (10 pc pack),Household & Stationery,pcs,Fixed,25.00,29.00,Pack of 5 (₹120),Pack of 5: ₹120 | 1 Pen: ₹25,https://aadutygzgrbexxuznqlr.supabase.co/storage/v1/object/public/item-images/doms/pens_writing_instruments_doms_inxjet_roller_pens_10_pc_pack_2.webp
1382,ANG-STA-0320,DOMS Inxjet Roller Pens (10 Pc Pack) (Pack),ഡോംസ് ഇൻക്സ്ജെറ്റ് റോളർ പെന്നുകൾ (10 pc pack) (pack),Household & Stationery,pcs,Fixed,25.00,29.00,Pack of 5 (₹120),Pack of 5: ₹120 | 1 Pen: ₹25,https://aadutygzgrbexxuznqlr.supabase.co/storage/v1/object/public/item-images/doms/pens_writing_instruments_doms_inxjet_roller_pens_10_pc_pack.webp
1383,ANG-STA-0321,DOMS Inxo Classic,ഡോംസ് inxo classic,Household & Stationery,pcs,Fixed,10.00,12.00,Pack of 5 (₹50),Pack of 5: ₹50 | 1 Pen: ₹10,https://aadutygzgrbexxuznqlr.supabase.co/storage/v1/object/public/item-images/doms/pens_writing_instruments_doms_inxo_classic_2.jpeg
1384,ANG-STA-0322,DOMS Inxo Classic (Series 2),ഡോംസ് inxo classic (series 2),Household & Stationery,pcs,Fixed,10.00,12.00,Pack of 5 (₹50),Pack of 5: ₹50 | 1 Pen: ₹10,https://aadutygzgrbexxuznqlr.supabase.co/storage/v1/object/public/item-images/doms/pens_writing_instruments_doms_inxo_classic.webp
1385,ANG-STA-0323,DOMS Inxon,ഡോംസ് inxon,Household & Stationery,pcs,Fixed,10.00,12.00,Pack of 5 (₹50),Pack of 5: ₹50 | 1 Pen: ₹10,https://aadutygzgrbexxuznqlr.supabase.co/storage/v1/object/public/item-images/doms/pens_writing_instruments_doms_inxon.jpg
1386,ANG-STA-0324,DOMS Inxon Ballpoint Pens,ഡോംസ് inxon ബോൾപോയിന്റ് പെന്നുകൾ,Household & Stationery,pcs,Fixed,10.00,12.00,Pack of 5 (₹50),Pack of 5: ₹50 | 1 Pen: ₹10,https://aadutygzgrbexxuznqlr.supabase.co/storage/v1/object/public/item-images/doms/pens_writing_instruments_doms_inxon_ballpoint_pens_10_pc_pack.webp
1387,ANG-STA-0325,DOMS Inxtra Ballpoint Pens,ഡോംസ് inxtra ബോൾപോയിന്റ് പെന്നുകൾ,Household & Stationery,pcs,Fixed,10.00,12.00,Pack of 5 (₹50),Pack of 5: ₹50 | 1 Pen: ₹10,https://aadutygzgrbexxuznqlr.supabase.co/storage/v1/object/public/item-images/doms/pens_writing_instruments_doms_inxtra_ballpoint_pens.webp
1388,ANG-STA-0326,DOMS Inxtra Ballpoint Pens (Pack),ഡോംസ് inxtra ബോൾപോയിന്റ് പെന്നുകൾ (pack),Household & Stationery,pcs,Fixed,10.00,12.00,Pack of 5 (₹50),Pack of 5: ₹50 | 1 Pen: ₹10,https://aadutygzgrbexxuznqlr.supabase.co/storage/v1/object/public/item-images/doms/pens_writing_instruments_doms_inxon_ballpoint_pens_10_pc_pack_copy.webp
1389,ANG-STA-0327,DOMS INXTRA Fine,ഡോംസ് inxtra fine,Household & Stationery,pcs,Fixed,10.00,12.00,Pack of 5 (₹50),Pack of 5: ₹50 | 1 Pen: ₹10,https://aadutygzgrbexxuznqlr.supabase.co/storage/v1/object/public/item-images/doms/pens_writing_instruments_doms_inxtra_fine.png
1390,ANG-STA-0328,DOMS Kika R8 Ballpoint Pens,ഡോംസ് kika r8 ബോൾപോയിന്റ് പെന്നുകൾ,Household & Stationery,pcs,Fixed,10.00,12.00,Pack of 5 (₹50),Pack of 5: ₹50 | 1 Pen: ₹10,https://aadutygzgrbexxuznqlr.supabase.co/storage/v1/object/public/item-images/doms/pens_writing_instruments_doms_kika_r8_ballpoint_pens.webp
1391,ANG-STA-0329,DOMS PROXIMA BALLPOINT PEN,ഡോംസ് proxima ബോൾപോയിന്റ് പേന,Household & Stationery,pcs,Fixed,10.00,12.00,Pack of 5 (₹50),Pack of 5: ₹50 | 1 Pen: ₹10,https://aadutygzgrbexxuznqlr.supabase.co/storage/v1/object/public/item-images/doms/pens_writing_instruments_doms_proxima_ballpoint_pen.webp
1392,ANG-STA-0330,DOMS Proxima Ballpoint Pens,ഡോംസ് proxima ബോൾപോയിന്റ് പെന്നുകൾ,Household & Stationery,pcs,Fixed,10.00,12.00,Pack of 5 (₹50),Pack of 5: ₹50 | 1 Pen: ₹10,https://aadutygzgrbexxuznqlr.supabase.co/storage/v1/object/public/item-images/doms/pens_writing_instruments_doms_proxima_ballpoint_pens_2.webp
1393,ANG-STA-0331,DOMS Proxima Ballpoint Pens (Series 2),ഡോംസ് proxima ബോൾപോയിന്റ് പെന്നുകൾ (series 2),Household & Stationery,pcs,Fixed,10.00,12.00,Pack of 5 (₹50),Pack of 5: ₹50 | 1 Pen: ₹10,https://aadutygzgrbexxuznqlr.supabase.co/storage/v1/object/public/item-images/doms/pens_writing_instruments_doms_proxima_ballpoint_pens.webp
1394,ANG-STA-0332,DOMS Proxima Pens,ഡോംസ് proxima pens,Household & Stationery,pcs,Fixed,10.00,12.00,Pack of 5 (₹50),Pack of 5: ₹50 | 1 Pen: ₹10,https://aadutygzgrbexxuznqlr.supabase.co/storage/v1/object/public/item-images/doms/pens_writing_instruments_doms_ballpoint_pens_3.webp
1395,ANG-STA-0333,DOMS Inxglo (Edition 2),ഡോംസ് inxglo (edition 2),Household & Stationery,pcs,Fixed,10.00,12.00,Pack of 5 (₹50),Pack of 5: ₹50 | 1 Pen: ₹10,https://aadutygzgrbexxuznqlr.supabase.co/storage/v1/object/public/item-images/doms/pens_writing_instruments_inxglo_2.png
1396,ANG-STA-0334,DOMS Inxglo (Series 3),ഡോംസ് inxglo (series 3),Household & Stationery,pcs,Fixed,10.00,12.00,Pack of 5 (₹50),Pack of 5: ₹50 | 1 Pen: ₹10,https://aadutygzgrbexxuznqlr.supabase.co/storage/v1/object/public/item-images/doms/pens_writing_instruments_inxglo.webp
1397,ANG-STA-0335,DOMS INXIFY Gel,ഡോംസ് inxify gel,Household & Stationery,pcs,Fixed,15.00,18.00,Pack of 5 (₹70),Pack of 5: ₹70 | 1 Pen: ₹15,https://aadutygzgrbexxuznqlr.supabase.co/storage/v1/object/public/item-images/doms/pens_writing_instruments_inxify_gel.png
1398,ANG-STA-0336,DOMS Inxify gel - 5N Gel Pens,ഡോംസ് inxify gel - 5n gel pens,Household & Stationery,pcs,Fixed,15.00,18.00,Pack of 5 (₹70),Pack of 5: ₹70 | 1 Pen: ₹15,https://aadutygzgrbexxuznqlr.supabase.co/storage/v1/object/public/item-images/doms/pens_writing_instruments_inxify_gel_5n_gel_pens.webp
1399,ANG-STA-0337,DOMS Inxify Plus,ഡോംസ് inxify plus,Household & Stationery,pcs,Fixed,10.00,12.00,Pack of 5 (₹50),Pack of 5: ₹50 | 1 Pen: ₹10,https://aadutygzgrbexxuznqlr.supabase.co/storage/v1/object/public/item-images/doms/pens_writing_instruments_inxify_plus_2.webp
1400,ANG-STA-0338,DOMS Inxify Plus (Series 2),ഡോംസ് inxify plus (series 2),Household & Stationery,pcs,Fixed,10.00,12.00,Pack of 5 (₹50),Pack of 5: ₹50 | 1 Pen: ₹10,https://aadutygzgrbexxuznqlr.supabase.co/storage/v1/object/public/item-images/doms/pens_writing_instruments_inxify_plus.webp
1401,ANG-STA-0339,DOMS Inxjet Free ink roller pen,ഡോംസ് inxjet free ink റോളർ പേന,Household & Stationery,pcs,Fixed,25.00,29.00,Pack of 5 (₹120),Pack of 5: ₹120 | 1 Pen: ₹25,https://aadutygzgrbexxuznqlr.supabase.co/storage/v1/object/public/item-images/doms/pens_writing_instruments_inxjet_free_ink_roller_pen.webp
1402,ANG-STA-0340,DOMS Inxklick 5 pcs pouch,ഡോംസ് inxklick 5 pcs pouch,Household & Stationery,pcs,Fixed,10.00,12.00,Pack of 5 (₹50),Pack of 5: ₹50 | 1 Pen: ₹10,https://aadutygzgrbexxuznqlr.supabase.co/storage/v1/object/public/item-images/doms/pens_writing_instruments_inxklick_5_pcs_pouch.webp
1403,ANG-STA-0341,DOMS Inxpop single color pen,ഡോംസ് inxpop single color pen,Household & Stationery,pcs,Fixed,10.00,12.00,Pack of 5 (₹50),Pack of 5: ₹50 | 1 Pen: ₹10,https://aadutygzgrbexxuznqlr.supabase.co/storage/v1/object/public/item-images/doms/pens_writing_instruments_inxpop_single_color_pen.webp
1404,ANG-STA-0342,DOMS Inxtra Candy,ഡോംസ് inxtra candy,Household & Stationery,pcs,Fixed,10.00,12.00,Pack of 5 (₹50),Pack of 5: ₹50 | 1 Pen: ₹10,https://aadutygzgrbexxuznqlr.supabase.co/storage/v1/object/public/item-images/doms/pens_writing_instruments_inxtra_candy_2.webp
1405,ANG-STA-0343,DOMS Inxtra Candy (Series 2),ഡോംസ് inxtra candy (series 2),Household & Stationery,pcs,Fixed,10.00,12.00,Pack of 5 (₹50),Pack of 5: ₹50 | 1 Pen: ₹10,https://aadutygzgrbexxuznqlr.supabase.co/storage/v1/object/public/item-images/doms/pens_writing_instruments_inxtra_candy.webp
1406,ANG-STA-0344,DOMS INXTRA Glassy,ഡോംസ് inxtra glassy,Household & Stationery,pcs,Fixed,10.00,12.00,Pack of 5 (₹50),Pack of 5: ₹50 | 1 Pen: ₹10,https://aadutygzgrbexxuznqlr.supabase.co/storage/v1/object/public/item-images/doms/pens_writing_instruments_inxtra_glassy_2.png
1407,ANG-STA-0345,DOMS Inxtra Glassy,ഡോംസ് inxtra glassy,Household & Stationery,pcs,Fixed,10.00,12.00,Pack of 5 (₹50),Pack of 5: ₹50 | 1 Pen: ₹10,https://aadutygzgrbexxuznqlr.supabase.co/storage/v1/object/public/item-images/doms/pens_writing_instruments_inxtra_glassy.webp
1408,ANG-STA-0346,DOMS Inxtron,ഡോംസ് inxtron,Household & Stationery,pcs,Fixed,10.00,12.00,Pack of 5 (₹50),Pack of 5: ₹50 | 1 Pen: ₹10,https://aadutygzgrbexxuznqlr.supabase.co/storage/v1/object/public/item-images/doms/pens_writing_instruments_inxtron.webp
1409,ANG-STA-0347,DOMS 2 Matic,ഡോംസ് 2 matic,Household & Stationery,pcs,Fixed,6.00,7.00,Box of 10 (₹60),Box of 10: ₹60 | Pack of 5: ₹31 | 1 Pc: ₹6,https://aadutygzgrbexxuznqlr.supabase.co/storage/v1/object/public/item-images/doms/pencils_accessories_doms_2_matic.webp
1410,ANG-STA-0348,DOMS 3HX Pencil Sharpener,ഡോംസ് 3hx പെൻസിൽ ഷാർപ്നർ,Household & Stationery,pcs,Fixed,5.00,6.00,Pack of 5 (₹25),Pack of 5: ₹25 | Box of 20: ₹95 | 1 Pc: ₹5,https://aadutygzgrbexxuznqlr.supabase.co/storage/v1/object/public/item-images/doms/pencils_accessories_doms_3hx_pencil_sharpener.webp
1411,ANG-STA-0349,DOMS A1 Pencil,ഡോംസ് a1 പെൻസിൽ,Household & Stationery,pcs,Fixed,6.00,7.00,Box of 10 (₹60),Box of 10: ₹60 | Pack of 5: ₹31 | 1 Pc: ₹6,https://aadutygzgrbexxuznqlr.supabase.co/storage/v1/object/public/item-images/doms/pencils_accessories_doms_a1_pencil.webp
1412,ANG-STA-0350,DOMS COLOUR ERASERS,ഡോംസ് colour ഇറേസറുകൾ,Household & Stationery,pcs,Fixed,5.00,6.00,Pack of 5 (₹25),Pack of 5: ₹25 | Box of 20: ₹95 | 1 Pc: ₹5,https://aadutygzgrbexxuznqlr.supabase.co/storage/v1/object/public/item-images/doms/pencils_accessories_doms_colour_erasers.webp
1413,ANG-STA-0351,DOMS CUBO ERASERS,ഡോംസ് cubo ഇറേസറുകൾ,Household & Stationery,pcs,Fixed,5.00,6.00,Pack of 5 (₹25),Pack of 5: ₹25 | Box of 20: ₹95 | 1 Pc: ₹5,https://aadutygzgrbexxuznqlr.supabase.co/storage/v1/object/public/item-images/doms/pencils_accessories_doms_cubo_erasers.webp
1414,ANG-STA-0352,DOMS Drawing Pencil,ഡോംസ് drawing പെൻസിൽ,Household & Stationery,pcs,Fixed,6.00,7.00,Box of 10 (₹60),Box of 10: ₹60 | Pack of 5: ₹31 | 1 Pc: ₹6,https://aadutygzgrbexxuznqlr.supabase.co/storage/v1/object/public/item-images/doms/pencils_accessories_doms_drawing_pencil_2.webp
1415,ANG-STA-0353,DOMS Dust Collector,ഡോംസ് dust collector,Household & Stationery,pcs,Fixed,6.00,7.00,Box of 10 (₹60),Box of 10: ₹60 | Pack of 5: ₹31 | 1 Pc: ₹6,https://aadutygzgrbexxuznqlr.supabase.co/storage/v1/object/public/item-images/doms/pencils_accessories_doms_dust_collector.webp
1416,ANG-STA-0354,DOMS Dust Free Erasers,ഡോംസ് dust free ഇറേസറുകൾ,Household & Stationery,pcs,Fixed,5.00,6.00,Pack of 5 (₹25),Pack of 5: ₹25 | Box of 20: ₹95 | 1 Pc: ₹5,https://aadutygzgrbexxuznqlr.supabase.co/storage/v1/object/public/item-images/doms/pencils_accessories_doms_dust_free_erasers.webp
1417,ANG-STA-0355,DOMS E-RACER ERASER,ഡോംസ് e-racer ഇറേസർ,Household & Stationery,pcs,Fixed,5.00,6.00,Pack of 5 (₹25),Pack of 5: ₹25 | Box of 20: ₹95 | 1 Pc: ₹5,https://aadutygzgrbexxuznqlr.supabase.co/storage/v1/object/public/item-images/doms/pencils_accessories_doms_e_racer_eraser.webp
1418,ANG-STA-0356,DOMS ERASER,ഡോംസ് ഇറേസർ,Household & Stationery,pcs,Fixed,5.00,6.00,Pack of 5 (₹25),Pack of 5: ₹25 | Box of 20: ₹95 | 1 Pc: ₹5,https://aadutygzgrbexxuznqlr.supabase.co/storage/v1/object/public/item-images/doms/pencils_accessories_doms_eraser.webp
1419,ANG-STA-0357,DOMS ERASER (Edition 2),ഡോംസ് ഇറേസർ (edition 2),Household & Stationery,pcs,Fixed,5.00,6.00,Pack of 5 (₹25),Pack of 5: ₹25 | Box of 20: ₹95 | 1 Pc: ₹5,https://aadutygzgrbexxuznqlr.supabase.co/storage/v1/object/public/item-images/doms/pencils_accessories_doms_eraser_2.webp
1420,ANG-STA-0358,DOMS ERASER (Edition 3),ഡോംസ് ഇറേസർ (edition 3),Household & Stationery,pcs,Fixed,5.00,6.00,Pack of 5 (₹25),Pack of 5: ₹25 | Box of 20: ₹95 | 1 Pc: ₹5,https://aadutygzgrbexxuznqlr.supabase.co/storage/v1/object/public/item-images/doms/pencils_accessories_doms_eraser_3.webp
1421,ANG-STA-0359,DOMS ERASER (Edition 4),ഡോംസ് ഇറേസർ (edition 4),Household & Stationery,pcs,Fixed,5.00,6.00,Pack of 5 (₹25),Pack of 5: ₹25 | Box of 20: ₹95 | 1 Pc: ₹5,https://aadutygzgrbexxuznqlr.supabase.co/storage/v1/object/public/item-images/doms/pencils_accessories_doms_eraser_4.webp
1422,ANG-STA-0360,DOMS ERASER (Edition 5),ഡോംസ് ഇറേസർ (edition 5),Household & Stationery,pcs,Fixed,5.00,6.00,Pack of 5 (₹25),Pack of 5: ₹25 | Box of 20: ₹95 | 1 Pc: ₹5,https://aadutygzgrbexxuznqlr.supabase.co/storage/v1/object/public/item-images/doms/pencils_accessories_doms_eraser_5.webp
1423,ANG-STA-0361,DOMS ERASERS,ഡോംസ് ഇറേസറുകൾ,Household & Stationery,pcs,Fixed,5.00,6.00,Pack of 5 (₹25),Pack of 5: ₹25 | Box of 20: ₹95 | 1 Pc: ₹5,https://aadutygzgrbexxuznqlr.supabase.co/storage/v1/object/public/item-images/doms/pencils_accessories_doms_erasers.webp
1424,ANG-STA-0362,DOMS ERASMA ERASERS,ഡോംസ് erasma ഇറേസറുകൾ,Household & Stationery,pcs,Fixed,5.00,6.00,Pack of 5 (₹25),Pack of 5: ₹25 | Box of 20: ₹95 | 1 Pc: ₹5,https://aadutygzgrbexxuznqlr.supabase.co/storage/v1/object/public/item-images/doms/pencils_accessories_doms_erasma_erasers.webp
1425,ANG-STA-0363,DOMS Erasner,ഡോംസ് erasner,Household & Stationery,pcs,Fixed,6.00,7.00,Box of 10 (₹60),Box of 10: ₹60 | Pack of 5: ₹31 | 1 Pc: ₹6,https://aadutygzgrbexxuznqlr.supabase.co/storage/v1/object/public/item-images/doms/pencils_accessories_doms_erasner.webp
1426,ANG-STA-0364,DOMS EXTRA LONG ERASER,ഡോംസ് extra long ഇറേസർ,Household & Stationery,pcs,Fixed,5.00,6.00,Pack of 5 (₹25),Pack of 5: ₹25 | Box of 20: ₹95 | 1 Pc: ₹5,https://aadutygzgrbexxuznqlr.supabase.co/storage/v1/object/public/item-images/doms/pencils_accessories_doms_fragrance_erasers.webp
1427,ANG-STA-0365,DOMS Extra Long Pencil Sharpener,ഡോംസ് extra long പെൻസിൽ ഷാർപ്നർ,Household & Stationery,pcs,Fixed,5.00,6.00,Pack of 5 (₹25),Pack of 5: ₹25 | Box of 20: ₹95 | 1 Pc: ₹5,https://aadutygzgrbexxuznqlr.supabase.co/storage/v1/object/public/item-images/doms/pencils_accessories_doms_extra_long_pencil_sharpener.webp
1428,ANG-STA-0366,DOMS FRAGRANCE ERASERS,ഡോംസ് fragrance ഇറേസറുകൾ,Household & Stationery,pcs,Fixed,5.00,6.00,Pack of 5 (₹25),Pack of 5: ₹25 | Box of 20: ₹95 | 1 Pc: ₹5,https://aadutygzgrbexxuznqlr.supabase.co/storage/v1/object/public/item-images/doms/pencils_accessories_doms_fragrance_erasers_2.webp
1429,ANG-STA-0367,DOMS Fusion Pencil,ഡോംസ് ഫ്യൂഷൻ പെൻസിൽ,Household & Stationery,pcs,Fixed,7.00,9.00,Box of 10 (₹70),Box of 10: ₹70 | Pack of 5: ₹36 | 1 Pc: ₹7,https://aadutygzgrbexxuznqlr.supabase.co/storage/v1/object/public/item-images/doms/pencils_accessories_doms_fusion_pencil.webp
1430,ANG-STA-0368,DOMS Groove Pencil,ഡോംസ് ഗ്രൂവ് പെൻസിൽ,Household & Stationery,pcs,Fixed,7.00,9.00,Box of 10 (₹70),Box of 10: ₹70 | Pack of 5: ₹36 | 1 Pc: ₹7,https://aadutygzgrbexxuznqlr.supabase.co/storage/v1/object/public/item-images/doms/pencils_accessories_doms_groove_pencil.webp
1431,ANG-STA-0369,DOMS Hello Pencil,ഡോംസ് hello പെൻസിൽ,Household & Stationery,pcs,Fixed,6.00,7.00,Box of 10 (₹60),Box of 10: ₹60 | Pack of 5: ₹31 | 1 Pc: ₹6,https://aadutygzgrbexxuznqlr.supabase.co/storage/v1/object/public/item-images/doms/pencils_accessories_doms_hello_pencil.webp
1432,ANG-STA-0370,DOMS HEX ERASERS,ഡോംസ് hex ഇറേസറുകൾ,Household & Stationery,pcs,Fixed,5.00,6.00,Pack of 5 (₹25),Pack of 5: ₹25 | Box of 20: ₹95 | 1 Pc: ₹5,https://aadutygzgrbexxuznqlr.supabase.co/storage/v1/object/public/item-images/doms/pencils_accessories_doms_hex_erasers.webp
1433,ANG-STA-0371,DOMS Karbon Pencil,ഡോംസ് karbon പെൻസിൽ,Household & Stationery,pcs,Fixed,6.00,7.00,Box of 10 (₹60),Box of 10: ₹60 | Pack of 5: ₹31 | 1 Pc: ₹6,https://aadutygzgrbexxuznqlr.supabase.co/storage/v1/object/public/item-images/doms/pencils_accessories_doms_karbon_pencil.webp
1434,ANG-STA-0372,DOMS LONG COLOURED ERASERS,ഡോംസ് long coloured ഇറേസറുകൾ,Household & Stationery,pcs,Fixed,5.00,6.00,Pack of 5 (₹25),Pack of 5: ₹25 | Box of 20: ₹95 | 1 Pc: ₹5,https://aadutygzgrbexxuznqlr.supabase.co/storage/v1/object/public/item-images/doms/pencils_accessories_doms_long_coloured_erasers.webp
1435,ANG-STA-0373,DOMS MECHANICAL Pencil,ഡോംസ് mechanical പെൻസിൽ,Household & Stationery,pcs,Fixed,6.00,7.00,Box of 10 (₹60),Box of 10: ₹60 | Pack of 5: ₹31 | 1 Pc: ₹6,https://aadutygzgrbexxuznqlr.supabase.co/storage/v1/object/public/item-images/doms/pencils_accessories_doms_mechanical_pencil.webp
1436,ANG-STA-0374,DOMS Neon Erasner,ഡോംസ് neon erasner,Household & Stationery,pcs,Fixed,7.00,9.00,Box of 10 (₹70),Box of 10: ₹70 | Pack of 5: ₹36 | 1 Pc: ₹7,https://aadutygzgrbexxuznqlr.supabase.co/storage/v1/object/public/item-images/doms/pencils_accessories_doms_neon_erasner.webp
1437,ANG-STA-0375,DOMS Neon Pencil,ഡോംസ് നിയോൺ പെൻസിൽ,Household & Stationery,pcs,Fixed,7.00,9.00,Box of 10 (₹70),Box of 10: ₹70 | Pack of 5: ₹36 | 1 Pc: ₹7,https://aadutygzgrbexxuznqlr.supabase.co/storage/v1/object/public/item-images/doms/pencils_accessories_doms_neon_pencil.webp
1438,ANG-STA-0376,DOMS Neostar Pencil,ഡോംസ് neostar പെൻസിൽ,Household & Stationery,pcs,Fixed,6.00,7.00,Box of 10 (₹60),Box of 10: ₹60 | Pack of 5: ₹31 | 1 Pc: ₹6,https://aadutygzgrbexxuznqlr.supabase.co/storage/v1/object/public/item-images/doms/pencils_accessories_doms_neostar_pencil.webp
1439,ANG-STA-0377,DOMS Palladium Pencil,ഡോംസ് palladium പെൻസിൽ,Household & Stationery,pcs,Fixed,6.00,7.00,Box of 10 (₹60),Box of 10: ₹60 | Pack of 5: ₹31 | 1 Pc: ₹6,https://aadutygzgrbexxuznqlr.supabase.co/storage/v1/object/public/item-images/doms/pencils_accessories_doms_palladium_pencil.webp
1440,ANG-STA-0378,DOMS Pencil Sharpener,ഡോംസ് പെൻസിൽ ഷാർപ്നർ,Household & Stationery,pcs,Fixed,5.00,6.00,Pack of 5 (₹25),Pack of 5: ₹25 | Box of 20: ₹95 | 1 Pc: ₹5,https://aadutygzgrbexxuznqlr.supabase.co/storage/v1/object/public/item-images/doms/pencils_accessories_doms_pencil_sharpener.webp
1441,ANG-STA-0379,DOMS PEPCILS ERASER,ഡോംസ് pepcils ഇറേസർ,Household & Stationery,pcs,Fixed,5.00,6.00,Pack of 5 (₹25),Pack of 5: ₹25 | Box of 20: ₹95 | 1 Pc: ₹5,https://aadutygzgrbexxuznqlr.supabase.co/storage/v1/object/public/item-images/doms/pencils_accessories_doms_pepcils_eraser.webp
1442,ANG-STA-0380,DOMS Rocket Point Erasner,ഡോംസ് rocket point erasner,Household & Stationery,pcs,Fixed,6.00,7.00,Box of 10 (₹60),Box of 10: ₹60 | Pack of 5: ₹31 | 1 Pc: ₹6,https://aadutygzgrbexxuznqlr.supabase.co/storage/v1/object/public/item-images/doms/pencils_accessories_doms_rocket_point_erasner.webp
1443,ANG-STA-0381,DOMS Soccer Shot,ഡോംസ് soccer shot,Household & Stationery,pcs,Fixed,6.00,7.00,Box of 10 (₹60),Box of 10: ₹60 | Pack of 5: ₹31 | 1 Pc: ₹6,https://aadutygzgrbexxuznqlr.supabase.co/storage/v1/object/public/item-images/doms/pencils_accessories_doms_soccer_shot.webp
1444,ANG-STA-0382,DOMS SUPER SIX PENCILS,ഡോംസ് super six പെൻസിലുകൾ,Household & Stationery,pcs,Fixed,6.00,7.00,Box of 10 (₹60),Box of 10: ₹60 | Pack of 5: ₹31 | 1 Pc: ₹6,https://aadutygzgrbexxuznqlr.supabase.co/storage/v1/object/public/item-images/doms/pencils_accessories_doms_super_six_pencils.webp
1445,ANG-STA-0383,DOMS SUPERIO Pencil,ഡോംസ് സുപ്പീരിയോ പെൻസിൽ,Household & Stationery,pcs,Fixed,6.00,7.00,Box of 10 (₹60),Box of 10: ₹60 | Pack of 5: ₹31 | 1 Pc: ₹6,https://aadutygzgrbexxuznqlr.supabase.co/storage/v1/object/public/item-images/doms/pencils_accessories_doms_superio_pencil.webp
1446,ANG-STA-0384,DOMS TRIANGLE FRAGRANCE ERASERS,ഡോംസ് triangle fragrance ഇറേസറുകൾ,Household & Stationery,pcs,Fixed,5.00,6.00,Pack of 5 (₹25),Pack of 5: ₹25 | Box of 20: ₹95 | 1 Pc: ₹5,https://aadutygzgrbexxuznqlr.supabase.co/storage/v1/object/public/item-images/doms/pencils_accessories_doms_triangle_fragrance_erasers.webp
1447,ANG-STA-0385,DOMS Two Dooz Pencil Sharpener,ഡോംസ് two dooz പെൻസിൽ ഷാർപ്നർ,Household & Stationery,pcs,Fixed,5.00,6.00,Pack of 5 (₹25),Pack of 5: ₹25 | Box of 20: ₹95 | 1 Pc: ₹5,https://aadutygzgrbexxuznqlr.supabase.co/storage/v1/object/public/item-images/doms/pencils_accessories_doms_soccer_shot_copy.webp
1448,ANG-STA-0386,DOMS Ultra click mechanical pencil,ഡോംസ് ultra click mechanical പെൻസിൽ,Household & Stationery,pcs,Fixed,6.00,7.00,Box of 10 (₹60),Box of 10: ₹60 | Pack of 5: ₹31 | 1 Pc: ₹6,https://aadutygzgrbexxuznqlr.supabase.co/storage/v1/object/public/item-images/doms/pencils_accessories_doms_ultra_click_mechanical_pencil.webp
1449,ANG-STA-0387,DOMS WIZDOM Pencil,ഡോംസ് wizdom പെൻസിൽ,Household & Stationery,pcs,Fixed,6.00,7.00,Box of 10 (₹60),Box of 10: ₹60 | Pack of 5: ₹31 | 1 Pc: ₹6,https://aadutygzgrbexxuznqlr.supabase.co/storage/v1/object/public/item-images/doms/pencils_accessories_doms_wizdom_pencil.webp
1450,ANG-STA-0388,DOMS X1 Pencil,ഡോംസ് x1 പെൻസിൽ,Household & Stationery,pcs,Fixed,6.00,7.00,Box of 10 (₹60),Box of 10: ₹60 | Pack of 5: ₹31 | 1 Pc: ₹6,https://aadutygzgrbexxuznqlr.supabase.co/storage/v1/object/public/item-images/doms/pencils_accessories_doms_x1_pencil.webp
1451,ANG-STA-0389,DOMS Y1 Pencil,ഡോംസ് y1 പെൻസിൽ,Household & Stationery,pcs,Fixed,6.00,7.00,Box of 10 (₹60),Box of 10: ₹60 | Pack of 5: ₹31 | 1 Pc: ₹6,https://aadutygzgrbexxuznqlr.supabase.co/storage/v1/object/public/item-images/doms/pencils_accessories_doms_y1_pencil.webp
1452,ANG-STA-0390,DOMS Zillion Pencil,ഡോംസ് zillion പെൻസിൽ,Household & Stationery,pcs,Fixed,6.00,7.00,Box of 10 (₹60),Box of 10: ₹60 | Pack of 5: ₹31 | 1 Pc: ₹6,https://aadutygzgrbexxuznqlr.supabase.co/storage/v1/object/public/item-images/doms/pencils_accessories_doms_zillion_pencil.webp
1453,ANG-STA-0391,DOMS ZIO Pencil,ഡോംസ് zio പെൻസിൽ,Household & Stationery,pcs,Fixed,6.00,7.00,Box of 10 (₹60),Box of 10: ₹60 | Pack of 5: ₹31 | 1 Pc: ₹6,https://aadutygzgrbexxuznqlr.supabase.co/storage/v1/object/public/item-images/doms/pencils_accessories_doms_zio_pencil.webp
1454,ANG-STA-0392,DOMS ZODIAC ERASERS,ഡോംസ് zodiac ഇറേസറുകൾ,Household & Stationery,pcs,Fixed,5.00,6.00,Pack of 5 (₹25),Pack of 5: ₹25 | Box of 20: ₹95 | 1 Pc: ₹5,https://aadutygzgrbexxuznqlr.supabase.co/storage/v1/object/public/item-images/doms/pencils_accessories_doms_zodiac_erasers.webp
1455,ANG-STA-0393,DOMS Zoom Pencil,ഡോംസ് zoom പെൻസിൽ,Household & Stationery,pcs,Fixed,6.00,7.00,Box of 10 (₹60),Box of 10: ₹60 | Pack of 5: ₹31 | 1 Pc: ₹6,https://aadutygzgrbexxuznqlr.supabase.co/storage/v1/object/public/item-images/doms/pencils_accessories_doms_zoom_pencil.webp
1456,ANG-STA-0394,Doms 1 Subject Spiral Notebookspace Series Single Line,ഡോംസ് 1 subject spiral notebookspace series single line,Household & Stationery,pcs,Fixed,55.00,64.00,1 Book (₹55),1 Book: ₹55 | Pack of 6 Books: ₹310,https://aadutygzgrbexxuznqlr.supabase.co/storage/v1/object/public/item-images/doms/paper_stationery_doms_1_subject_spiral_notebookspace_series_single_line.webp
1457,ANG-STA-0395,Doms 1 Subject Spiral Notebookspace Series Unruled Line,ഡോംസ് 1 subject spiral notebookspace series unruled line,Household & Stationery,pcs,Fixed,55.00,64.00,1 Book (₹55),1 Book: ₹55 | Pack of 6 Books: ₹310,https://aadutygzgrbexxuznqlr.supabase.co/storage/v1/object/public/item-images/doms/paper_stationery_doms_1_subject_spiral_notebookspace_series_single_line.webp
1458,ANG-STA-0396,Doms 3 In 1 Dl Rb Sq Notebookbrown Series 24x18cm 172 Pages,ഡോംസ് 3 in 1 dl rb sq notebookbrown series 24x18cm 172 pages,Household & Stationery,pcs,Fixed,55.00,64.00,1 Book (₹55),1 Book: ₹55 | Pack of 6 Books: ₹310,https://aadutygzgrbexxuznqlr.supabase.co/storage/v1/object/public/item-images/doms/paper_stationery_doms_3_in_1_dl_rb_sq_notebookbrown_series_24x18cm_172_pages.webp
1459,ANG-STA-0397,Doms 3 In 1 Sl Rb Sq Notebookbrown Series 24x18cm 172 Pages,ഡോംസ് 3 in 1 sl rb sq notebookbrown series 24x18cm 172 pages,Household & Stationery,pcs,Fixed,55.00,64.00,1 Book (₹55),1 Book: ₹55 | Pack of 6 Books: ₹310,https://aadutygzgrbexxuznqlr.supabase.co/storage/v1/object/public/item-images/doms/paper_stationery_doms_3_in_1_dl_rb_sq_notebookbrown_series_24x18cm_172_pages.webp
1460,ANG-STA-0398,DOMS 3 in 1 Notebook (Train Tours Series),ഡോംസ് 3 in 1 നോട്ട്ബുക്ക് (train tours series),Household & Stationery,pcs,Fixed,55.00,64.00,1 Book (₹55),1 Book: ₹55 | Pack of 6 Books: ₹310,https://aadutygzgrbexxuznqlr.supabase.co/storage/v1/object/public/item-images/doms/paper_stationery_doms_3_in_1_notebook_train_tours_series.webp
1461,ANG-STA-0399,Doms 33x21cm Single Line Notebookfamous Mountains Series,ഡോംസ് 33x21cm single line notebookfamous mountains series,Household & Stationery,pcs,Fixed,55.00,64.00,1 Book (₹55),1 Book: ₹55 | Pack of 6 Books: ₹310,https://aadutygzgrbexxuznqlr.supabase.co/storage/v1/object/public/item-images/doms/paper_stationery_doms_33x21cm_single_line_notebookfamous_mountains_series.webp
1462,ANG-STA-0400,DOMS 33x21Cm Single Line Notebook(Landmark Series),ഡോംസ് 33x21cm single line നോട്ട്ബുക്ക്(landmark series),Household & Stationery,pcs,Fixed,55.00,64.00,1 Book (₹55),1 Book: ₹55 | Pack of 6 Books: ₹310,https://aadutygzgrbexxuznqlr.supabase.co/storage/v1/object/public/item-images/doms/paper_stationery_doms_33x21cm_single_line_notebooklandmark_series.webp
1463,ANG-STA-0401,Doms 33x21cm Unruled Notebookfamous Mountains Series,ഡോംസ് 33x21cm unruled notebookfamous mountains series,Household & Stationery,pcs,Fixed,55.00,64.00,1 Book (₹55),1 Book: ₹55 | Pack of 6 Books: ₹310,https://aadutygzgrbexxuznqlr.supabase.co/storage/v1/object/public/item-images/doms/paper_stationery_doms_33x21cm_single_line_notebookfamous_mountains_series.webp
1464,ANG-STA-0402,DOMS 33x21Cm Unruled Notebook(landmarks Series),ഡോംസ് 33x21cm unruled നോട്ട്ബുക്ക്(landmarks series),Household & Stationery,pcs,Fixed,55.00,64.00,1 Book (₹55),1 Book: ₹55 | Pack of 6 Books: ₹310,https://aadutygzgrbexxuznqlr.supabase.co/storage/v1/object/public/item-images/doms/paper_stationery_doms_33x21cm_single_line_notebooklandmark_series.webp
1465,ANG-STA-0403,Doms 3in1 Fl Rb Sq Notebook Retro Cars Series,ഡോംസ് 3in1 fl rb sq നോട്ട്ബുക്ക് retro cars series,Household & Stationery,pcs,Fixed,55.00,64.00,1 Book (₹55),1 Book: ₹55 | Pack of 6 Books: ₹310,https://aadutygzgrbexxuznqlr.supabase.co/storage/v1/object/public/item-images/doms/paper_stationery_doms_3in1_fl_rb_sq_notebook_retro_cars_series.webp
1466,ANG-STA-0404,Doms 3in1 Sl Rb Sq Notebook Retro Cars Series,ഡോംസ് 3in1 sl rb sq നോട്ട്ബുക്ക് retro cars series,Household & Stationery,pcs,Fixed,55.00,64.00,1 Book (₹55),1 Book: ₹55 | Pack of 6 Books: ₹310,https://aadutygzgrbexxuznqlr.supabase.co/storage/v1/object/public/item-images/doms/paper_stationery_doms_3in1_fl_rb_sq_notebook_retro_cars_series.webp
1467,ANG-STA-0405,Doms 5 Line With Gap Notebookbrown Series 24x18cm 172 Pages,ഡോംസ് 5 line with gap notebookbrown series 24x18cm 172 pages,Household & Stationery,pcs,Fixed,55.00,64.00,1 Book (₹55),1 Book: ₹55 | Pack of 6 Books: ₹310,https://aadutygzgrbexxuznqlr.supabase.co/storage/v1/object/public/item-images/doms/paper_stationery_doms_3_in_1_dl_rb_sq_notebookbrown_series_24x18cm_172_pages.webp
1468,ANG-STA-0406,DOMS 6 Subject Spiral Notebook(Nature Series),ഡോംസ് 6 subject spiral നോട്ട്ബുക്ക്(nature series),Household & Stationery,pcs,Fixed,55.00,64.00,1 Book (₹55),1 Book: ₹55 | Pack of 6 Books: ₹310,https://aadutygzgrbexxuznqlr.supabase.co/storage/v1/object/public/item-images/doms/paper_stationery_doms_6_subject_spiral_notebooknature_series.webp
1469,ANG-STA-0407,Doms 6 Subject Spiral Notebookwild Life Animals Series,ഡോംസ് 6 subject spiral notebookwild life animals series,Household & Stationery,pcs,Fixed,55.00,64.00,1 Book (₹55),1 Book: ₹55 | Pack of 6 Books: ₹310,https://aadutygzgrbexxuznqlr.supabase.co/storage/v1/object/public/item-images/doms/paper_stationery_doms_6_subject_spiral_notebookwild_life_animals_series.webp
1470,ANG-STA-0408,Doms A4 Single Line Notebookbrown Series 29 7x 21cm 140 Pages,ഡോംസ് a4 single line notebookbrown series 29 7x 21cm 140 pages,Household & Stationery,pcs,Fixed,55.00,64.00,1 Book (₹55),1 Book: ₹55 | Pack of 6 Books: ₹310,https://aadutygzgrbexxuznqlr.supabase.co/storage/v1/object/public/item-images/doms/paper_stationery_doms_a4_single_line_notebookbrown_series_29_7x_21cm_140_pages.webp
1471,ANG-STA-0409,Doms A4 Single Line Notebookbrown Series 29 7x 21cm 172 Pages,ഡോംസ് a4 single line notebookbrown series 29 7x 21cm 172 pages,Household & Stationery,pcs,Fixed,55.00,64.00,1 Book (₹55),1 Book: ₹55 | Pack of 6 Books: ₹310,https://aadutygzgrbexxuznqlr.supabase.co/storage/v1/object/public/item-images/doms/paper_stationery_doms_a4_single_line_notebookbrown_series_29_7x_21cm_140_pages.webp
1472,ANG-STA-0410,DOMS A4 Single Line Notebook(Dream Homes Series),ഡോംസ് a4 single line നോട്ട്ബുക്ക്(dream homes series),Household & Stationery,pcs,Fixed,55.00,64.00,1 Book (₹55),1 Book: ₹55 | Pack of 6 Books: ₹310,https://aadutygzgrbexxuznqlr.supabase.co/storage/v1/object/public/item-images/doms/paper_stationery_doms_a4_single_line_notebookdream_homes_series.webp
1473,ANG-STA-0411,Doms Big Square 25mm Notebookbrown Series 24x18cm 172 Pages,ഡോംസ് big square 25mm notebookbrown series 24x18cm 172 pages,Household & Stationery,pcs,Fixed,55.00,64.00,1 Book (₹55),1 Book: ₹55 | Pack of 6 Books: ₹310,https://aadutygzgrbexxuznqlr.supabase.co/storage/v1/object/public/item-images/doms/paper_stationery_doms_3_in_1_dl_rb_sq_notebookbrown_series_24x18cm_172_pages.webp
1474,ANG-STA-0412,Doms Big Square Notebook Train Tours Series,ഡോംസ് big square നോട്ട്ബുക്ക് train tours series,Household & Stationery,pcs,Fixed,55.00,64.00,1 Book (₹55),1 Book: ₹55 | Pack of 6 Books: ₹310,https://aadutygzgrbexxuznqlr.supabase.co/storage/v1/object/public/item-images/doms/paper_stationery_doms_3_in_1_notebook_train_tours_series.webp
1475,ANG-STA-0413,Doms Board Ruled Notebook City Life Series,ഡോംസ് board ruled നോട്ട്ബുക്ക് city life series,Household & Stationery,pcs,Fixed,55.00,64.00,1 Book (₹55),1 Book: ₹55 | Pack of 6 Books: ₹310,https://aadutygzgrbexxuznqlr.supabase.co/storage/v1/object/public/item-images/doms/paper_stationery_doms_board_ruled_notebook_city_life_series.webp
1476,ANG-STA-0414,DOMS Brown Drawing Book – 27.5×34.7Cm,ഡോംസ് brown ഡ്രോയിംഗ് ബുക്ക് – 27.5×34.7cm,Household & Stationery,pcs,Fixed,45.00,52.00,1 Book (₹45),1 Book: ₹45 | Pack of 6 Books: ₹250,https://aadutygzgrbexxuznqlr.supabase.co/storage/v1/object/public/item-images/doms/paper_stationery_doms_brown_drawing_book_27_5x34_7cm.webp
1477,ANG-STA-0415,DOMS Conference Pads,ഡോംസ് conference pads,Household & Stationery,pcs,Fixed,55.00,64.00,1 Book (₹55),1 Book: ₹55 | Pack of 6 Books: ₹310,https://aadutygzgrbexxuznqlr.supabase.co/storage/v1/object/public/item-images/doms/paper_stationery_doms_conference_pads.jpeg
1478,ANG-STA-0416,Doms Double Line Notebook City Life Series,ഡോംസ് double line നോട്ട്ബുക്ക് city life series,Household & Stationery,pcs,Fixed,55.00,64.00,1 Book (₹55),1 Book: ₹55 | Pack of 6 Books: ₹310,https://aadutygzgrbexxuznqlr.supabase.co/storage/v1/object/public/item-images/doms/paper_stationery_doms_board_ruled_notebook_city_life_series.webp
1479,ANG-STA-0417,Doms Double Line Notebook Jewels Of India Series,ഡോംസ് double line നോട്ട്ബുക്ക് jewels of india series,Household & Stationery,pcs,Fixed,55.00,64.00,1 Book (₹55),1 Book: ₹55 | Pack of 6 Books: ₹310,https://aadutygzgrbexxuznqlr.supabase.co/storage/v1/object/public/item-images/doms/paper_stationery_doms_double_line_notebook_jewels_of_india_series.webp
1480,ANG-STA-0418,Doms Double Line Notebook Jewels Of India Series 2,ഡോംസ് double line നോട്ട്ബുക്ക് jewels of india series 2,Household & Stationery,pcs,Fixed,55.00,64.00,1 Book (₹55),1 Book: ₹55 | Pack of 6 Books: ₹310,https://aadutygzgrbexxuznqlr.supabase.co/storage/v1/object/public/item-images/doms/paper_stationery_doms_double_line_notebook_jewels_of_india_series.webp
1481,ANG-STA-0419,Doms Double Line Notebook Martial Arts Series,ഡോംസ് double line നോട്ട്ബുക്ക് martial arts series,Household & Stationery,pcs,Fixed,55.00,64.00,1 Book (₹55),1 Book: ₹55 | Pack of 6 Books: ₹310,https://aadutygzgrbexxuznqlr.supabase.co/storage/v1/object/public/item-images/doms/paper_stationery_doms_double_line_notebook_martial_arts_series.webp
1482,ANG-STA-0420,Doms Double Line Notebook Train Tours Series,ഡോംസ് double line നോട്ട്ബുക്ക് train tours series,Household & Stationery,pcs,Fixed,55.00,64.00,1 Book (₹55),1 Book: ₹55 | Pack of 6 Books: ₹310,https://aadutygzgrbexxuznqlr.supabase.co/storage/v1/object/public/item-images/doms/paper_stationery_doms_3_in_1_notebook_train_tours_series.webp
1483,ANG-STA-0421,Doms Double Line Notebookbrown Series 19x15 5cm 172 Pages,ഡോംസ് double line notebookbrown series 19x15 5cm 172 pages,Household & Stationery,pcs,Fixed,55.00,64.00,1 Book (₹55),1 Book: ₹55 | Pack of 6 Books: ₹310,https://aadutygzgrbexxuznqlr.supabase.co/storage/v1/object/public/item-images/doms/paper_stationery_doms_double_line_notebookbrown_series_19x15_5cm_172_pages.webp
1484,ANG-STA-0422,Doms Double Line Notebookbrown Series 19x15 5cm 76 Pages,ഡോംസ് double line notebookbrown series 19x15 5cm 76 pages,Household & Stationery,pcs,Fixed,55.00,64.00,1 Book (₹55),1 Book: ₹55 | Pack of 6 Books: ₹310,https://aadutygzgrbexxuznqlr.supabase.co/storage/v1/object/public/item-images/doms/paper_stationery_doms_double_line_notebookbrown_series_19x15_5cm_172_pages.webp
1485,ANG-STA-0423,Doms Double Line Notebookbrown Series 24x18cm 172 Pages,ഡോംസ് double line notebookbrown series 24x18cm 172 pages,Household & Stationery,pcs,Fixed,55.00,64.00,1 Book (₹55),1 Book: ₹55 | Pack of 6 Books: ₹310,https://aadutygzgrbexxuznqlr.supabase.co/storage/v1/object/public/item-images/doms/paper_stationery_doms_3_in_1_dl_rb_sq_notebookbrown_series_24x18cm_172_pages.webp
1486,ANG-STA-0424,Doms Double Line Notebookbrown Series 24x18cm 76 Pages,ഡോംസ് double line notebookbrown series 24x18cm 76 pages,Household & Stationery,pcs,Fixed,55.00,64.00,1 Book (₹55),1 Book: ₹55 | Pack of 6 Books: ₹310,https://aadutygzgrbexxuznqlr.supabase.co/storage/v1/object/public/item-images/doms/paper_stationery_doms_double_line_notebookbrown_series_24x18cm_76_pages.webp
1487,ANG-STA-0425,Doms Five Line With Gap Notebook Retro Cars Series,ഡോംസ് five line with gap നോട്ട്ബുക്ക് retro cars series,Household & Stationery,pcs,Fixed,55.00,64.00,1 Book (₹55),1 Book: ₹55 | Pack of 6 Books: ₹310,https://aadutygzgrbexxuznqlr.supabase.co/storage/v1/object/public/item-images/doms/paper_stationery_doms_3in1_fl_rb_sq_notebook_retro_cars_series.webp
1488,ANG-STA-0426,DOMS Graph Books(28 Pages),ഡോംസ് graph books(28 pages),Household & Stationery,pcs,Fixed,50.00,58.00,1 Book (₹50),1 Book: ₹50 | Pack of 6 Books: ₹280,https://aadutygzgrbexxuznqlr.supabase.co/storage/v1/object/public/item-images/doms/paper_stationery_doms_graph_books28_pages.webp
1489,ANG-STA-0427,DOMS Graph Books(56 Pages),ഡോംസ് graph books(56 pages),Household & Stationery,pcs,Fixed,50.00,58.00,1 Book (₹50),1 Book: ₹50 | Pack of 6 Books: ₹280,https://aadutygzgrbexxuznqlr.supabase.co/storage/v1/object/public/item-images/doms/paper_stationery_doms_graph_books56_pages.webp
1490,ANG-STA-0428,Doms Iq Executive 1 Subject Single Line Wiro Notebook,ഡോംസ് iq executive 1 subject single line wiro നോട്ട്ബുക്ക്,Household & Stationery,pcs,Fixed,55.00,64.00,1 Book (₹55),1 Book: ₹55 | Pack of 6 Books: ₹310,https://aadutygzgrbexxuznqlr.supabase.co/storage/v1/object/public/item-images/doms/paper_stationery_doms_iq_executive_1_subject_single_line_wiro_notebook.webp
1491,ANG-STA-0429,Doms Iq Executive 5 Subject Single Line Wiro Notebook,ഡോംസ് iq executive 5 subject single line wiro നോട്ട്ബുക്ക്,Household & Stationery,pcs,Fixed,55.00,64.00,1 Book (₹55),1 Book: ₹55 | Pack of 6 Books: ₹310,https://aadutygzgrbexxuznqlr.supabase.co/storage/v1/object/public/item-images/doms/paper_stationery_doms_iq_executive_5_subject_single_line_wiro_notebook.webp
1492,ANG-STA-0430,Doms Maths Ruled Notebook City Life Series,ഡോംസ് maths ruled നോട്ട്ബുക്ക് city life series,Household & Stationery,pcs,Fixed,55.00,64.00,1 Book (₹55),1 Book: ₹55 | Pack of 6 Books: ₹310,https://aadutygzgrbexxuznqlr.supabase.co/storage/v1/object/public/item-images/doms/paper_stationery_doms_board_ruled_notebook_city_life_series.webp
1493,ANG-STA-0431,Doms R B With Gap Notebook Jewels Of India Series,ഡോംസ് r b with gap നോട്ട്ബുക്ക് jewels of india series,Household & Stationery,pcs,Fixed,55.00,64.00,1 Book (₹55),1 Book: ₹55 | Pack of 6 Books: ₹310,https://aadutygzgrbexxuznqlr.supabase.co/storage/v1/object/public/item-images/doms/paper_stationery_doms_r_b_with_gap_notebook_jewels_of_india_series.webp
1494,ANG-STA-0432,Doms Medium Square 12 Mm Notebook Martial Arts Series,ഡോംസ് medium square 12 mm നോട്ട്ബുക്ക് martial arts series,Household & Stationery,pcs,Fixed,55.00,64.00,1 Book (₹55),1 Book: ₹55 | Pack of 6 Books: ₹310,https://aadutygzgrbexxuznqlr.supabase.co/storage/v1/object/public/item-images/doms/paper_stationery_doms_double_line_notebook_martial_arts_series.webp
1495,ANG-STA-0433,Doms Medium Square 12mm Notebook City Life Series,ഡോംസ് medium square 12mm നോട്ട്ബുക്ക് city life series,Household & Stationery,pcs,Fixed,55.00,64.00,1 Book (₹55),1 Book: ₹55 | Pack of 6 Books: ₹310,https://aadutygzgrbexxuznqlr.supabase.co/storage/v1/object/public/item-images/doms/paper_stationery_doms_board_ruled_notebook_city_life_series.webp
1496,ANG-STA-0434,Doms Medium Square 12mm Notebook Retro Cars Series,ഡോംസ് medium square 12mm നോട്ട്ബുക്ക് retro cars series,Household & Stationery,pcs,Fixed,55.00,64.00,1 Book (₹55),1 Book: ₹55 | Pack of 6 Books: ₹310,https://aadutygzgrbexxuznqlr.supabase.co/storage/v1/object/public/item-images/doms/paper_stationery_doms_3in1_fl_rb_sq_notebook_retro_cars_series.webp
1497,ANG-STA-0435,Doms Medium Square 12mm Notebookbrown Series 24x18cm 172 Pages,ഡോംസ് medium square 12mm notebookbrown series 24x18cm 172 pages,Household & Stationery,pcs,Fixed,55.00,64.00,1 Book (₹55),1 Book: ₹55 | Pack of 6 Books: ₹310,https://aadutygzgrbexxuznqlr.supabase.co/storage/v1/object/public/item-images/doms/paper_stationery_doms_3_in_1_dl_rb_sq_notebookbrown_series_24x18cm_172_pages.webp
1498,ANG-STA-0436,Doms Medium Square 12mm Notebookjewels Of India Series,ഡോംസ് medium square 12mm notebookjewels of india series,Household & Stationery,pcs,Fixed,55.00,64.00,1 Book (₹55),1 Book: ₹55 | Pack of 6 Books: ₹310,https://aadutygzgrbexxuznqlr.supabase.co/storage/v1/object/public/item-images/doms/paper_stationery_doms_double_line_notebook_jewels_of_india_series.webp
1499,ANG-STA-0437,Doms Medium Square Notebook Train Tours Series,ഡോംസ് medium square നോട്ട്ബുക്ക് train tours series,Household & Stationery,pcs,Fixed,55.00,64.00,1 Book (₹55),1 Book: ₹55 | Pack of 6 Books: ₹310,https://aadutygzgrbexxuznqlr.supabase.co/storage/v1/object/public/item-images/doms/paper_stationery_doms_3_in_1_notebook_train_tours_series.webp
1500,ANG-STA-0438,Doms Medium Square Notebookbrown Series 19x15 5cm 172 Pages,ഡോംസ് medium square notebookbrown series 19x15 5cm 172 pages,Household & Stationery,pcs,Fixed,55.00,64.00,1 Book (₹55),1 Book: ₹55 | Pack of 6 Books: ₹310,https://aadutygzgrbexxuznqlr.supabase.co/storage/v1/object/public/item-images/doms/paper_stationery_doms_double_line_notebookbrown_series_19x15_5cm_172_pages.webp
1501,ANG-STA-0439,Doms Medium Square Notebookbrown Series 19x15 5cm 76 Pages,ഡോംസ് medium square notebookbrown series 19x15 5cm 76 pages,Household & Stationery,pcs,Fixed,55.00,64.00,1 Book (₹55),1 Book: ₹55 | Pack of 6 Books: ₹310,https://aadutygzgrbexxuznqlr.supabase.co/storage/v1/object/public/item-images/doms/paper_stationery_doms_double_line_notebookbrown_series_19x15_5cm_172_pages.webp
1502,ANG-STA-0440,Doms Medium Square Notebookbrown Series 24x18cm 76 Pages,ഡോംസ് medium square notebookbrown series 24x18cm 76 pages,Household & Stationery,pcs,Fixed,55.00,64.00,1 Book (₹55),1 Book: ₹55 | Pack of 6 Books: ₹310,https://aadutygzgrbexxuznqlr.supabase.co/storage/v1/object/public/item-images/doms/paper_stationery_doms_double_line_notebookbrown_series_24x18cm_76_pages.webp
1503,ANG-STA-0441,DOMS Mini Single Line Notebook (Abstract Series),ഡോംസ് mini single line നോട്ട്ബുക്ക് (abstract series),Household & Stationery,pcs,Fixed,55.00,64.00,1 Book (₹55),1 Book: ₹55 | Pack of 6 Books: ₹310,https://aadutygzgrbexxuznqlr.supabase.co/storage/v1/object/public/item-images/doms/paper_stationery_doms_mini_single_line_notebook_abstract_series.webp
1504,ANG-STA-0442,DOMS Orange Drawing Book – 29.5x42Cm,ഡോംസ് orange ഡ്രോയിംഗ് ബുക്ക് – 29.5x42cm,Household & Stationery,pcs,Fixed,45.00,52.00,1 Book (₹45),1 Book: ₹45 | Pack of 6 Books: ₹250,https://aadutygzgrbexxuznqlr.supabase.co/storage/v1/object/public/item-images/doms/paper_stationery_doms_orange_drawing_book_29_5x42cm.webp
1505,ANG-STA-0443,DOMS Polycover 1 Subject Wiro Notebook – 21.6x14Cm,ഡോംസ് polycover 1 subject wiro നോട്ട്ബുക്ക് – 21.6x14cm,Household & Stationery,pcs,Fixed,55.00,64.00,1 Book (₹55),1 Book: ₹55 | Pack of 6 Books: ₹310,https://aadutygzgrbexxuznqlr.supabase.co/storage/v1/object/public/item-images/doms/paper_stationery_doms_polycover_1_subject_wiro_notebook_21_6x14cm.webp
1506,ANG-STA-0444,DOMS Polycover 1 Subject Wiro Notebook – 29.7x21Cm,ഡോംസ് polycover 1 subject wiro നോട്ട്ബുക്ക് – 29.7x21cm,Household & Stationery,pcs,Fixed,55.00,64.00,1 Book (₹55),1 Book: ₹55 | Pack of 6 Books: ₹310,https://aadutygzgrbexxuznqlr.supabase.co/storage/v1/object/public/item-images/doms/paper_stationery_doms_polycover_1_subject_wiro_notebook_21_6x14cm.webp
1507,ANG-STA-0445,DOMS Polycover 5 Subject Wiro Notebook – 21.6x14Cm,ഡോംസ് polycover 5 subject wiro നോട്ട്ബുക്ക് – 21.6x14cm,Household & Stationery,pcs,Fixed,55.00,64.00,1 Book (₹55),1 Book: ₹55 | Pack of 6 Books: ₹310,https://aadutygzgrbexxuznqlr.supabase.co/storage/v1/object/public/item-images/doms/paper_stationery_doms_polycover_5_subject_wiro_notebook_21_6x14cm.webp
1508,ANG-STA-0446,DOMS Polycover 5 Subject Wiro Notebook – 25×17.8Cm,ഡോംസ് polycover 5 subject wiro നോട്ട്ബുക്ക് – 25×17.8cm,Household & Stationery,pcs,Fixed,55.00,64.00,1 Book (₹55),1 Book: ₹55 | Pack of 6 Books: ₹310,https://aadutygzgrbexxuznqlr.supabase.co/storage/v1/object/public/item-images/doms/paper_stationery_doms_polycover_5_subject_wiro_notebook_21_6x14cm.webp
1509,ANG-STA-0447,Doms Polycover 5 Subject Wiro Notebook 25x17 8cm 2,ഡോംസ് polycover 5 subject wiro നോട്ട്ബുക്ക് 25x17 8cm 2,Household & Stationery,pcs,Fixed,55.00,64.00,1 Book (₹55),1 Book: ₹55 | Pack of 6 Books: ₹310,https://aadutygzgrbexxuznqlr.supabase.co/storage/v1/object/public/item-images/doms/paper_stationery_doms_polycover_5_subject_wiro_notebook_21_6x14cm.webp
1510,ANG-STA-0448,DOMS Polycover 5 Subject Wiro Notebook – 29.7x21Cm,ഡോംസ് polycover 5 subject wiro നോട്ട്ബുക്ക് – 29.7x21cm,Household & Stationery,pcs,Fixed,55.00,64.00,1 Book (₹55),1 Book: ₹55 | Pack of 6 Books: ₹310,https://aadutygzgrbexxuznqlr.supabase.co/storage/v1/object/public/item-images/doms/paper_stationery_doms_polycover_5_subject_wiro_notebook_21_6x14cm.webp
1511,ANG-STA-0449,Doms Premium Range Single Line 24 X 18cm Notebookneon Series 100 Pages,ഡോംസ് premium range single line 24 x 18cm notebookneon series 100 pages,Household & Stationery,pcs,Fixed,55.00,64.00,1 Book (₹55),1 Book: ₹55 | Pack of 6 Books: ₹310,https://aadutygzgrbexxuznqlr.supabase.co/storage/v1/object/public/item-images/doms/paper_stationery_doms_premium_range_single_line_24_x_18cm_notebookneon_series_100_pages.webp
1512,ANG-STA-0450,Doms Premium Range Single Line 24 X 18cm Notebookneon Series 200 Pages,ഡോംസ് premium range single line 24 x 18cm notebookneon series 200 pages,Household & Stationery,pcs,Fixed,55.00,64.00,1 Book (₹55),1 Book: ₹55 | Pack of 6 Books: ₹310,https://aadutygzgrbexxuznqlr.supabase.co/storage/v1/object/public/item-images/doms/paper_stationery_doms_premium_range_single_line_24_x_18cm_notebookneon_series_100_pages.webp
1513,ANG-STA-0451,Doms Premium Range Single Line 29 7 X 21cm Notebookneon Series 100 Pages,ഡോംസ് premium range single line 29 7 x 21cm notebookneon series 100 pages,Household & Stationery,pcs,Fixed,55.00,64.00,1 Book (₹55),1 Book: ₹55 | Pack of 6 Books: ₹310,https://aadutygzgrbexxuznqlr.supabase.co/storage/v1/object/public/item-images/doms/paper_stationery_doms_premium_range_single_line_24_x_18cm_notebookneon_series_100_pages.webp
1514,ANG-STA-0452,Doms Premium Range Single Line 29 7 X 21cm Notebookneon Series 200 Pages,ഡോംസ് premium range single line 29 7 x 21cm notebookneon series 200 pages,Household & Stationery,pcs,Fixed,55.00,64.00,1 Book (₹55),1 Book: ₹55 | Pack of 6 Books: ₹310,https://aadutygzgrbexxuznqlr.supabase.co/storage/v1/object/public/item-images/doms/paper_stationery_doms_premium_range_single_line_24_x_18cm_notebookneon_series_100_pages.webp
1515,ANG-STA-0453,Doms Premium Range Unruled 24 X 18cm Notebookneon Series 200 Pages,ഡോംസ് premium range unruled 24 x 18cm notebookneon series 200 pages,Household & Stationery,pcs,Fixed,55.00,64.00,1 Book (₹55),1 Book: ₹55 | Pack of 6 Books: ₹310,https://aadutygzgrbexxuznqlr.supabase.co/storage/v1/object/public/item-images/doms/paper_stationery_doms_premium_range_single_line_24_x_18cm_notebookneon_series_100_pages.webp
1516,ANG-STA-0454,Doms Premium Range Unruled 29 7 X 21cm Notebookneon Series 100 Pages,ഡോംസ് premium range unruled 29 7 x 21cm notebookneon series 100 pages,Household & Stationery,pcs,Fixed,55.00,64.00,1 Book (₹55),1 Book: ₹55 | Pack of 6 Books: ₹310,https://aadutygzgrbexxuznqlr.supabase.co/storage/v1/object/public/item-images/doms/paper_stationery_doms_premium_range_single_line_24_x_18cm_notebookneon_series_100_pages.webp
1517,ANG-STA-0455,Doms Premium Range Unruled 29 7 X 21cm Notebookneon Series 200 Pages,ഡോംസ് premium range unruled 29 7 x 21cm notebookneon series 200 pages,Household & Stationery,pcs,Fixed,55.00,64.00,1 Book (₹55),1 Book: ₹55 | Pack of 6 Books: ₹310,https://aadutygzgrbexxuznqlr.supabase.co/storage/v1/object/public/item-images/doms/paper_stationery_doms_premium_range_single_line_24_x_18cm_notebookneon_series_100_pages.webp
1518,ANG-STA-0456,Doms Premium Range Unruled 24 X 18cm Notebookneon Series 100 Pages,ഡോംസ് premium range unruled 24 x 18cm notebookneon series 100 pages,Household & Stationery,pcs,Fixed,55.00,64.00,1 Book (₹55),1 Book: ₹55 | Pack of 6 Books: ₹310,https://aadutygzgrbexxuznqlr.supabase.co/storage/v1/object/public/item-images/doms/paper_stationery_doms_premium_range_single_line_24_x_18cm_notebookneon_series_100_pages.webp
1519,ANG-STA-0457,Doms R B With Gap Notebook Jewels Of India Series 2,ഡോംസ് r b with gap നോട്ട്ബുക്ക് jewels of india series 2,Household & Stationery,pcs,Fixed,55.00,64.00,1 Book (₹55),1 Book: ₹55 | Pack of 6 Books: ₹310,https://aadutygzgrbexxuznqlr.supabase.co/storage/v1/object/public/item-images/doms/paper_stationery_doms_r_b_with_gap_notebook_jewels_of_india_series.webp
1520,ANG-STA-0458,Doms R B With Gap Notebookbrown Series 24x18cm 172 Pages,ഡോംസ് r b with gap notebookbrown series 24x18cm 172 pages,Household & Stationery,pcs,Fixed,55.00,64.00,1 Book (₹55),1 Book: ₹55 | Pack of 6 Books: ₹310,https://aadutygzgrbexxuznqlr.supabase.co/storage/v1/object/public/item-images/doms/paper_stationery_doms_3_in_1_dl_rb_sq_notebookbrown_series_24x18cm_172_pages.webp
1521,ANG-STA-0459,Doms Rb With Gap Notebook City Life Series,ഡോംസ് rb with gap നോട്ട്ബുക്ക് city life series,Household & Stationery,pcs,Fixed,55.00,64.00,1 Book (₹55),1 Book: ₹55 | Pack of 6 Books: ₹310,https://aadutygzgrbexxuznqlr.supabase.co/storage/v1/object/public/item-images/doms/paper_stationery_doms_board_ruled_notebook_city_life_series.webp
1522,ANG-STA-0460,Doms Rb With Gap Notebook Martial Arts Series,ഡോംസ് rb with gap നോട്ട്ബുക്ക് martial arts series,Household & Stationery,pcs,Fixed,55.00,64.00,1 Book (₹55),1 Book: ₹55 | Pack of 6 Books: ₹310,https://aadutygzgrbexxuznqlr.supabase.co/storage/v1/object/public/item-images/doms/paper_stationery_doms_double_line_notebook_martial_arts_series.webp
1523,ANG-STA-0461,Doms Rb With Gap Notebook Retro Cars Series,ഡോംസ് rb with gap നോട്ട്ബുക്ക് retro cars series,Household & Stationery,pcs,Fixed,55.00,64.00,1 Book (₹55),1 Book: ₹55 | Pack of 6 Books: ₹310,https://aadutygzgrbexxuznqlr.supabase.co/storage/v1/object/public/item-images/doms/paper_stationery_doms_3in1_fl_rb_sq_notebook_retro_cars_series.webp
1524,ANG-STA-0462,Doms Rb With Gap Notebook Train Tours Series,ഡോംസ് rb with gap നോട്ട്ബുക്ക് train tours series,Household & Stationery,pcs,Fixed,55.00,64.00,1 Book (₹55),1 Book: ₹55 | Pack of 6 Books: ₹310,https://aadutygzgrbexxuznqlr.supabase.co/storage/v1/object/public/item-images/doms/paper_stationery_doms_3_in_1_notebook_train_tours_series.webp
1525,ANG-STA-0463,Doms Rb With Gap Notebookbrown Series 19x15 5cm 172 Pages,ഡോംസ് rb with gap notebookbrown series 19x15 5cm 172 pages,Household & Stationery,pcs,Fixed,55.00,64.00,1 Book (₹55),1 Book: ₹55 | Pack of 6 Books: ₹310,https://aadutygzgrbexxuznqlr.supabase.co/storage/v1/object/public/item-images/doms/paper_stationery_doms_double_line_notebookbrown_series_19x15_5cm_172_pages.webp
1526,ANG-STA-0464,Doms Rb With Gap Notebookbrown Series 19x15 5cm 76 Pages,ഡോംസ് rb with gap notebookbrown series 19x15 5cm 76 pages,Household & Stationery,pcs,Fixed,55.00,64.00,1 Book (₹55),1 Book: ₹55 | Pack of 6 Books: ₹310,https://aadutygzgrbexxuznqlr.supabase.co/storage/v1/object/public/item-images/doms/paper_stationery_doms_double_line_notebookbrown_series_19x15_5cm_172_pages.webp
1527,ANG-STA-0465,Doms Rb With Gap Notebookbrown Series 24x18cm 76 Pages,ഡോംസ് rb with gap notebookbrown series 24x18cm 76 pages,Household & Stationery,pcs,Fixed,55.00,64.00,1 Book (₹55),1 Book: ₹55 | Pack of 6 Books: ₹310,https://aadutygzgrbexxuznqlr.supabase.co/storage/v1/object/public/item-images/doms/paper_stationery_doms_double_line_notebookbrown_series_24x18cm_76_pages.webp
1528,ANG-STA-0466,Doms Rb With Gap Notebookjewels Of India Series,ഡോംസ് rb with gap notebookjewels of india series,Household & Stationery,pcs,Fixed,55.00,64.00,1 Book (₹55),1 Book: ₹55 | Pack of 6 Books: ₹310,https://aadutygzgrbexxuznqlr.supabase.co/storage/v1/object/public/item-images/doms/paper_stationery_doms_double_line_notebook_jewels_of_india_series.webp
1529,ANG-STA-0467,Doms Red Blue With Gap Interleaf Notebookbrown Series 24x18cm 172 Pages,ഡോംസ് red blue with gap interleaf notebookbrown series 24x18cm 172 pages,Household & Stationery,pcs,Fixed,55.00,64.00,1 Book (₹55),1 Book: ₹55 | Pack of 6 Books: ₹310,https://aadutygzgrbexxuznqlr.supabase.co/storage/v1/object/public/item-images/doms/paper_stationery_doms_3_in_1_dl_rb_sq_notebookbrown_series_24x18cm_172_pages.webp
1530,ANG-STA-0468,DOMS Red Drawing Book – 17×24.5Cm,ഡോംസ് red ഡ്രോയിംഗ് ബുക്ക് – 17×24.5cm,Household & Stationery,pcs,Fixed,45.00,52.00,1 Book (₹45),1 Book: ₹45 | Pack of 6 Books: ₹250,https://aadutygzgrbexxuznqlr.supabase.co/storage/v1/object/public/item-images/doms/paper_stationery_doms_red_drawing_book_17x24_5cm.webp
1531,ANG-STA-0469,Doms Single Interleaf Notebookbrown Series 24x18cm 172 Pages,ഡോംസ് single interleaf notebookbrown series 24x18cm 172 pages,Household & Stationery,pcs,Fixed,55.00,64.00,1 Book (₹55),1 Book: ₹55 | Pack of 6 Books: ₹310,https://aadutygzgrbexxuznqlr.supabase.co/storage/v1/object/public/item-images/doms/paper_stationery_doms_3_in_1_dl_rb_sq_notebookbrown_series_24x18cm_172_pages.webp
1532,ANG-STA-0470,Doms Single Line Interleaf Notebook Train Tours Series,ഡോംസ് single line interleaf നോട്ട്ബുക്ക് train tours series,Household & Stationery,pcs,Fixed,55.00,64.00,1 Book (₹55),1 Book: ₹55 | Pack of 6 Books: ₹310,https://aadutygzgrbexxuznqlr.supabase.co/storage/v1/object/public/item-images/doms/paper_stationery_doms_3_in_1_notebook_train_tours_series.webp
1533,ANG-STA-0471,DOMS Single Line – Ruled Project Paper- 28×22 Cm,ഡോംസ് single line – ruled project paper- 28×22 cm,Household & Stationery,pcs,Fixed,55.00,64.00,1 Book (₹55),1 Book: ₹55 | Pack of 6 Books: ₹310,https://aadutygzgrbexxuznqlr.supabase.co/storage/v1/object/public/item-images/doms/paper_stationery_doms_single_line_ruled_project_paper_28x22_cm.webp
1534,ANG-STA-0472,Doms Single Line Notebook City Life Series 3,ഡോംസ് single line നോട്ട്ബുക്ക് city life series 3,Household & Stationery,pcs,Fixed,55.00,64.00,1 Book (₹55),1 Book: ₹55 | Pack of 6 Books: ₹310,https://aadutygzgrbexxuznqlr.supabase.co/storage/v1/object/public/item-images/doms/paper_stationery_doms_board_ruled_notebook_city_life_series.webp
1535,ANG-STA-0473,Doms Single Line Notebook City Life Series 2,ഡോംസ് single line നോട്ട്ബുക്ക് city life series 2,Household & Stationery,pcs,Fixed,55.00,64.00,1 Book (₹55),1 Book: ₹55 | Pack of 6 Books: ₹310,https://aadutygzgrbexxuznqlr.supabase.co/storage/v1/object/public/item-images/doms/paper_stationery_doms_board_ruled_notebook_city_life_series.webp
1536,ANG-STA-0474,Doms Single Line Notebook Jewels Of India Series,ഡോംസ് single line നോട്ട്ബുക്ക് jewels of india series,Household & Stationery,pcs,Fixed,55.00,64.00,1 Book (₹55),1 Book: ₹55 | Pack of 6 Books: ₹310,https://aadutygzgrbexxuznqlr.supabase.co/storage/v1/object/public/item-images/doms/paper_stationery_doms_r_b_with_gap_notebook_jewels_of_india_series.webp
1537,ANG-STA-0475,Doms Single Line Notebook Jewels Of India Series 2,ഡോംസ് single line നോട്ട്ബുക്ക് jewels of india series 2,Household & Stationery,pcs,Fixed,55.00,64.00,1 Book (₹55),1 Book: ₹55 | Pack of 6 Books: ₹310,https://aadutygzgrbexxuznqlr.supabase.co/storage/v1/object/public/item-images/doms/paper_stationery_doms_r_b_with_gap_notebook_jewels_of_india_series.webp
1538,ANG-STA-0476,Doms Single Line Notebook Martial Arts Series,ഡോംസ് single line നോട്ട്ബുക്ക് martial arts series,Household & Stationery,pcs,Fixed,55.00,64.00,1 Book (₹55),1 Book: ₹55 | Pack of 6 Books: ₹310,https://aadutygzgrbexxuznqlr.supabase.co/storage/v1/object/public/item-images/doms/paper_stationery_doms_double_line_notebook_martial_arts_series.webp
1539,ANG-STA-0477,Doms Single Line Notebook Retro Cars Series,ഡോംസ് single line നോട്ട്ബുക്ക് retro cars series,Household & Stationery,pcs,Fixed,55.00,64.00,1 Book (₹55),1 Book: ₹55 | Pack of 6 Books: ₹310,https://aadutygzgrbexxuznqlr.supabase.co/storage/v1/object/public/item-images/doms/paper_stationery_doms_3in1_fl_rb_sq_notebook_retro_cars_series.webp
1540,ANG-STA-0478,DOMS Single Line Notebook (Sundial Series),ഡോംസ് single line നോട്ട്ബുക്ക് (sundial series),Household & Stationery,pcs,Fixed,55.00,64.00,1 Book (₹55),1 Book: ₹55 | Pack of 6 Books: ₹310,https://aadutygzgrbexxuznqlr.supabase.co/storage/v1/object/public/item-images/doms/paper_stationery_doms_single_line_notebook_sundial_series.webp
1541,ANG-STA-0479,Doms Single Line Notebook Train Tours Series,ഡോംസ് single line നോട്ട്ബുക്ക് train tours series,Household & Stationery,pcs,Fixed,55.00,64.00,1 Book (₹55),1 Book: ₹55 | Pack of 6 Books: ₹310,https://aadutygzgrbexxuznqlr.supabase.co/storage/v1/object/public/item-images/doms/paper_stationery_doms_3_in_1_notebook_train_tours_series.webp
1542,ANG-STA-0480,Doms Single Line Notebookarchitecture Series,ഡോംസ് single line notebookarchitecture series,Household & Stationery,pcs,Fixed,55.00,64.00,1 Book (₹55),1 Book: ₹55 | Pack of 6 Books: ₹310,https://aadutygzgrbexxuznqlr.supabase.co/storage/v1/object/public/item-images/doms/paper_stationery_doms_single_line_notebookarchitecture_series.webp
1543,ANG-STA-0481,Doms Single Line Notebookart Of God Series,ഡോംസ് single line notebookart of god series,Household & Stationery,pcs,Fixed,55.00,64.00,1 Book (₹55),1 Book: ₹55 | Pack of 6 Books: ₹310,https://aadutygzgrbexxuznqlr.supabase.co/storage/v1/object/public/item-images/doms/paper_stationery_doms_single_line_notebookart_of_god_series.webp
1544,ANG-STA-0482,Doms Single Line Notebookartificial Intelligence Series,ഡോംസ് single line notebookartificial intelligence series,Household & Stationery,pcs,Fixed,55.00,64.00,1 Book (₹55),1 Book: ₹55 | Pack of 6 Books: ₹310,https://aadutygzgrbexxuznqlr.supabase.co/storage/v1/object/public/item-images/doms/paper_stationery_doms_single_line_notebookartificial_intelligence_series.webp
1545,ANG-STA-0483,Doms Single Line Notebookartificial Intelligence Series 2,ഡോംസ് single line notebookartificial intelligence series 2,Household & Stationery,pcs,Fixed,55.00,64.00,1 Book (₹55),1 Book: ₹55 | Pack of 6 Books: ₹310,https://aadutygzgrbexxuznqlr.supabase.co/storage/v1/object/public/item-images/doms/paper_stationery_doms_single_line_notebookartificial_intelligence_series.webp
1546,ANG-STA-0484,Doms Single Line Notebookbook World Series,ഡോംസ് single line notebookbook world series,Household & Stationery,pcs,Fixed,55.00,64.00,1 Book (₹55),1 Book: ₹55 | Pack of 6 Books: ₹310,https://aadutygzgrbexxuznqlr.supabase.co/storage/v1/object/public/item-images/doms/paper_stationery_doms_single_line_notebookbook_world_series.webp
1547,ANG-STA-0485,Doms Single Line Notebookbrown Series 19x15 5cm 172 Pages,ഡോംസ് single line notebookbrown series 19x15 5cm 172 pages,Household & Stationery,pcs,Fixed,55.00,64.00,1 Book (₹55),1 Book: ₹55 | Pack of 6 Books: ₹310,https://aadutygzgrbexxuznqlr.supabase.co/storage/v1/object/public/item-images/doms/paper_stationery_doms_double_line_notebookbrown_series_19x15_5cm_172_pages.webp
1548,ANG-STA-0486,Doms Single Line Notebookbrown Series 19x15 5cm 76 Pages,ഡോംസ് single line notebookbrown series 19x15 5cm 76 pages,Household & Stationery,pcs,Fixed,55.00,64.00,1 Book (₹55),1 Book: ₹55 | Pack of 6 Books: ₹310,https://aadutygzgrbexxuznqlr.supabase.co/storage/v1/object/public/item-images/doms/paper_stationery_doms_double_line_notebookbrown_series_19x15_5cm_172_pages.webp
1549,ANG-STA-0487,Doms Single Line Notebookbrown Series 24x18cm 172 Pages,ഡോംസ് single line notebookbrown series 24x18cm 172 pages,Household & Stationery,pcs,Fixed,55.00,64.00,1 Book (₹55),1 Book: ₹55 | Pack of 6 Books: ₹310,https://aadutygzgrbexxuznqlr.supabase.co/storage/v1/object/public/item-images/doms/paper_stationery_doms_3_in_1_dl_rb_sq_notebookbrown_series_24x18cm_172_pages.webp
1550,ANG-STA-0488,Doms Single Line Notebookbrown Series 24x18cm 76 Pages,ഡോംസ് single line notebookbrown series 24x18cm 76 pages,Household & Stationery,pcs,Fixed,55.00,64.00,1 Book (₹55),1 Book: ₹55 | Pack of 6 Books: ₹310,https://aadutygzgrbexxuznqlr.supabase.co/storage/v1/object/public/item-images/doms/paper_stationery_doms_double_line_notebookbrown_series_24x18cm_76_pages.webp
1551,ANG-STA-0489,Doms Single Line Notebookbrown Series 27x17 124 Pages,ഡോംസ് single line notebookbrown series 27x17 124 pages,Household & Stationery,pcs,Fixed,55.00,64.00,1 Book (₹55),1 Book: ₹55 | Pack of 6 Books: ₹310,https://aadutygzgrbexxuznqlr.supabase.co/storage/v1/object/public/item-images/doms/paper_stationery_doms_a4_single_line_notebookbrown_series_29_7x_21cm_140_pages.webp
1552,ANG-STA-0490,Doms Single Line Notebookbrown Series 27x17 172 Pages,ഡോംസ് single line notebookbrown series 27x17 172 pages,Household & Stationery,pcs,Fixed,55.00,64.00,1 Book (₹55),1 Book: ₹55 | Pack of 6 Books: ₹310,https://aadutygzgrbexxuznqlr.supabase.co/storage/v1/object/public/item-images/doms/paper_stationery_doms_a4_single_line_notebookbrown_series_29_7x_21cm_140_pages.webp
1553,ANG-STA-0491,Doms Single Line Notebookbrown Series 27x17 76 Pages,ഡോംസ് single line notebookbrown series 27x17 76 pages,Household & Stationery,pcs,Fixed,55.00,64.00,1 Book (₹55),1 Book: ₹55 | Pack of 6 Books: ₹310,https://aadutygzgrbexxuznqlr.supabase.co/storage/v1/object/public/item-images/doms/paper_stationery_doms_a4_single_line_notebookbrown_series_29_7x_21cm_140_pages.webp
1554,ANG-STA-0492,Doms Single Line Notebookcities Transportation Series,ഡോംസ് single line notebookcities transportation series,Household & Stationery,pcs,Fixed,55.00,64.00,1 Book (₹55),1 Book: ₹55 | Pack of 6 Books: ₹310,https://aadutygzgrbexxuznqlr.supabase.co/storage/v1/object/public/item-images/doms/paper_stationery_doms_single_line_notebookcities_transportation_series.webp
1555,ANG-STA-0493,DOMS Single Line Notebook(Clean Up Series),ഡോംസ് single line നോട്ട്ബുക്ക്(clean up series),Household & Stationery,pcs,Fixed,55.00,64.00,1 Book (₹55),1 Book: ₹55 | Pack of 6 Books: ₹310,https://aadutygzgrbexxuznqlr.supabase.co/storage/v1/object/public/item-images/doms/paper_stationery_doms_single_line_notebookclean_up_series.webp
1556,ANG-STA-0494,DOMS Single Line Notebook(Empire of Future Series),ഡോംസ് single line നോട്ട്ബുക്ക്(empire of future series),Household & Stationery,pcs,Fixed,55.00,64.00,1 Book (₹55),1 Book: ₹55 | Pack of 6 Books: ₹310,https://aadutygzgrbexxuznqlr.supabase.co/storage/v1/object/public/item-images/doms/paper_stationery_doms_single_line_notebookempire_of_future_series.webp
1557,ANG-STA-0495,DOMS Single Line Notebook(Energy Series),ഡോംസ് single line നോട്ട്ബുക്ക്(energy series),Household & Stationery,pcs,Fixed,55.00,64.00,1 Book (₹55),1 Book: ₹55 | Pack of 6 Books: ₹310,https://aadutygzgrbexxuznqlr.supabase.co/storage/v1/object/public/item-images/doms/paper_stationery_doms_single_line_notebookenergy_series.webp
1558,ANG-STA-0496,DOMS Single Line Notebook(Graffiti Series),ഡോംസ് single line നോട്ട്ബുക്ക്(graffiti series),Household & Stationery,pcs,Fixed,55.00,64.00,1 Book (₹55),1 Book: ₹55 | Pack of 6 Books: ₹310,https://aadutygzgrbexxuznqlr.supabase.co/storage/v1/object/public/item-images/doms/paper_stationery_doms_single_line_notebookgraffiti_series.webp
1559,ANG-STA-0497,Doms Single Line Notebookjewels Of India Series,ഡോംസ് single line notebookjewels of india series,Household & Stationery,pcs,Fixed,55.00,64.00,1 Book (₹55),1 Book: ₹55 | Pack of 6 Books: ₹310,https://aadutygzgrbexxuznqlr.supabase.co/storage/v1/object/public/item-images/doms/paper_stationery_doms_double_line_notebook_jewels_of_india_series.webp
1560,ANG-STA-0498,Doms Single Line Notebookmartial Art Series,ഡോംസ് single line notebookmartial art series,Household & Stationery,pcs,Fixed,55.00,64.00,1 Book (₹55),1 Book: ₹55 | Pack of 6 Books: ₹310,https://aadutygzgrbexxuznqlr.supabase.co/storage/v1/object/public/item-images/doms/paper_stationery_doms_double_line_notebook_martial_arts_series.webp
1561,ANG-STA-0499,DOMS Single Line Notebook(Music Series),ഡോംസ് single line നോട്ട്ബുക്ക്(music series),Household & Stationery,pcs,Fixed,55.00,64.00,1 Book (₹55),1 Book: ₹55 | Pack of 6 Books: ₹310,https://aadutygzgrbexxuznqlr.supabase.co/storage/v1/object/public/item-images/doms/paper_stationery_doms_single_line_notebookmusic_series.webp
1562,ANG-STA-0500,Doms Single Line Notebookmy Beautiful Cities Series,ഡോംസ് single line notebookmy beautiful cities series,Household & Stationery,pcs,Fixed,55.00,64.00,1 Book (₹55),1 Book: ₹55 | Pack of 6 Books: ₹310,https://aadutygzgrbexxuznqlr.supabase.co/storage/v1/object/public/item-images/doms/paper_stationery_doms_single_line_notebookmy_beautiful_cities_series.webp
1563,ANG-STA-0501,Doms Single Line Notebookpaper Cutouts Series,ഡോംസ് single line notebookpaper cutouts series,Household & Stationery,pcs,Fixed,55.00,64.00,1 Book (₹55),1 Book: ₹55 | Pack of 6 Books: ₹310,https://aadutygzgrbexxuznqlr.supabase.co/storage/v1/object/public/item-images/doms/paper_stationery_doms_single_line_notebookpaper_cutouts_series.webp
1564,ANG-STA-0502,DOMS Single Line Notebook(Peace Series),ഡോംസ് single line നോട്ട്ബുക്ക്(peace series),Household & Stationery,pcs,Fixed,55.00,64.00,1 Book (₹55),1 Book: ₹55 | Pack of 6 Books: ₹310,https://aadutygzgrbexxuznqlr.supabase.co/storage/v1/object/public/item-images/doms/paper_stationery_doms_single_line_notebookpeace_series.webp
1565,ANG-STA-0503,DOMS Single Line Notebook(POP Art Series),ഡോംസ് single line നോട്ട്ബുക്ക്(pop art series),Household & Stationery,pcs,Fixed,55.00,64.00,1 Book (₹55),1 Book: ₹55 | Pack of 6 Books: ₹310,https://aadutygzgrbexxuznqlr.supabase.co/storage/v1/object/public/item-images/doms/paper_stationery_doms_single_line_notebookarchitecture_series.webp
1566,ANG-STA-0504,Doms Single Line Notebookrider On The Storm Series,ഡോംസ് single line notebookrider on the storm series,Household & Stationery,pcs,Fixed,55.00,64.00,1 Book (₹55),1 Book: ₹55 | Pack of 6 Books: ₹310,https://aadutygzgrbexxuznqlr.supabase.co/storage/v1/object/public/item-images/doms/paper_stationery_doms_single_line_notebookrider_on_the_storm_series.webp
1567,ANG-STA-0505,Doms Single Line Notebooksports Cars Series,ഡോംസ് single line notebooksports cars series,Household & Stationery,pcs,Fixed,55.00,64.00,1 Book (₹55),1 Book: ₹55 | Pack of 6 Books: ₹310,https://aadutygzgrbexxuznqlr.supabase.co/storage/v1/object/public/item-images/doms/paper_stationery_doms_single_line_notebooksports_cars_series.webp
1568,ANG-STA-0506,Doms Single Line Notebooksports Cars Series 2,ഡോംസ് single line notebooksports cars series 2,Household & Stationery,pcs,Fixed,55.00,64.00,1 Book (₹55),1 Book: ₹55 | Pack of 6 Books: ₹310,https://aadutygzgrbexxuznqlr.supabase.co/storage/v1/object/public/item-images/doms/paper_stationery_doms_single_line_notebooksports_cars_series.webp
1569,ANG-STA-0507,Doms Single Line Notebooksports Cars Series 3,ഡോംസ് single line notebooksports cars series 3,Household & Stationery,pcs,Fixed,55.00,64.00,1 Book (₹55),1 Book: ₹55 | Pack of 6 Books: ₹310,https://aadutygzgrbexxuznqlr.supabase.co/storage/v1/object/public/item-images/doms/paper_stationery_doms_single_line_notebooksports_cars_series.webp
1570,ANG-STA-0508,Doms Single Line Notebookstreet Riders Series,ഡോംസ് single line notebookstreet riders series,Household & Stationery,pcs,Fixed,55.00,64.00,1 Book (₹55),1 Book: ₹55 | Pack of 6 Books: ₹310,https://aadutygzgrbexxuznqlr.supabase.co/storage/v1/object/public/item-images/doms/paper_stationery_doms_single_line_notebookstreet_riders_series.webp
1571,ANG-STA-0509,Doms Single Line Notebookstreet Riders Series 2,ഡോംസ് single line notebookstreet riders series 2,Household & Stationery,pcs,Fixed,55.00,64.00,1 Book (₹55),1 Book: ₹55 | Pack of 6 Books: ₹310,https://aadutygzgrbexxuznqlr.supabase.co/storage/v1/object/public/item-images/doms/paper_stationery_doms_single_line_notebookstreet_riders_series.webp
1572,ANG-STA-0510,Doms Single Line Notebookstreet Riders Series 3,ഡോംസ് single line notebookstreet riders series 3,Household & Stationery,pcs,Fixed,55.00,64.00,1 Book (₹55),1 Book: ₹55 | Pack of 6 Books: ₹310,https://aadutygzgrbexxuznqlr.supabase.co/storage/v1/object/public/item-images/doms/paper_stationery_doms_single_line_notebookstreet_riders_series_3.webp
1573,ANG-STA-0511,DOMS Single Line Notebook(Sundial Series),ഡോംസ് single line നോട്ട്ബുക്ക്(sundial series),Household & Stationery,pcs,Fixed,55.00,64.00,1 Book (₹55),1 Book: ₹55 | Pack of 6 Books: ₹310,https://aadutygzgrbexxuznqlr.supabase.co/storage/v1/object/public/item-images/doms/paper_stationery_doms_single_line_notebooksundial_series.webp
1574,ANG-STA-0512,Doms Single Line Notebooktravel Stories Series,ഡോംസ് single line notebooktravel stories series,Household & Stationery,pcs,Fixed,55.00,64.00,1 Book (₹55),1 Book: ₹55 | Pack of 6 Books: ₹310,https://aadutygzgrbexxuznqlr.supabase.co/storage/v1/object/public/item-images/doms/paper_stationery_doms_single_line_notebooktravel_stories_series.webp
1575,ANG-STA-0513,DOMS Single Line Notebook(Wonders of Nature Series),ഡോംസ് single line നോട്ട്ബുക്ക്(wonders of nature series),Household & Stationery,pcs,Fixed,55.00,64.00,1 Book (₹55),1 Book: ₹55 | Pack of 6 Books: ₹310,https://aadutygzgrbexxuznqlr.supabase.co/storage/v1/object/public/item-images/doms/paper_stationery_doms_single_line_notebookwonders_of_nature_series.webp
1576,ANG-STA-0514,DOMS Single Line Notepad – 10.5 x 14Cm,ഡോംസ് single line notepad – 10.5 x 14cm,Household & Stationery,pcs,Fixed,55.00,64.00,1 Book (₹55),1 Book: ₹55 | Pack of 6 Books: ₹310,https://aadutygzgrbexxuznqlr.supabase.co/storage/v1/object/public/item-images/doms/paper_stationery_doms_single_line_notepad_10_5_x_14cm.webp
1577,ANG-STA-0515,DOMS Single Line Notepad – 10.5 x 19Cm,ഡോംസ് single line notepad – 10.5 x 19cm,Household & Stationery,pcs,Fixed,55.00,64.00,1 Book (₹55),1 Book: ₹55 | Pack of 6 Books: ₹310,https://aadutygzgrbexxuznqlr.supabase.co/storage/v1/object/public/item-images/doms/paper_stationery_doms_single_line_notepad_10_5_x_19cm.webp
1578,ANG-STA-0516,DOMS Single Line Notepad – 14 x 21Cm,ഡോംസ് single line notepad – 14 x 21cm,Household & Stationery,pcs,Fixed,55.00,64.00,1 Book (₹55),1 Book: ₹55 | Pack of 6 Books: ₹310,https://aadutygzgrbexxuznqlr.supabase.co/storage/v1/object/public/item-images/doms/paper_stationery_doms_single_line_notepad_10_5_x_14cm.webp
1579,ANG-STA-0517,DOMS Single Line Notepad – 18.5 x 21Cm,ഡോംസ് single line notepad – 18.5 x 21cm,Household & Stationery,pcs,Fixed,55.00,64.00,1 Book (₹55),1 Book: ₹55 | Pack of 6 Books: ₹310,https://aadutygzgrbexxuznqlr.supabase.co/storage/v1/object/public/item-images/doms/paper_stationery_doms_single_line_notepad_10_5_x_14cm.webp
1580,ANG-STA-0518,DOMS Single Line Notepad – 21.5 x 28.5Cm,ഡോംസ് single line notepad – 21.5 x 28.5cm,Household & Stationery,pcs,Fixed,55.00,64.00,1 Book (₹55),1 Book: ₹55 | Pack of 6 Books: ₹310,https://aadutygzgrbexxuznqlr.supabase.co/storage/v1/object/public/item-images/doms/paper_stationery_doms_single_line_notepad_10_5_x_14cm.webp
1581,ANG-STA-0519,DOMS Single Line Pocket Wiro Book,ഡോംസ് single line pocket wiro book,Household & Stationery,pcs,Fixed,55.00,64.00,1 Book (₹55),1 Book: ₹55 | Pack of 6 Books: ₹310,https://aadutygzgrbexxuznqlr.supabase.co/storage/v1/object/public/item-images/doms/paper_stationery_doms_single_line_pocket_wiro_book.webp
1582,ANG-STA-0520,DOMS Single Line/Blank Practical Book – Biology,ഡോംസ് single line/blank practical book – biology,Household & Stationery,pcs,Fixed,50.00,58.00,1 Book (₹50),1 Book: ₹50 | Pack of 6 Books: ₹280,https://aadutygzgrbexxuznqlr.supabase.co/storage/v1/object/public/item-images/doms/paper_stationery_doms_single_line_blank_practical_book_biology.webp
1583,ANG-STA-0521,DOMS Single Line/Blank Practical Book – Chemistry,ഡോംസ് single line/blank practical book – chemistry,Household & Stationery,pcs,Fixed,50.00,58.00,1 Book (₹50),1 Book: ₹50 | Pack of 6 Books: ₹280,https://aadutygzgrbexxuznqlr.supabase.co/storage/v1/object/public/item-images/doms/paper_stationery_doms_single_line_blank_practical_book_chemistry.webp
1584,ANG-STA-0522,DOMS Single Line/Blank Practical Book – Physics,ഡോംസ് single line/blank practical book – physics,Household & Stationery,pcs,Fixed,50.00,58.00,1 Book (₹50),1 Book: ₹50 | Pack of 6 Books: ₹280,https://aadutygzgrbexxuznqlr.supabase.co/storage/v1/object/public/item-images/doms/paper_stationery_doms_single_line_blank_practical_book_physics.webp
1585,ANG-STA-0523,DOMS Single Line/Blank Practical Book – Science,ഡോംസ് single line/blank practical book – science,Household & Stationery,pcs,Fixed,50.00,58.00,1 Book (₹50),1 Book: ₹50 | Pack of 6 Books: ₹280,https://aadutygzgrbexxuznqlr.supabase.co/storage/v1/object/public/item-images/doms/paper_stationery_doms_single_line_blank_practical_book_science.webp
1586,ANG-STA-0524,Doms Single Line Blank Practical Book 176 Pages,ഡോംസ് single line blank practical book 176 pages,Household & Stationery,pcs,Fixed,50.00,58.00,1 Book (₹50),1 Book: ₹50 | Pack of 6 Books: ₹280,https://aadutygzgrbexxuznqlr.supabase.co/storage/v1/object/public/item-images/doms/paper_stationery_doms_single_line_blank_practical_book_176_pages.webp
1587,ANG-STA-0525,DOMS Single Line/Blank Practical Book (84 Pages),ഡോംസ് single line/blank practical book (84 pages),Household & Stationery,pcs,Fixed,50.00,58.00,1 Book (₹50),1 Book: ₹50 | Pack of 6 Books: ₹280,https://aadutygzgrbexxuznqlr.supabase.co/storage/v1/object/public/item-images/doms/paper_stationery_doms_single_line_blank_practical_book_84_pages.webp
1588,ANG-STA-0526,DOMS Single Line/Unruled Project Book(32 Pages),ഡോംസ് single line/unruled project book(32 pages),Household & Stationery,pcs,Fixed,55.00,64.00,1 Book (₹55),1 Book: ₹55 | Pack of 6 Books: ₹310,https://aadutygzgrbexxuznqlr.supabase.co/storage/v1/object/public/item-images/doms/paper_stationery_doms_single_line_unruled_project_book32_pages.webp
1589,ANG-STA-0527,DOMS Sketch Book Wiro- 110 GSM Paper – 21×29.7 Cm,ഡോംസ് sketch book wiro- 110 gsm paper – 21×29.7 cm,Household & Stationery,pcs,Fixed,55.00,64.00,1 Book (₹55),1 Book: ₹55 | Pack of 6 Books: ₹310,https://aadutygzgrbexxuznqlr.supabase.co/storage/v1/object/public/item-images/doms/paper_stationery_doms_sketch_book_wiro_110_gsm_paper_21x29_7_cm.webp
1590,ANG-STA-0528,DOMS Sketch Book Wiro- 110 GSM Paper – 27.5×34.7 Cm,ഡോംസ് sketch book wiro- 110 gsm paper – 27.5×34.7 cm,Household & Stationery,pcs,Fixed,55.00,64.00,1 Book (₹55),1 Book: ₹55 | Pack of 6 Books: ₹310,https://aadutygzgrbexxuznqlr.supabase.co/storage/v1/object/public/item-images/doms/paper_stationery_doms_sketch_book_wiro_110_gsm_paper_27_5x34_7_cm.webp
1591,ANG-STA-0529,DOMS Sketch Book Wiro- 150 GSM Paper – 21×14.8 Cm,ഡോംസ് sketch book wiro- 150 gsm paper – 21×14.8 cm,Household & Stationery,pcs,Fixed,55.00,64.00,1 Book (₹55),1 Book: ₹55 | Pack of 6 Books: ₹310,https://aadutygzgrbexxuznqlr.supabase.co/storage/v1/object/public/item-images/doms/paper_stationery_doms_sketch_book_wiro_150_gsm_paper_21x14_8_cm.webp
1592,ANG-STA-0530,DOMS Sketch Book Wiro- 150 GSM Paper – 21×29.7 Cm,ഡോംസ് sketch book wiro- 150 gsm paper – 21×29.7 cm,Household & Stationery,pcs,Fixed,55.00,64.00,1 Book (₹55),1 Book: ₹55 | Pack of 6 Books: ₹310,https://aadutygzgrbexxuznqlr.supabase.co/storage/v1/object/public/item-images/doms/paper_stationery_doms_sketch_book_wiro_150_gsm_paper_21x29_7_cm.webp
1593,ANG-STA-0531,DOMS Sketch Book Wiro- 150 GSM Paper – 27.5 x34.7 Cm,ഡോംസ് sketch book wiro- 150 gsm paper – 27.5 x34.7 cm,Household & Stationery,pcs,Fixed,55.00,64.00,1 Book (₹55),1 Book: ₹55 | Pack of 6 Books: ₹310,https://aadutygzgrbexxuznqlr.supabase.co/storage/v1/object/public/item-images/doms/paper_stationery_doms_sketch_book_wiro_150_gsm_paper_27_5_x34_7_cm.webp
1594,ANG-STA-0532,DOMS Sketch Book Wiro- 150 GSM Paper – 29.7×42 Cm,ഡോംസ് sketch book wiro- 150 gsm paper – 29.7×42 cm,Household & Stationery,pcs,Fixed,55.00,64.00,1 Book (₹55),1 Book: ₹55 | Pack of 6 Books: ₹310,https://aadutygzgrbexxuznqlr.supabase.co/storage/v1/object/public/item-images/doms/paper_stationery_doms_sketch_book_wiro_150_gsm_paper_29_7x42_cm.webp
1595,ANG-STA-0533,Doms Small Square 9mm Notebookbrown Series 24x18cm 172 Pages,ഡോംസ് small square 9mm notebookbrown series 24x18cm 172 pages,Household & Stationery,pcs,Fixed,55.00,64.00,1 Book (₹55),1 Book: ₹55 | Pack of 6 Books: ₹310,https://aadutygzgrbexxuznqlr.supabase.co/storage/v1/object/public/item-images/doms/paper_stationery_doms_3_in_1_dl_rb_sq_notebookbrown_series_24x18cm_172_pages.webp
1596,ANG-STA-0534,Doms Three Line Notebookbrown Series 24x18cm 172 Pages,ഡോംസ് three line notebookbrown series 24x18cm 172 pages,Household & Stationery,pcs,Fixed,55.00,64.00,1 Book (₹55),1 Book: ₹55 | Pack of 6 Books: ₹310,https://aadutygzgrbexxuznqlr.supabase.co/storage/v1/object/public/item-images/doms/paper_stationery_doms_3_in_1_dl_rb_sq_notebookbrown_series_24x18cm_172_pages.webp
1597,ANG-STA-0535,DOMS Unruled Notebook (City Life Series),ഡോംസ് unruled നോട്ട്ബുക്ക് (city life series),Household & Stationery,pcs,Fixed,55.00,64.00,1 Book (₹55),1 Book: ₹55 | Pack of 6 Books: ₹310,https://aadutygzgrbexxuznqlr.supabase.co/storage/v1/object/public/item-images/doms/paper_stationery_doms_board_ruled_notebook_city_life_series.webp
1598,ANG-STA-0536,Doms Unruled Notebook Jewels Of India Series,ഡോംസ് unruled നോട്ട്ബുക്ക് jewels of india series,Household & Stationery,pcs,Fixed,55.00,64.00,1 Book (₹55),1 Book: ₹55 | Pack of 6 Books: ₹310,https://aadutygzgrbexxuznqlr.supabase.co/storage/v1/object/public/item-images/doms/paper_stationery_doms_r_b_with_gap_notebook_jewels_of_india_series.webp
1599,ANG-STA-0537,DOMS Unruled Notebook (Martial Arts Series),ഡോംസ് unruled നോട്ട്ബുക്ക് (martial arts series),Household & Stationery,pcs,Fixed,55.00,64.00,1 Book (₹55),1 Book: ₹55 | Pack of 6 Books: ₹310,https://aadutygzgrbexxuznqlr.supabase.co/storage/v1/object/public/item-images/doms/paper_stationery_doms_double_line_notebook_martial_arts_series.webp
1600,ANG-STA-0538,DOMS Unruled Notebook (Train Tours Series),ഡോംസ് unruled നോട്ട്ബുക്ക് (train tours series),Household & Stationery,pcs,Fixed,55.00,64.00,1 Book (₹55),1 Book: ₹55 | Pack of 6 Books: ₹310,https://aadutygzgrbexxuznqlr.supabase.co/storage/v1/object/public/item-images/doms/paper_stationery_doms_3_in_1_notebook_train_tours_series.webp
1601,ANG-STA-0539,DOMS Unruled Notebook(Architecture Series),ഡോംസ് unruled നോട്ട്ബുക്ക്(architecture series),Household & Stationery,pcs,Fixed,55.00,64.00,1 Book (₹55),1 Book: ₹55 | Pack of 6 Books: ₹310,https://aadutygzgrbexxuznqlr.supabase.co/storage/v1/object/public/item-images/doms/paper_stationery_doms_single_line_notebookarchitecture_series.webp
1602,ANG-STA-0540,DOMS Unruled Notebook(Art of God Series),ഡോംസ് unruled നോട്ട്ബുക്ക്(art of god series),Household & Stationery,pcs,Fixed,55.00,64.00,1 Book (₹55),1 Book: ₹55 | Pack of 6 Books: ₹310,https://aadutygzgrbexxuznqlr.supabase.co/storage/v1/object/public/item-images/doms/paper_stationery_doms_single_line_notebookart_of_god_series.webp
1603,ANG-STA-0541,DOMS Unruled Notebook(Artificial Intelligence Series),ഡോംസ് unruled നോട്ട്ബുക്ക്(artificial intelligence series),Household & Stationery,pcs,Fixed,55.00,64.00,1 Book (₹55),1 Book: ₹55 | Pack of 6 Books: ₹310,https://aadutygzgrbexxuznqlr.supabase.co/storage/v1/object/public/item-images/doms/paper_stationery_doms_single_line_notebookartificial_intelligence_series.webp
1604,ANG-STA-0542,DOMS Unruled Notebook(Book World Series),ഡോംസ് unruled നോട്ട്ബുക്ക്(book world series),Household & Stationery,pcs,Fixed,55.00,64.00,1 Book (₹55),1 Book: ₹55 | Pack of 6 Books: ₹310,https://aadutygzgrbexxuznqlr.supabase.co/storage/v1/object/public/item-images/doms/paper_stationery_doms_single_line_notebookbook_world_series.webp
1605,ANG-STA-0543,Doms Unruled Notebookbrown Series 19x15 5cm 172 Pages,ഡോംസ് unruled notebookbrown series 19x15 5cm 172 pages,Household & Stationery,pcs,Fixed,55.00,64.00,1 Book (₹55),1 Book: ₹55 | Pack of 6 Books: ₹310,https://aadutygzgrbexxuznqlr.supabase.co/storage/v1/object/public/item-images/doms/paper_stationery_doms_double_line_notebookbrown_series_19x15_5cm_172_pages.webp
1606,ANG-STA-0544,Doms Unruled Notebookbrown Series 19x15 5cm 76 Pages,ഡോംസ് unruled notebookbrown series 19x15 5cm 76 pages,Household & Stationery,pcs,Fixed,55.00,64.00,1 Book (₹55),1 Book: ₹55 | Pack of 6 Books: ₹310,https://aadutygzgrbexxuznqlr.supabase.co/storage/v1/object/public/item-images/doms/paper_stationery_doms_double_line_notebookbrown_series_19x15_5cm_172_pages.webp
1607,ANG-STA-0545,Doms Unruled Notebookbrown Series 24x18cm 172 Pages,ഡോംസ് unruled notebookbrown series 24x18cm 172 pages,Household & Stationery,pcs,Fixed,55.00,64.00,1 Book (₹55),1 Book: ₹55 | Pack of 6 Books: ₹310,https://aadutygzgrbexxuznqlr.supabase.co/storage/v1/object/public/item-images/doms/paper_stationery_doms_3_in_1_dl_rb_sq_notebookbrown_series_24x18cm_172_pages.webp
1608,ANG-STA-0546,Doms Unruled Notebookbrown Series 24x18cm 76 Pages,ഡോംസ് unruled notebookbrown series 24x18cm 76 pages,Household & Stationery,pcs,Fixed,55.00,64.00,1 Book (₹55),1 Book: ₹55 | Pack of 6 Books: ₹310,https://aadutygzgrbexxuznqlr.supabase.co/storage/v1/object/public/item-images/doms/paper_stationery_doms_double_line_notebookbrown_series_24x18cm_76_pages.webp
1609,ANG-STA-0547,DOMS Unruled Notebook(Clean Up Series),ഡോംസ് unruled നോട്ട്ബുക്ക്(clean up series),Household & Stationery,pcs,Fixed,55.00,64.00,1 Book (₹55),1 Book: ₹55 | Pack of 6 Books: ₹310,https://aadutygzgrbexxuznqlr.supabase.co/storage/v1/object/public/item-images/doms/paper_stationery_doms_single_line_notebookclean_up_series.webp
1610,ANG-STA-0548,DOMS Unruled Notebook(Empire of Future Series),ഡോംസ് unruled നോട്ട്ബുക്ക്(empire of future series),Household & Stationery,pcs,Fixed,55.00,64.00,1 Book (₹55),1 Book: ₹55 | Pack of 6 Books: ₹310,https://aadutygzgrbexxuznqlr.supabase.co/storage/v1/object/public/item-images/doms/paper_stationery_doms_single_line_notebookempire_of_future_series.webp
1611,ANG-STA-0549,DOMS Unruled Notebook(Energy Series),ഡോംസ് unruled നോട്ട്ബുക്ക്(energy series),Household & Stationery,pcs,Fixed,55.00,64.00,1 Book (₹55),1 Book: ₹55 | Pack of 6 Books: ₹310,https://aadutygzgrbexxuznqlr.supabase.co/storage/v1/object/public/item-images/doms/paper_stationery_doms_single_line_notebookenergy_series.webp
1612,ANG-STA-0550,Doms Unruled Notebookjewels Of India Series,ഡോംസ് unruled notebookjewels of india series,Household & Stationery,pcs,Fixed,55.00,64.00,1 Book (₹55),1 Book: ₹55 | Pack of 6 Books: ₹310,https://aadutygzgrbexxuznqlr.supabase.co/storage/v1/object/public/item-images/doms/paper_stationery_doms_double_line_notebook_jewels_of_india_series.webp
1613,ANG-STA-0551,DOMS Unruled Notebook(Martial Art Series),ഡോംസ് unruled നോട്ട്ബുക്ക്(martial art series),Household & Stationery,pcs,Fixed,55.00,64.00,1 Book (₹55),1 Book: ₹55 | Pack of 6 Books: ₹310,https://aadutygzgrbexxuznqlr.supabase.co/storage/v1/object/public/item-images/doms/paper_stationery_doms_double_line_notebook_martial_arts_series.webp
1614,ANG-STA-0552,DOMS Unruled Notebook(Music Series),ഡോംസ് unruled നോട്ട്ബുക്ക്(music series),Household & Stationery,pcs,Fixed,55.00,64.00,1 Book (₹55),1 Book: ₹55 | Pack of 6 Books: ₹310,https://aadutygzgrbexxuznqlr.supabase.co/storage/v1/object/public/item-images/doms/paper_stationery_doms_single_line_notebookmusic_series.webp
1615,ANG-STA-0553,DOMS Unruled Notebook(Pop Art Series),ഡോംസ് unruled നോട്ട്ബുക്ക്(pop art series),Household & Stationery,pcs,Fixed,55.00,64.00,1 Book (₹55),1 Book: ₹55 | Pack of 6 Books: ₹310,https://aadutygzgrbexxuznqlr.supabase.co/storage/v1/object/public/item-images/doms/paper_stationery_doms_unruled_notebookpop_art_series.webp
1616,ANG-STA-0554,DOMS Unruled Notebook(Sports Cars Series),ഡോംസ് unruled നോട്ട്ബുക്ക്(sports cars series),Household & Stationery,pcs,Fixed,55.00,64.00,1 Book (₹55),1 Book: ₹55 | Pack of 6 Books: ₹310,https://aadutygzgrbexxuznqlr.supabase.co/storage/v1/object/public/item-images/doms/paper_stationery_doms_single_line_notebooksports_cars_series.webp
1617,ANG-STA-0555,DOMS Unruled Notebook(Sports Cars Series) (Edition 2),ഡോംസ് unruled നോട്ട്ബുക്ക്(sports cars series) (edition 2),Household & Stationery,pcs,Fixed,55.00,64.00,1 Book (₹55),1 Book: ₹55 | Pack of 6 Books: ₹310,https://aadutygzgrbexxuznqlr.supabase.co/storage/v1/object/public/item-images/doms/paper_stationery_doms_single_line_notebooksports_cars_series.webp
1618,ANG-STA-0556,DOMS Unruled Notebook(Sports Cars Series) (Edition 3),ഡോംസ് unruled നോട്ട്ബുക്ക്(sports cars series) (edition 3),Household & Stationery,pcs,Fixed,55.00,64.00,1 Book (₹55),1 Book: ₹55 | Pack of 6 Books: ₹310,https://aadutygzgrbexxuznqlr.supabase.co/storage/v1/object/public/item-images/doms/paper_stationery_doms_single_line_notebooksports_cars_series.webp
1619,ANG-STA-0557,DOMS Unruled Notebook(Sundial Series),ഡോംസ് unruled നോട്ട്ബുക്ക്(sundial series),Household & Stationery,pcs,Fixed,55.00,64.00,1 Book (₹55),1 Book: ₹55 | Pack of 6 Books: ₹310,https://aadutygzgrbexxuznqlr.supabase.co/storage/v1/object/public/item-images/doms/paper_stationery_doms_unruled_notebooksundial_series.webp
1620,ANG-STA-0558,Doms Unruled Notebooktravel Stories Series,ഡോംസ് unruled notebooktravel stories series,Household & Stationery,pcs,Fixed,55.00,64.00,1 Book (₹55),1 Book: ₹55 | Pack of 6 Books: ₹310,https://aadutygzgrbexxuznqlr.supabase.co/storage/v1/object/public/item-images/doms/paper_stationery_doms_single_line_notebooktravel_stories_series.webp
1621,ANG-STA-0559,DOMS Unruled Notebook(Wonder of Nature Series),ഡോംസ് unruled നോട്ട്ബുക്ക്(wonder of nature series),Household & Stationery,pcs,Fixed,55.00,64.00,1 Book (₹55),1 Book: ₹55 | Pack of 6 Books: ₹310,https://aadutygzgrbexxuznqlr.supabase.co/storage/v1/object/public/item-images/doms/paper_stationery_doms_single_line_notebookwonders_of_nature_series.webp
1622,ANG-STA-0560,DOMS Unruled Scarp Book(32 Pages),ഡോംസ് unruled scarp book(32 pages),Household & Stationery,pcs,Fixed,55.00,64.00,1 Book (₹55),1 Book: ₹55 | Pack of 6 Books: ₹310,https://aadutygzgrbexxuznqlr.supabase.co/storage/v1/object/public/item-images/doms/paper_stationery_doms_unruled_scarp_book32_pages.webp
1623,ANG-STA-0561,Doms Xlumia Colour Single Line 14 8 X10 5cm Notebook,ഡോംസ് xlumia colour single line 14 8 x10 5cm നോട്ട്ബുക്ക്,Household & Stationery,pcs,Fixed,55.00,64.00,1 Book (₹55),1 Book: ₹55 | Pack of 6 Books: ₹310,https://aadutygzgrbexxuznqlr.supabase.co/storage/v1/object/public/item-images/doms/paper_stationery_doms_xlumia_colour_single_line_14_8_x10_5cm_notebook.webp
1624,ANG-STA-0562,DOMS Xlumia Colour Single line 21 x14.8Cm Notebook,ഡോംസ് xlumia colour single line 21 x14.8cm നോട്ട്ബുക്ക്,Household & Stationery,pcs,Fixed,55.00,64.00,1 Book (₹55),1 Book: ₹55 | Pack of 6 Books: ₹310,https://aadutygzgrbexxuznqlr.supabase.co/storage/v1/object/public/item-images/doms/paper_stationery_doms_xlumia_colour_single_line_21_x14_8cm_notebook.webp
1625,ANG-STA-0563,DOMS Xlumia Colour Single line 24 x18Cm Notebook,ഡോംസ് xlumia colour single line 24 x18cm നോട്ട്ബുക്ക്,Household & Stationery,pcs,Fixed,55.00,64.00,1 Book (₹55),1 Book: ₹55 | Pack of 6 Books: ₹310,https://aadutygzgrbexxuznqlr.supabase.co/storage/v1/object/public/item-images/doms/paper_stationery_doms_xlumia_colour_single_line_24_x18cm_notebook.webp
1626,ANG-STA-0564,Doms Xlumia Colour Single Line Wiro Ruled Notebook A4,ഡോംസ് xlumia colour single line wiro ruled നോട്ട്ബുക്ക് a4,Household & Stationery,pcs,Fixed,55.00,64.00,1 Book (₹55),1 Book: ₹55 | Pack of 6 Books: ₹310,https://aadutygzgrbexxuznqlr.supabase.co/storage/v1/object/public/item-images/doms/paper_stationery_doms_xlumia_colour_single_line_wiro_ruled_notebook_a4.webp
1627,ANG-STA-0565,Doms Xlumia Colour Single Line Wiro Ruled Notebook A5,ഡോംസ് xlumia colour single line wiro ruled നോട്ട്ബുക്ക് a5,Household & Stationery,pcs,Fixed,55.00,64.00,1 Book (₹55),1 Book: ₹55 | Pack of 6 Books: ₹310,https://aadutygzgrbexxuznqlr.supabase.co/storage/v1/object/public/item-images/doms/paper_stationery_doms_xlumia_colour_single_line_wiro_ruled_notebook_a5.webp
1628,ANG-STA-0566,DOMS Yellow Drawing Book – 21×29.7Cm,ഡോംസ് yellow ഡ്രോയിംഗ് ബുക്ക് – 21×29.7cm,Household & Stationery,pcs,Fixed,45.00,52.00,1 Book (₹45),1 Book: ₹45 | Pack of 6 Books: ₹250,https://aadutygzgrbexxuznqlr.supabase.co/storage/v1/object/public/item-images/doms/paper_stationery_doms_yellow_drawing_book_21x29_7cm.webp
1629,ANG-STA-0567,DOMS Accumate,ഡോംസ് accumate,Household & Stationery,pcs,Fixed,95.00,110.00,1 Geometry Box (₹95),1 Geometry Box: ₹95,https://aadutygzgrbexxuznqlr.supabase.co/storage/v1/object/public/item-images/doms/mathematical_drawing_instruments_doms_accumate_2.webp
1630,ANG-STA-0568,DOMS Accumate (Series 2),ഡോംസ് accumate (series 2),Household & Stationery,pcs,Fixed,95.00,110.00,1 Geometry Box (₹95),1 Geometry Box: ₹95,https://aadutygzgrbexxuznqlr.supabase.co/storage/v1/object/public/item-images/doms/mathematical_drawing_instruments_doms_accumate.webp
1631,ANG-STA-0569,DOMS Compass,ഡോംസ് കോമ്പസ്,Household & Stationery,pcs,Fixed,35.00,41.00,1 Pc (₹35),1 Pc: ₹35,https://aadutygzgrbexxuznqlr.supabase.co/storage/v1/object/public/item-images/doms/mathematical_drawing_instruments_doms_compass.webp
1632,ANG-STA-0570,DOMS E-Mech,ഡോംസ് e-mech,Household & Stationery,pcs,Fixed,95.00,110.00,1 Geometry Box (₹95),1 Geometry Box: ₹95,https://aadutygzgrbexxuznqlr.supabase.co/storage/v1/object/public/item-images/doms/mathematical_drawing_instruments_doms_e_mech_2.webp
1633,ANG-STA-0571,DOMS E-Mech (Series 2),ഡോംസ് e-mech (series 2),Household & Stationery,pcs,Fixed,95.00,110.00,1 Geometry Box (₹95),1 Geometry Box: ₹95,https://aadutygzgrbexxuznqlr.supabase.co/storage/v1/object/public/item-images/doms/mathematical_drawing_instruments_doms_e_mech.webp
1634,ANG-STA-0572,DOMS Engineo,ഡോംസ് engineo,Household & Stationery,pcs,Fixed,95.00,110.00,1 Geometry Box (₹95),1 Geometry Box: ₹95,https://aadutygzgrbexxuznqlr.supabase.co/storage/v1/object/public/item-images/doms/mathematical_drawing_instruments_doms_engineo_2.webp
1635,ANG-STA-0573,DOMS Engineo (Series 2),ഡോംസ് engineo (series 2),Household & Stationery,pcs,Fixed,95.00,110.00,1 Geometry Box (₹95),1 Geometry Box: ₹95,https://aadutygzgrbexxuznqlr.supabase.co/storage/v1/object/public/item-images/doms/mathematical_drawing_instruments_doms_engineo.webp
1636,ANG-STA-0574,DOMS Geofine,ഡോംസ് geofine,Household & Stationery,pcs,Fixed,95.00,110.00,1 Geometry Box (₹95),1 Geometry Box: ₹95,https://aadutygzgrbexxuznqlr.supabase.co/storage/v1/object/public/item-images/doms/mathematical_drawing_instruments_doms_geofine_2.webp
1637,ANG-STA-0575,DOMS Geofine (Series 2),ഡോംസ് geofine (series 2),Household & Stationery,pcs,Fixed,95.00,110.00,1 Geometry Box (₹95),1 Geometry Box: ₹95,https://aadutygzgrbexxuznqlr.supabase.co/storage/v1/object/public/item-images/doms/mathematical_drawing_instruments_doms_geofine.webp
1638,ANG-STA-0576,DOMS Geoflip,ഡോംസ് geoflip,Household & Stationery,pcs,Fixed,95.00,110.00,1 Geometry Box (₹95),1 Geometry Box: ₹95,https://aadutygzgrbexxuznqlr.supabase.co/storage/v1/object/public/item-images/doms/mathematical_drawing_instruments_doms_geoflip_2.webp
1639,ANG-STA-0577,DOMS Geoflip (Series 2),ഡോംസ് geoflip (series 2),Household & Stationery,pcs,Fixed,95.00,110.00,1 Geometry Box (₹95),1 Geometry Box: ₹95,https://aadutygzgrbexxuznqlr.supabase.co/storage/v1/object/public/item-images/doms/mathematical_drawing_instruments_doms_geoflip.webp
1640,ANG-STA-0578,DOMS Geomatic,ഡോംസ് geomatic,Household & Stationery,pcs,Fixed,95.00,110.00,1 Geometry Box (₹95),1 Geometry Box: ₹95,https://aadutygzgrbexxuznqlr.supabase.co/storage/v1/object/public/item-images/doms/mathematical_drawing_instruments_doms_geomatic_2.webp
1641,ANG-STA-0579,DOMS Geomatic (Series 2),ഡോംസ് geomatic (series 2),Household & Stationery,pcs,Fixed,95.00,110.00,1 Geometry Box (₹95),1 Geometry Box: ₹95,https://aadutygzgrbexxuznqlr.supabase.co/storage/v1/object/public/item-images/doms/mathematical_drawing_instruments_doms_geomatic.webp
1642,ANG-STA-0580,DOMS Geomiti,ഡോംസ് geomiti,Household & Stationery,pcs,Fixed,95.00,110.00,1 Geometry Box (₹95),1 Geometry Box: ₹95,https://aadutygzgrbexxuznqlr.supabase.co/storage/v1/object/public/item-images/doms/mathematical_drawing_instruments_doms_geomiti.png
1643,ANG-STA-0581,DOMS Geomiti (Series 2),ഡോംസ് geomiti (series 2),Household & Stationery,pcs,Fixed,95.00,110.00,1 Geometry Box (₹95),1 Geometry Box: ₹95,https://aadutygzgrbexxuznqlr.supabase.co/storage/v1/object/public/item-images/doms/mathematical_drawing_instruments_doms_geommy_copy.webp
1644,ANG-STA-0582,DOMS Geommy,ഡോംസ് geommy,Household & Stationery,pcs,Fixed,95.00,110.00,1 Geometry Box (₹95),1 Geometry Box: ₹95,https://aadutygzgrbexxuznqlr.supabase.co/storage/v1/object/public/item-images/doms/mathematical_drawing_instruments_doms_geommy.webp
1645,ANG-STA-0583,DOMS Geommy (Edition 2),ഡോംസ് geommy (edition 2),Household & Stationery,pcs,Fixed,95.00,110.00,1 Geometry Box (₹95),1 Geometry Box: ₹95,https://aadutygzgrbexxuznqlr.supabase.co/storage/v1/object/public/item-images/doms/mathematical_drawing_instruments_doms_geommy_2.webp
1646,ANG-STA-0584,DOMS Geoplus Geomtery Box,ഡോംസ് geoplus geomtery box,Household & Stationery,pcs,Fixed,95.00,110.00,1 Geometry Box (₹95),1 Geometry Box: ₹95,https://aadutygzgrbexxuznqlr.supabase.co/storage/v1/object/public/item-images/doms/mathematical_drawing_instruments_doms_geoplus_geomtery_box_3.png
1647,ANG-STA-0585,DOMS Geoplus Geomtery Box (Series 2),ഡോംസ് geoplus geomtery box (series 2),Household & Stationery,pcs,Fixed,95.00,110.00,1 Geometry Box (₹95),1 Geometry Box: ₹95,https://aadutygzgrbexxuznqlr.supabase.co/storage/v1/object/public/item-images/doms/mathematical_drawing_instruments_doms_compass.webp
1648,ANG-STA-0586,DOMS Geoplus Geomtery Box (Edition 2),ഡോംസ് geoplus geomtery box (edition 2),Household & Stationery,pcs,Fixed,95.00,110.00,1 Geometry Box (₹95),1 Geometry Box: ₹95,https://aadutygzgrbexxuznqlr.supabase.co/storage/v1/object/public/item-images/doms/mathematical_drawing_instruments_doms_geoplus_geomtery_box_2.webp
1649,ANG-STA-0587,DOMS Geotron,ഡോംസ് geotron,Household & Stationery,pcs,Fixed,95.00,110.00,1 Geometry Box (₹95),1 Geometry Box: ₹95,https://aadutygzgrbexxuznqlr.supabase.co/storage/v1/object/public/item-images/doms/mathematical_drawing_instruments_doms_geotron_2.webp
1650,ANG-STA-0588,DOMS Geotron (Series 2),ഡോംസ് geotron (series 2),Household & Stationery,pcs,Fixed,95.00,110.00,1 Geometry Box (₹95),1 Geometry Box: ₹95,https://aadutygzgrbexxuznqlr.supabase.co/storage/v1/object/public/item-images/doms/mathematical_drawing_instruments_doms_geotron.webp
1651,ANG-STA-0589,DOMS ISRO,ഡോംസ് isro,Household & Stationery,pcs,Fixed,95.00,110.00,1 Geometry Box (₹95),1 Geometry Box: ₹95,https://aadutygzgrbexxuznqlr.supabase.co/storage/v1/object/public/item-images/doms/mathematical_drawing_instruments_doms_isro_2.webp
1652,ANG-STA-0590,DOMS ISRO (Series 2),ഡോംസ് isro (series 2),Household & Stationery,pcs,Fixed,95.00,110.00,1 Geometry Box (₹95),1 Geometry Box: ₹95,https://aadutygzgrbexxuznqlr.supabase.co/storage/v1/object/public/item-images/doms/mathematical_drawing_instruments_doms_isro.webp
1653,ANG-STA-0591,DOMS Mathematical Set,ഡോംസ് മാത്തമാറ്റിക്കൽ സെറ്റ്,Household & Stationery,pcs,Fixed,95.00,110.00,1 Geometry Box (₹95),1 Geometry Box: ₹95,https://aadutygzgrbexxuznqlr.supabase.co/storage/v1/object/public/item-images/doms/mathematical_drawing_instruments_doms_geoplus_geomtery_box_2.webp
1654,ANG-STA-0592,DOMS Protractor,ഡോംസ് പ്രൊട്രാക്ടർ,Household & Stationery,pcs,Fixed,35.00,41.00,1 Pc (₹35),1 Pc: ₹35,https://aadutygzgrbexxuznqlr.supabase.co/storage/v1/object/public/item-images/doms/mathematical_drawing_instruments_doms_protractor_2.webp
1655,ANG-STA-0593,DOMS Protractor (Series 2),ഡോംസ് പ്രൊട്രാക്ടർ (series 2),Household & Stationery,pcs,Fixed,35.00,41.00,1 Pc (₹35),1 Pc: ₹35,https://aadutygzgrbexxuznqlr.supabase.co/storage/v1/object/public/item-images/doms/mathematical_drawing_instruments_doms_protractor.webp
1656,ANG-STA-0594,DOMS Scales (15 cms),ഡോംസ് സ്കെയിൽ (15 cms),Household & Stationery,pcs,Fixed,10.00,12.00,15 cm Scale (1 Pc) (₹10),15 cm Scale (1 Pc): ₹10 | Pack of 5: ₹45,https://aadutygzgrbexxuznqlr.supabase.co/storage/v1/object/public/item-images/doms/mathematical_drawing_instruments_doms_e_mech.webp
1657,ANG-STA-0595,DOMS Scales (20 cms),ഡോംസ് സ്കെയിൽ (20 cms),Household & Stationery,pcs,Fixed,10.00,12.00,15 cm Scale (1 Pc) (₹10),15 cm Scale (1 Pc): ₹10 | Pack of 5: ₹45,https://aadutygzgrbexxuznqlr.supabase.co/storage/v1/object/public/item-images/doms/mathematical_drawing_instruments_doms_isro.webp
1658,ANG-STA-0596,DOMS Scales (30 cms),ഡോംസ് സ്കെയിൽ (30 cms),Household & Stationery,pcs,Fixed,20.00,23.00,30 cm Scale (1 Pc) (₹20),30 cm Scale (1 Pc): ₹20,https://aadutygzgrbexxuznqlr.supabase.co/storage/v1/object/public/item-images/doms/mathematical_drawing_instruments_doms_engineo.webp
1659,ANG-STA-0597,DOMS X1 Premium,ഡോംസ് x1 premium,Household & Stationery,pcs,Fixed,95.00,110.00,1 Geometry Box (₹95),1 Geometry Box: ₹95,https://aadutygzgrbexxuznqlr.supabase.co/storage/v1/object/public/item-images/doms/mathematical_drawing_instruments_doms_x1_premium_2.webp
1660,ANG-STA-0598,DOMS X1 Premium (Series 2),ഡോംസ് x1 premium (series 2),Household & Stationery,pcs,Fixed,95.00,110.00,1 Geometry Box (₹95),1 Geometry Box: ₹95,https://aadutygzgrbexxuznqlr.supabase.co/storage/v1/object/public/item-images/doms/mathematical_drawing_instruments_doms_x1_premium.webp
1661,ANG-STA-0599,DOMS CD/DVD/OHP Marker Pens (Series 2),ഡോംസ് സിഡി/ഡിവിഡി മാർക്കർ പെന്നുകൾ (series 2),Household & Stationery,pcs,Fixed,25.00,29.00,1 Marker / Highlighter (₹25),1 Marker / Highlighter: ₹25 | Pack of 4 / 5: ₹110,https://aadutygzgrbexxuznqlr.supabase.co/storage/v1/object/public/item-images/doms/markers_highlighters_doms_cd_dvd_ohp_marker_pens.webp
1662,ANG-STA-0600,DOMS Inxten Permanent Marker Pens,ഡോംസ് inxten permanent മാർക്കർ പെന്നുകൾ,Household & Stationery,pcs,Fixed,25.00,29.00,1 Marker / Highlighter (₹25),1 Marker / Highlighter: ₹25 | Pack of 4 / 5: ₹110,https://aadutygzgrbexxuznqlr.supabase.co/storage/v1/object/public/item-images/doms/markers_highlighters_doms_inxten_permanent_marker_pens.webp
1663,ANG-STA-0601,DOMS INXTEN Whiteboard Marker,ഡോംസ് inxten വൈറ്റ്ബോർഡ് മാർക്കർ,Household & Stationery,pcs,Fixed,25.00,29.00,1 Marker / Highlighter (₹25),1 Marker / Highlighter: ₹25 | Pack of 4 / 5: ₹110,https://aadutygzgrbexxuznqlr.supabase.co/storage/v1/object/public/item-images/doms/markers_highlighters_doms_inxten_whiteboard_marker.webp
1664,ANG-STA-0602,DOMS Magnetic Whiteboard Duster,ഡോംസ് magnetic whiteboard duster,Household & Stationery,pcs,Fixed,25.00,29.00,1 Marker / Highlighter (₹25),1 Marker / Highlighter: ₹25 | Pack of 4 / 5: ₹110,https://aadutygzgrbexxuznqlr.supabase.co/storage/v1/object/public/item-images/doms/markers_highlighters_doms_magnetic_whiteboard_duster.webp
1665,ANG-STA-0603,DOMS REFILO Marker Inks,ഡോംസ് refilo marker inks,Household & Stationery,pcs,Fixed,25.00,29.00,1 Marker / Highlighter (₹25),1 Marker / Highlighter: ₹25 | Pack of 4 / 5: ₹110,https://aadutygzgrbexxuznqlr.supabase.co/storage/v1/object/public/item-images/doms/markers_highlighters_doms_refilo_marker_inks.webp
1666,ANG-STA-0604,DOMS REFILO Permanent Marker Pens,ഡോംസ് refilo permanent മാർക്കർ പെന്നുകൾ,Household & Stationery,pcs,Fixed,25.00,29.00,1 Marker / Highlighter (₹25),1 Marker / Highlighter: ₹25 | Pack of 4 / 5: ₹110,https://aadutygzgrbexxuznqlr.supabase.co/storage/v1/object/public/item-images/doms/markers_highlighters_doms_refilo_permanent_marker_pens.webp
1667,ANG-STA-0605,DOMS REFILO Whiteboard Marker Pens,ഡോംസ് refilo whiteboard മാർക്കർ പെന്നുകൾ,Household & Stationery,pcs,Fixed,25.00,29.00,1 Marker / Highlighter (₹25),1 Marker / Highlighter: ₹25 | Pack of 4 / 5: ₹110,https://aadutygzgrbexxuznqlr.supabase.co/storage/v1/object/public/item-images/doms/markers_highlighters_doms_refilo_whiteboard_marker_pens.webp
1668,ANG-STA-0606,DOMS Super Neon Highlighters,ഡോംസ് super neon ഹൈലൈറ്ററുകൾ,Household & Stationery,pcs,Fixed,25.00,29.00,1 Marker / Highlighter (₹25),1 Marker / Highlighter: ₹25 | Pack of 4 / 5: ₹110,https://aadutygzgrbexxuznqlr.supabase.co/storage/v1/object/public/item-images/doms/markers_highlighters_doms_super_neon_highlighters.webp
1669,ANG-STA-0607,DOMS Whitener Pens 3ml,ഡോംസ് whitener pens 3ml,Household & Stationery,pcs,Fixed,25.00,29.00,1 Marker / Highlighter (₹25),1 Marker / Highlighter: ₹25 | Pack of 4 / 5: ₹110,https://aadutygzgrbexxuznqlr.supabase.co/storage/v1/object/public/item-images/doms/markers_highlighters_doms_whitener_pens.webp
1670,ANG-STA-0608,DOMS Whitener Pens 7ml,ഡോംസ് whitener pens 7ml,Household & Stationery,pcs,Fixed,25.00,29.00,1 Marker / Highlighter (₹25),1 Marker / Highlighter: ₹25 | Pack of 4 / 5: ₹110,https://aadutygzgrbexxuznqlr.supabase.co/storage/v1/object/public/item-images/doms/markers_highlighters_doms_whitener_pens_2.webp
1671,ANG-STA-0609,DOMS All The Best Kit,ഡോംസ് all the best കിറ്റ്,Household & Stationery,pack,Fixed,99.00,114.00,1 Complete Kit (₹99),1 Complete Kit: ₹99,https://aadutygzgrbexxuznqlr.supabase.co/storage/v1/object/public/item-images/doms/gifting_doms_all_the_best_kit.webp
1672,ANG-STA-0610,DOMS Art AMAZE KIT,ഡോംസ് art amaze കിറ്റ്,Household & Stationery,pack,Fixed,149.00,172.00,1 Complete Kit (₹149),1 Complete Kit: ₹149,https://aadutygzgrbexxuznqlr.supabase.co/storage/v1/object/public/item-images/doms/gifting_doms_art_amaze_kit.webp
1673,ANG-STA-0611,DOMS Art Amusement Kit,ഡോംസ് ആർട്ട് അമ്യൂസ്മെന്റ് കിറ്റ്,Household & Stationery,pack,Fixed,149.00,172.00,1 Complete Kit (₹149),1 Complete Kit: ₹149,https://aadutygzgrbexxuznqlr.supabase.co/storage/v1/object/public/item-images/doms/gifting_doms_art_amusement_kit_modern_trade_product.webp
1674,ANG-STA-0612,DOMS Art Apps NXT Kit,ഡോംസ് art apps nxt കിറ്റ്,Household & Stationery,pack,Fixed,149.00,172.00,1 Complete Kit (₹149),1 Complete Kit: ₹149,https://aadutygzgrbexxuznqlr.supabase.co/storage/v1/object/public/item-images/doms/gifting_doms_art_apps_nxt_kit.webp
1675,ANG-STA-0613,DOMS Art Carnival Kit,ഡോംസ് ആർട്ട് കാർണിവൽ കിറ്റ്,Household & Stationery,pack,Fixed,199.00,229.00,1 Complete Kit (₹199),1 Complete Kit: ₹199,https://aadutygzgrbexxuznqlr.supabase.co/storage/v1/object/public/item-images/doms/gifting_doms_art_carnival_kit.webp
1676,ANG-STA-0614,DOMS Art Express Kit,ഡോംസ് art express കിറ്റ്,Household & Stationery,pack,Fixed,149.00,172.00,1 Complete Kit (₹149),1 Complete Kit: ₹149,https://aadutygzgrbexxuznqlr.supabase.co/storage/v1/object/public/item-images/doms/gifting_doms_art_express_kit_modern_trade_product.webp
1677,ANG-STA-0615,DOMS Art Gear Kit,ഡോംസ് art gear കിറ്റ്,Household & Stationery,pack,Fixed,149.00,172.00,1 Complete Kit (₹149),1 Complete Kit: ₹149,https://aadutygzgrbexxuznqlr.supabase.co/storage/v1/object/public/item-images/doms/gifting_doms_art_gear_kit_2.webp
1678,ANG-STA-0616,DOMS Art Gear Kit (Series 2),ഡോംസ് art gear കിറ്റ് (series 2),Household & Stationery,pack,Fixed,149.00,172.00,1 Complete Kit (₹149),1 Complete Kit: ₹149,https://aadutygzgrbexxuznqlr.supabase.co/storage/v1/object/public/item-images/doms/gifting_doms_art_gear_kit.webp
1679,ANG-STA-0617,DOMS ART PEPS KIT,ഡോംസ് art peps കിറ്റ്,Household & Stationery,pack,Fixed,149.00,172.00,1 Complete Kit (₹149),1 Complete Kit: ₹149,https://aadutygzgrbexxuznqlr.supabase.co/storage/v1/object/public/item-images/doms/gifting_doms_art_peps_kit.webp
1680,ANG-STA-0618,DOMS Art Strokes Kit,ഡോംസ് ആർട്ട് സ്ട്രോക്ക്സ് കിറ്റ്,Household & Stationery,pack,Fixed,199.00,229.00,1 Complete Kit (₹199),1 Complete Kit: ₹199,https://aadutygzgrbexxuznqlr.supabase.co/storage/v1/object/public/item-images/doms/gifting_doms_art_strokes_kit.webp
1681,ANG-STA-0619,DOMS Art Zania Kit,ഡോംസ് art zania കിറ്റ്,Household & Stationery,pack,Fixed,149.00,172.00,1 Complete Kit (₹149),1 Complete Kit: ₹149,https://aadutygzgrbexxuznqlr.supabase.co/storage/v1/object/public/item-images/doms/gifting_doms_art_zania_kit.webp
1682,ANG-STA-0620,DOMS Artsy Kit,ഡോംസ് artsy കിറ്റ്,Household & Stationery,pack,Fixed,149.00,172.00,1 Complete Kit (₹149),1 Complete Kit: ₹149,https://aadutygzgrbexxuznqlr.supabase.co/storage/v1/object/public/item-images/doms/gifting_doms_artsy_kit.webp
1683,ANG-STA-0621,DOMS Camo Kit,ഡോംസ് camo കിറ്റ്,Household & Stationery,pack,Fixed,149.00,172.00,1 Complete Kit (₹149),1 Complete Kit: ₹149,https://aadutygzgrbexxuznqlr.supabase.co/storage/v1/object/public/item-images/doms/gifting_doms_camo_kit.webp
1684,ANG-STA-0622,DOMS Champions Kit,ഡോംസ് ചാമ്പ്യൻസ് കിറ്റ്,Household & Stationery,pack,Fixed,299.00,344.00,1 Complete Kit (₹299),1 Complete Kit: ₹299,https://aadutygzgrbexxuznqlr.supabase.co/storage/v1/object/public/item-images/doms/gifting_doms_champions_kit.webp
1685,ANG-STA-0623,DOMS Creatist Kit,ഡോംസ് creatist കിറ്റ്,Household & Stationery,pack,Fixed,149.00,172.00,1 Complete Kit (₹149),1 Complete Kit: ₹149,https://aadutygzgrbexxuznqlr.supabase.co/storage/v1/object/public/item-images/doms/gifting_doms_creatist_kit.webp
1686,ANG-STA-0624,DOMS Exam Essential Kit,ഡോംസ് exam essential കിറ്റ്,Household & Stationery,pack,Fixed,149.00,172.00,1 Complete Kit (₹149),1 Complete Kit: ₹149,https://aadutygzgrbexxuznqlr.supabase.co/storage/v1/object/public/item-images/doms/gifting_doms_exam_essential_kit.webp
1687,ANG-STA-0625,DOMS Fun Fiesta Kit,ഡോംസ് fun fiesta കിറ്റ്,Household & Stationery,pack,Fixed,149.00,172.00,1 Complete Kit (₹149),1 Complete Kit: ₹149,https://aadutygzgrbexxuznqlr.supabase.co/storage/v1/object/public/item-images/doms/gifting_doms_fun_fiesta_kit.webp
1688,ANG-STA-0626,DOMS Glamore Kit,ഡോംസ് glamore കിറ്റ്,Household & Stationery,pack,Fixed,149.00,172.00,1 Complete Kit (₹149),1 Complete Kit: ₹149,https://aadutygzgrbexxuznqlr.supabase.co/storage/v1/object/public/item-images/doms/gifting_doms_glamore_kit.webp
1689,ANG-STA-0627,DOMS Groove Kit,ഡോംസ് groove കിറ്റ്,Household & Stationery,pack,Fixed,149.00,172.00,1 Complete Kit (₹149),1 Complete Kit: ₹149,https://aadutygzgrbexxuznqlr.supabase.co/storage/v1/object/public/item-images/doms/gifting_doms_groove_kit.webp
1690,ANG-STA-0628,DOMS Groove Plus Pencil Kit,ഡോംസ് groove plus പെൻസിൽ കിറ്റ്,Household & Stationery,pack,Fixed,149.00,172.00,1 Complete Kit (₹149),1 Complete Kit: ₹149,https://aadutygzgrbexxuznqlr.supabase.co/storage/v1/object/public/item-images/doms/gifting_doms_groove_plus_pencil_kit.webp
1691,ANG-STA-0629,DOMS Happie Kit,ഡോംസ് happie കിറ്റ്,Household & Stationery,pack,Fixed,149.00,172.00,1 Complete Kit (₹149),1 Complete Kit: ₹149,https://aadutygzgrbexxuznqlr.supabase.co/storage/v1/object/public/item-images/doms/gifting_doms_happie_kit.webp
1692,ANG-STA-0630,DOMS Junior Art Kit,ഡോംസ് junior art കിറ്റ്,Household & Stationery,pack,Fixed,149.00,172.00,1 Complete Kit (₹149),1 Complete Kit: ₹149,https://aadutygzgrbexxuznqlr.supabase.co/storage/v1/object/public/item-images/doms/gifting_doms_junior_art_kit.webp
1693,ANG-STA-0631,DOMS My 1st Pencil Kit,ഡോംസ് my 1st പെൻസിൽ കിറ്റ്,Household & Stationery,pack,Fixed,149.00,172.00,1 Complete Kit (₹149),1 Complete Kit: ₹149,https://aadutygzgrbexxuznqlr.supabase.co/storage/v1/object/public/item-images/doms/gifting_doms_my_1st_pencil_kit.webp
1694,ANG-STA-0632,DOMS NEON GEAR KIT,ഡോംസ് neon gear കിറ്റ്,Household & Stationery,pack,Fixed,149.00,172.00,1 Complete Kit (₹149),1 Complete Kit: ₹149,https://aadutygzgrbexxuznqlr.supabase.co/storage/v1/object/public/item-images/doms/gifting_doms_neon_gear_kit.webp
1695,ANG-STA-0633,DOMS Neon Prime Kit,ഡോംസ് neon prime കിറ്റ്,Household & Stationery,pack,Fixed,149.00,172.00,1 Complete Kit (₹149),1 Complete Kit: ₹149,https://aadutygzgrbexxuznqlr.supabase.co/storage/v1/object/public/item-images/doms/gifting_doms_neon_prime_kit.webp
1696,ANG-STA-0634,DOMS Painting Kit,ഡോംസ് പെയിന്റിംഗ് കിറ്റ്,Household & Stationery,pack,Fixed,149.00,172.00,1 Complete Kit (₹149),1 Complete Kit: ₹149,https://aadutygzgrbexxuznqlr.supabase.co/storage/v1/object/public/item-images/doms/gifting_doms_painting_kit.webp
1697,ANG-STA-0635,DOMS Smart Kit,ഡോംസ് സ്മാർട്ട് സ്റ്റേഷനറി കിറ്റ്,Household & Stationery,pack,Fixed,99.00,114.00,1 Complete Kit (₹99),1 Complete Kit: ₹99,https://aadutygzgrbexxuznqlr.supabase.co/storage/v1/object/public/item-images/doms/gifting_doms_smart_kit.webp
1698,ANG-STA-0636,DOMS SPEEDZ Jr KIT,ഡോംസ് speedz jr കിറ്റ്,Household & Stationery,pack,Fixed,149.00,172.00,1 Complete Kit (₹149),1 Complete Kit: ₹149,https://aadutygzgrbexxuznqlr.supabase.co/storage/v1/object/public/item-images/doms/gifting_doms_speedz_jr_kit.webp
1699,ANG-STA-0637,DOMS Speedz Kit,ഡോംസ് speedz കിറ്റ്,Household & Stationery,pack,Fixed,149.00,172.00,1 Complete Kit (₹149),1 Complete Kit: ₹149,https://aadutygzgrbexxuznqlr.supabase.co/storage/v1/object/public/item-images/doms/gifting_doms_speedz_kit.webp
1700,ANG-STA-0638,DOMS Unicorn Jr Kit,ഡോംസ് unicorn jr കിറ്റ്,Household & Stationery,pack,Fixed,149.00,172.00,1 Complete Kit (₹149),1 Complete Kit: ₹149,https://aadutygzgrbexxuznqlr.supabase.co/storage/v1/object/public/item-images/doms/gifting_doms_unicorn_jr_kit.webp
1701,ANG-STA-0639,DOMS Unicorn Kit,ഡോംസ് unicorn കിറ്റ്,Household & Stationery,pack,Fixed,149.00,172.00,1 Complete Kit (₹149),1 Complete Kit: ₹149,https://aadutygzgrbexxuznqlr.supabase.co/storage/v1/object/public/item-images/doms/gifting_doms_unicorn_kit.webp
1702,ANG-STA-0640,DOMS Wonder Kit,ഡോംസ് wonder കിറ്റ്,Household & Stationery,pack,Fixed,149.00,172.00,1 Complete Kit (₹149),1 Complete Kit: ₹149,https://aadutygzgrbexxuznqlr.supabase.co/storage/v1/object/public/item-images/doms/gifting_doms_wonder_kit.webp
1703,ANG-STA-0641,DOMS Wow Kit,ഡോംസ് wow കിറ്റ്,Household & Stationery,pack,Fixed,149.00,172.00,1 Complete Kit (₹149),1 Complete Kit: ₹149,https://aadutygzgrbexxuznqlr.supabase.co/storage/v1/object/public/item-images/doms/gifting_doms_wow_kit.webp
1704,ANG-STA-0642,DOMS Exam Essential Kit (Edition 2),ഡോംസ് exam essential കിറ്റ് (edition 2),Household & Stationery,pack,Fixed,149.00,172.00,1 Complete Kit (₹149),1 Complete Kit: ₹149,https://aadutygzgrbexxuznqlr.supabase.co/storage/v1/object/public/item-images/doms/gifting_doms_exam_essential_kit_2.webp
1705,ANG-STA-0643,DOMS Groove Kit (Edition 2),ഡോംസ് groove കിറ്റ് (edition 2),Household & Stationery,pack,Fixed,149.00,172.00,1 Complete Kit (₹149),1 Complete Kit: ₹149,https://aadutygzgrbexxuznqlr.supabase.co/storage/v1/object/public/item-images/doms/gifting_doms_groove_kit_2.webp
1706,ANG-STA-0644,DOMS Neon Prime Kit (Edition 2),ഡോംസ് neon prime കിറ്റ് (edition 2),Household & Stationery,pack,Fixed,149.00,172.00,1 Complete Kit (₹149),1 Complete Kit: ₹149,https://aadutygzgrbexxuznqlr.supabase.co/storage/v1/object/public/item-images/doms/gifting_doms_neon_prime_kit_2.webp
1707,ANG-STA-0645,DOMS All The Best Kit (Edition 2),ഡോംസ് all the best കിറ്റ് (edition 2),Household & Stationery,pack,Fixed,99.00,114.00,1 Complete Kit (₹99),1 Complete Kit: ₹99,https://aadutygzgrbexxuznqlr.supabase.co/storage/v1/object/public/item-images/doms/gifting_doms_all_the_best_kit_2.webp
1708,ANG-STA-0646,DOMS Unicorn Jr Kit (Edition 2),ഡോംസ് unicorn jr കിറ്റ് (edition 2),Household & Stationery,pack,Fixed,149.00,172.00,1 Complete Kit (₹149),1 Complete Kit: ₹149,https://aadutygzgrbexxuznqlr.supabase.co/storage/v1/object/public/item-images/doms/gifting_doms_unicorn_jr_kit_2.webp
1709,ANG-STA-0647,DOMS SPEEDZ Jr KIT (Edition 2),ഡോംസ് speedz jr കിറ്റ് (edition 2),Household & Stationery,pack,Fixed,149.00,172.00,1 Complete Kit (₹149),1 Complete Kit: ₹149,https://aadutygzgrbexxuznqlr.supabase.co/storage/v1/object/public/item-images/doms/gifting_doms_speedz_jr_kit_2.webp
1710,ANG-STA-0648,DOMS Art Express Kit (Series 2),ഡോംസ് art express കിറ്റ് (series 2),Household & Stationery,pack,Fixed,149.00,172.00,1 Complete Kit (₹149),1 Complete Kit: ₹149,https://aadutygzgrbexxuznqlr.supabase.co/storage/v1/object/public/item-images/doms/gifting_doms_art_express_kit.webp
1711,ANG-STA-0649,DOMS Smart Kit (Edition 2),ഡോംസ് സ്മാർട്ട് സ്റ്റേഷനറി കിറ്റ് (edition 2),Household & Stationery,pack,Fixed,99.00,114.00,1 Complete Kit (₹99),1 Complete Kit: ₹99,https://aadutygzgrbexxuznqlr.supabase.co/storage/v1/object/public/item-images/doms/gifting_doms_smart_kit_2.webp
1712,ANG-STA-0650,DOMS Camo Kit (Edition 2),ഡോംസ് camo കിറ്റ് (edition 2),Household & Stationery,pack,Fixed,149.00,172.00,1 Complete Kit (₹149),1 Complete Kit: ₹149,https://aadutygzgrbexxuznqlr.supabase.co/storage/v1/object/public/item-images/doms/gifting_doms_camo_kit_2.webp
1713,ANG-STA-0651,DOMS Glamore Kit (Edition 2),ഡോംസ് glamore കിറ്റ് (edition 2),Household & Stationery,pack,Fixed,149.00,172.00,1 Complete Kit (₹149),1 Complete Kit: ₹149,https://aadutygzgrbexxuznqlr.supabase.co/storage/v1/object/public/item-images/doms/gifting_doms_glamore_kit_2.webp
1714,ANG-STA-0652,DOMS Art Carnival Kit (Edition 2),ഡോംസ് ആർട്ട് കാർണിവൽ കിറ്റ് (edition 2),Household & Stationery,pack,Fixed,199.00,229.00,1 Complete Kit (₹199),1 Complete Kit: ₹199,https://aadutygzgrbexxuznqlr.supabase.co/storage/v1/object/public/item-images/doms/gifting_doms_art_carnival_kit_2.webp
1715,ANG-STA-0653,DOMS Junior Art Kit (Edition 2),ഡോംസ് junior art കിറ്റ് (edition 2),Household & Stationery,pack,Fixed,149.00,172.00,1 Complete Kit (₹149),1 Complete Kit: ₹149,https://aadutygzgrbexxuznqlr.supabase.co/storage/v1/object/public/item-images/doms/gifting_doms_junior_art_kit_2.webp
1716,ANG-STA-0654,DOMS Unicorn Kit (Edition 2),ഡോംസ് unicorn കിറ്റ് (edition 2),Household & Stationery,pack,Fixed,149.00,172.00,1 Complete Kit (₹149),1 Complete Kit: ₹149,https://aadutygzgrbexxuznqlr.supabase.co/storage/v1/object/public/item-images/doms/gifting_doms_unicorn_kit_2.webp
1717,ANG-STA-0655,DOMS Art Zania Kit (Edition 2),ഡോംസ് art zania കിറ്റ് (edition 2),Household & Stationery,pack,Fixed,149.00,172.00,1 Complete Kit (₹149),1 Complete Kit: ₹149,https://aadutygzgrbexxuznqlr.supabase.co/storage/v1/object/public/item-images/doms/gifting_doms_art_zania_kit_2.webp
1718,ANG-STA-0656,DOMS Speedz Kit (Edition 2),ഡോംസ് speedz കിറ്റ് (edition 2),Household & Stationery,pack,Fixed,149.00,172.00,1 Complete Kit (₹149),1 Complete Kit: ₹149,https://aadutygzgrbexxuznqlr.supabase.co/storage/v1/object/public/item-images/doms/gifting_doms_speedz_kit_2.webp
1719,ANG-STA-0657,DOMS Art Apps NXT Kit (Edition 2),ഡോംസ് art apps nxt കിറ്റ് (edition 2),Household & Stationery,pack,Fixed,149.00,172.00,1 Complete Kit (₹149),1 Complete Kit: ₹149,https://aadutygzgrbexxuznqlr.supabase.co/storage/v1/object/public/item-images/doms/gifting_doms_art_apps_nxt_kit_2.webp
1720,ANG-STA-0658,DOMS Painting Kit (Edition 2),ഡോംസ് പെയിന്റിംഗ് കിറ്റ് (edition 2),Household & Stationery,pack,Fixed,149.00,172.00,1 Complete Kit (₹149),1 Complete Kit: ₹149,https://aadutygzgrbexxuznqlr.supabase.co/storage/v1/object/public/item-images/doms/gifting_doms_painting_kit_2.webp
1721,ANG-STA-0659,DOMS Art Strokes Kit (Edition 2),ഡോംസ് ആർട്ട് സ്ട്രോക്ക്സ് കിറ്റ് (edition 2),Household & Stationery,pack,Fixed,199.00,229.00,1 Complete Kit (₹199),1 Complete Kit: ₹199,https://aadutygzgrbexxuznqlr.supabase.co/storage/v1/object/public/item-images/doms/gifting_doms_art_strokes_kit_2.webp
1722,ANG-STA-0660,DOMS Champions Kit (Edition 2),ഡോംസ് ചാമ്പ്യൻസ് കിറ്റ് (edition 2),Household & Stationery,pack,Fixed,299.00,344.00,1 Complete Kit (₹299),1 Complete Kit: ₹299,https://aadutygzgrbexxuznqlr.supabase.co/storage/v1/object/public/item-images/doms/gifting_doms_champions_kit_2.webp
1723,ANG-STA-0661,DOMS Art Amusement Kit (Series 2),ഡോംസ് ആർട്ട് അമ്യൂസ്മെന്റ് കിറ്റ് (series 2),Household & Stationery,pack,Fixed,149.00,172.00,1 Complete Kit (₹149),1 Complete Kit: ₹149,https://aadutygzgrbexxuznqlr.supabase.co/storage/v1/object/public/item-images/doms/gifting_doms_art_amusement_kit.webp
1724,ANG-STA-0662,DOMS Fun Fiesta Kit (Edition 2),ഡോംസ് fun fiesta കിറ്റ് (edition 2),Household & Stationery,pack,Fixed,149.00,172.00,1 Complete Kit (₹149),1 Complete Kit: ₹149,https://aadutygzgrbexxuznqlr.supabase.co/storage/v1/object/public/item-images/doms/gifting_doms_fun_fiesta_kit_2.webp
1725,ANG-STA-0663,DOMS Happie Kit (Edition 2),ഡോംസ് happie കിറ്റ് (edition 2),Household & Stationery,pack,Fixed,149.00,172.00,1 Complete Kit (₹149),1 Complete Kit: ₹149,https://aadutygzgrbexxuznqlr.supabase.co/storage/v1/object/public/item-images/doms/gifting_doms_happie_kit_2.webp
1726,ANG-STA-0664,DOMS Wow Kit (Edition 2),ഡോംസ് wow കിറ്റ് (edition 2),Household & Stationery,pack,Fixed,149.00,172.00,1 Complete Kit (₹149),1 Complete Kit: ₹149,https://aadutygzgrbexxuznqlr.supabase.co/storage/v1/object/public/item-images/doms/gifting_doms_wow_kit_2.webp
1727,ANG-STA-0665,DOMS Wonder Kit (Edition 2),ഡോംസ് wonder കിറ്റ് (edition 2),Household & Stationery,pack,Fixed,149.00,172.00,1 Complete Kit (₹149),1 Complete Kit: ₹149,https://aadutygzgrbexxuznqlr.supabase.co/storage/v1/object/public/item-images/doms/gifting_doms_wonder_kit_2.webp
1728,ANG-STA-0666,DOMS My 1st Pencil Kit (Edition 2),ഡോംസ് my 1st പെൻസിൽ കിറ്റ് (edition 2),Household & Stationery,pack,Fixed,149.00,172.00,1 Complete Kit (₹149),1 Complete Kit: ₹149,https://aadutygzgrbexxuznqlr.supabase.co/storage/v1/object/public/item-images/doms/gifting_doms_my_1st_pencil_kit_2.webp
1729,ANG-STA-0667,DOMS Acrylic Colours,ഡോംസ് acrylic colours,Household & Stationery,pack,Fixed,45.00,52.00,1 Set / Pack (₹45),1 Set / Pack: ₹45,https://aadutygzgrbexxuznqlr.supabase.co/storage/v1/object/public/item-images/doms/drawing_colouring_doms_acrylic_colours.webp
1730,ANG-STA-0668,DOMS Aqua Colour Cakes 15MM,ഡോംസ് aqua colour cakes 15mm,Household & Stationery,pack,Fixed,45.00,52.00,1 Set / Pack (₹45),1 Set / Pack: ₹45,https://aadutygzgrbexxuznqlr.supabase.co/storage/v1/object/public/item-images/doms/drawing_colouring_doms_aqua_colour_cakes_15mm.webp
1731,ANG-STA-0669,DOMS Aqua Colour Cakes 23MM,ഡോംസ് aqua colour cakes 23mm,Household & Stationery,pack,Fixed,45.00,52.00,1 Set / Pack (₹45),1 Set / Pack: ₹45,https://aadutygzgrbexxuznqlr.supabase.co/storage/v1/object/public/item-images/doms/drawing_colouring_doms_aqua_colour_cakes_23mm.webp
1732,ANG-STA-0670,DOMS Aqua Colour Cakes 30MM,ഡോംസ് aqua colour cakes 30mm,Household & Stationery,pack,Fixed,45.00,52.00,1 Set / Pack (₹45),1 Set / Pack: ₹45,https://aadutygzgrbexxuznqlr.supabase.co/storage/v1/object/public/item-images/doms/drawing_colouring_doms_aqua_colour_cakes_30mm.webp
1733,ANG-STA-0671,DOMS Aqua Water Colour Pens,ഡോംസ് aqua water colour pens,Household & Stationery,pack,Fixed,75.00,87.00,1 Set / Pack (₹75),1 Set / Pack: ₹75,https://aadutygzgrbexxuznqlr.supabase.co/storage/v1/object/public/item-images/doms/drawing_colouring_doms_aqua_water_colour_pens.webp
1734,ANG-STA-0672,DOMS Artistic Brush Zip Case,ഡോംസ് artistic brush zip case,Household & Stationery,pack,Fixed,45.00,52.00,1 Set / Pack (₹45),1 Set / Pack: ₹45,https://aadutygzgrbexxuznqlr.supabase.co/storage/v1/object/public/item-images/doms/drawing_colouring_doms_artistic_brush_zip_case.webp
1735,ANG-STA-0673,DOMS Artistic Brushes,ഡോംസ് artistic brushes,Household & Stationery,pack,Fixed,45.00,52.00,1 Set / Pack (₹45),1 Set / Pack: ₹45,https://aadutygzgrbexxuznqlr.supabase.co/storage/v1/object/public/item-images/doms/drawing_colouring_doms_artistic_brushes.webp
1736,ANG-STA-0674,DOMS Bi-Colour Pencils,ഡോംസ് bi-colour പെൻസിലുകൾ,Household & Stationery,pack,Fixed,45.00,52.00,1 Set / Pack (₹45),1 Set / Pack: ₹45,https://aadutygzgrbexxuznqlr.supabase.co/storage/v1/object/public/item-images/doms/drawing_colouring_doms_bi_colour_pencils.webp
1737,ANG-STA-0675,DOMS Bi-Colour Wax Crayons,ഡോംസ് bi-colour വാക്സ് ക്രയോൺസ്,Household & Stationery,pack,Fixed,40.00,46.00,1 Set / Pack (₹40),1 Set / Pack: ₹40,https://aadutygzgrbexxuznqlr.supabase.co/storage/v1/object/public/item-images/doms/drawing_colouring_doms_bi_colour_wax_crayons.webp
1738,ANG-STA-0676,DOMS Brush Pens,ഡോംസ് ബ്രഷ് പെന്നുകൾ,Household & Stationery,pack,Fixed,150.00,173.00,1 Set / Pack (₹150),1 Set / Pack: ₹150,https://aadutygzgrbexxuznqlr.supabase.co/storage/v1/object/public/item-images/doms/drawing_colouring_doms_brush_pens.webp
1739,ANG-STA-0677,DOMS Colour Pencils,ഡോംസ് colour പെൻസിലുകൾ,Household & Stationery,pack,Fixed,45.00,52.00,1 Set / Pack (₹45),1 Set / Pack: ₹45,https://aadutygzgrbexxuznqlr.supabase.co/storage/v1/object/public/item-images/doms/drawing_colouring_doms_colour_pencils.webp
1740,ANG-STA-0678,DOMS Colour Pencils 50S FSC,ഡോംസ് colour പെൻസിലുകൾ 50s fsc,Household & Stationery,pack,Fixed,45.00,52.00,1 Set / Pack (₹45),1 Set / Pack: ₹45,https://aadutygzgrbexxuznqlr.supabase.co/storage/v1/object/public/item-images/doms/drawing_colouring_doms_colour_pencils_50s_fsc.webp
1741,ANG-STA-0679,DOMS Colour Pencils Flat Tin,ഡോംസ് colour പെൻസിലുകൾ flat tin,Household & Stationery,pack,Fixed,45.00,52.00,1 Set / Pack (₹45),1 Set / Pack: ₹45,https://aadutygzgrbexxuznqlr.supabase.co/storage/v1/object/public/item-images/doms/drawing_colouring_doms_colour_pencils_flat_tin.webp
1742,ANG-STA-0680,DOMS Colour Pencils Round Tin,ഡോംസ് colour പെൻസിലുകൾ round tin,Household & Stationery,pack,Fixed,45.00,52.00,1 Set / Pack (₹45),1 Set / Pack: ₹45,https://aadutygzgrbexxuznqlr.supabase.co/storage/v1/object/public/item-images/doms/drawing_colouring_doms_colour_pencils_round_tin.webp
1743,ANG-STA-0681,DOMS Colourmate Brushes,ഡോംസ് colourmate brushes,Household & Stationery,pack,Fixed,45.00,52.00,1 Set / Pack (₹45),1 Set / Pack: ₹45,https://aadutygzgrbexxuznqlr.supabase.co/storage/v1/object/public/item-images/doms/drawing_colouring_doms_colourmate_brushes.webp
1744,ANG-STA-0682,DOMS Dommymate Plastic Crayons,ഡോംസ് dommymate പ്ലാസ്റ്റിക് ക്രയോൺസ്,Household & Stationery,pack,Fixed,40.00,46.00,1 Set / Pack (₹40),1 Set / Pack: ₹40,https://aadutygzgrbexxuznqlr.supabase.co/storage/v1/object/public/item-images/doms/drawing_colouring_doms_dommymate_plastic_crayons.webp
1745,ANG-STA-0683,DOMS Floating Markers,ഡോംസ് floating markers,Household & Stationery,pack,Fixed,45.00,52.00,1 Set / Pack (₹45),1 Set / Pack: ₹45,https://aadutygzgrbexxuznqlr.supabase.co/storage/v1/object/public/item-images/doms/drawing_colouring_doms_floating_markers.webp
1746,ANG-STA-0684,DOMS Fluid Acrylic Colours,ഡോംസ് fluid acrylic colours,Household & Stationery,pack,Fixed,45.00,52.00,1 Set / Pack (₹45),1 Set / Pack: ₹45,https://aadutygzgrbexxuznqlr.supabase.co/storage/v1/object/public/item-images/doms/drawing_colouring_doms_fluid_acrylic_colours.webp
1747,ANG-STA-0685,DOMS Grip pop plastic crayons,ഡോംസ് grip pop പ്ലാസ്റ്റിക് ക്രയോൺസ്,Household & Stationery,pack,Fixed,40.00,46.00,1 Set / Pack (₹40),1 Set / Pack: ₹40,https://aadutygzgrbexxuznqlr.supabase.co/storage/v1/object/public/item-images/doms/drawing_colouring_doms_grip_pop_plastic_crayons.webp
1748,ANG-STA-0686,DOMS Grippie Plastic Crayons,ഡോംസ് grippie പ്ലാസ്റ്റിക് ക്രയോൺസ്,Household & Stationery,pack,Fixed,40.00,46.00,1 Set / Pack (₹40),1 Set / Pack: ₹40,https://aadutygzgrbexxuznqlr.supabase.co/storage/v1/object/public/item-images/doms/drawing_colouring_doms_grippie_plastic_crayons.webp
1749,ANG-STA-0687,DOMS Groove Plastic Crayons,ഡോംസ് groove പ്ലാസ്റ്റിക് ക്രയോൺസ്,Household & Stationery,pack,Fixed,40.00,46.00,1 Set / Pack (₹40),1 Set / Pack: ₹40,https://aadutygzgrbexxuznqlr.supabase.co/storage/v1/object/public/item-images/doms/drawing_colouring_doms_groove_plastic_crayons.webp
1750,ANG-STA-0688,DOMS Jumbo Magic Pens,ഡോംസ് jumbo magic pens,Household & Stationery,pack,Fixed,45.00,52.00,1 Set / Pack (₹45),1 Set / Pack: ₹45,https://aadutygzgrbexxuznqlr.supabase.co/storage/v1/object/public/item-images/doms/drawing_colouring_doms_jumbo_magic_pens.webp
1751,ANG-STA-0689,DOMS Jumbo Sketch Max,ഡോംസ് jumbo sketch max,Household & Stationery,pack,Fixed,45.00,52.00,1 Set / Pack (₹45),1 Set / Pack: ₹45,https://aadutygzgrbexxuznqlr.supabase.co/storage/v1/object/public/item-images/doms/drawing_colouring_doms_jumbo_sketch_max.webp
1752,ANG-STA-0690,DOMS Jumbo Sketch Max (Edition 2),ഡോംസ് jumbo sketch max (edition 2),Household & Stationery,pack,Fixed,45.00,52.00,1 Set / Pack (₹45),1 Set / Pack: ₹45,https://aadutygzgrbexxuznqlr.supabase.co/storage/v1/object/public/item-images/doms/drawing_colouring_doms_jumbo_sketch_max_2.webp
1753,ANG-STA-0691,DOMS Jumbo Wax Crayons,ഡോംസ് jumbo വാക്സ് ക്രയോൺസ്,Household & Stationery,pack,Fixed,40.00,46.00,1 Set / Pack (₹40),1 Set / Pack: ₹40,https://aadutygzgrbexxuznqlr.supabase.co/storage/v1/object/public/item-images/doms/drawing_colouring_doms_jumbo_wax_crayons.webp
1754,ANG-STA-0692,DOMS Long Wax Crayons,ഡോംസ് long വാക്സ് ക്രയോൺസ്,Household & Stationery,pack,Fixed,40.00,46.00,1 Set / Pack (₹40),1 Set / Pack: ₹40,https://aadutygzgrbexxuznqlr.supabase.co/storage/v1/object/public/item-images/doms/drawing_colouring_doms_long_wax_crayons.webp
1755,ANG-STA-0693,DOMS Magic Palette Aqua Colour 40mm,ഡോംസ് magic palette aqua colour 40mm,Household & Stationery,pack,Fixed,45.00,52.00,1 Set / Pack (₹45),1 Set / Pack: ₹45,https://aadutygzgrbexxuznqlr.supabase.co/storage/v1/object/public/item-images/doms/drawing_colouring_doms_magic_palette_aqua_colour_cakes_40mm.webp
1756,ANG-STA-0694,DOMS Metallic Brush Pens,ഡോംസ് metallic ബ്രഷ് പെന്നുകൾ,Household & Stationery,pack,Fixed,150.00,173.00,1 Set / Pack (₹150),1 Set / Pack: ₹150,https://aadutygzgrbexxuznqlr.supabase.co/storage/v1/object/public/item-images/doms/drawing_colouring_doms_metallic_brush_pens.webp
1757,ANG-STA-0695,DOMS Oil Pastels Box Pack,ഡോംസ് ഓയിൽ പാസ്റ്റൽസ് box pack,Household & Stationery,pack,Fixed,65.00,75.00,1 Set / Pack (₹65),1 Set / Pack: ₹65,https://aadutygzgrbexxuznqlr.supabase.co/storage/v1/object/public/item-images/doms/drawing_colouring_doms_oil_pastels_box_pack.webp
1758,ANG-STA-0696,DOMS Oil Pastels Plastic Pack,ഡോംസ് ഓയിൽ പാസ്റ്റൽസ് plastic pack,Household & Stationery,pack,Fixed,65.00,75.00,1 Set / Pack (₹65),1 Set / Pack: ₹65,https://aadutygzgrbexxuznqlr.supabase.co/storage/v1/object/public/item-images/doms/drawing_colouring_doms_oil_pastels_plastic_pack.webp
1759,ANG-STA-0697,DOMS Opti Grip Plastic Crayons,ഡോംസ് opti grip പ്ലാസ്റ്റിക് ക്രയോൺസ്,Household & Stationery,pack,Fixed,40.00,46.00,1 Set / Pack (₹40),1 Set / Pack: ₹40,https://aadutygzgrbexxuznqlr.supabase.co/storage/v1/object/public/item-images/doms/drawing_colouring_doms_opti_grip_plastic_crayons.webp
1760,ANG-STA-0698,DOMS Plastic Crayons,ഡോംസ് പ്ലാസ്റ്റിക് ക്രയോൺസ്,Household & Stationery,pack,Fixed,40.00,46.00,1 Set / Pack (₹40),1 Set / Pack: ₹40,https://aadutygzgrbexxuznqlr.supabase.co/storage/v1/object/public/item-images/doms/drawing_colouring_doms_plastic_crayons.webp
1761,ANG-STA-0699,DOMS Plastic Crayons (Edition 2),ഡോംസ് പ്ലാസ്റ്റിക് ക്രയോൺസ് (edition 2),Household & Stationery,pack,Fixed,40.00,46.00,1 Set / Pack (₹40),1 Set / Pack: ₹40,https://aadutygzgrbexxuznqlr.supabase.co/storage/v1/object/public/item-images/doms/drawing_colouring_doms_plastic_crayons_2.webp
1762,ANG-STA-0700,DOMS Poster Colours,ഡോംസ് പോസ്റ്റർ കളേഴ്സ്,Household & Stationery,pack,Fixed,120.00,138.00,1 Set / Pack (₹120),1 Set / Pack: ₹120,https://aadutygzgrbexxuznqlr.supabase.co/storage/v1/object/public/item-images/doms/drawing_colouring_doms_poster_colours.webp
1763,ANG-STA-0701,DOMS Refillable Aqua Cakes 12+6 Shades,ഡോംസ് refillable aqua cakes 12+6 shades,Household & Stationery,pack,Fixed,45.00,52.00,1 Set / Pack (₹45),1 Set / Pack: ₹45,https://aadutygzgrbexxuznqlr.supabase.co/storage/v1/object/public/item-images/doms/drawing_colouring_doms_refillable_aqua_colour_cakes_126_shades.webp
1764,ANG-STA-0702,DOMS Refillable Aqua Colour Cakes 12+6 Shades,ഡോംസ് refillable aqua colour cakes 12+6 shades,Household & Stationery,pack,Fixed,45.00,52.00,1 Set / Pack (₹45),1 Set / Pack: ₹45,https://aadutygzgrbexxuznqlr.supabase.co/storage/v1/object/public/item-images/doms/drawing_colouring_doms_refillable_aqua_colour_cakes_126_shades_2.webp
1765,ANG-STA-0703,DOMS Sketch Max,ഡോംസ് sketch max,Household & Stationery,pack,Fixed,45.00,52.00,1 Set / Pack (₹45),1 Set / Pack: ₹45,https://aadutygzgrbexxuznqlr.supabase.co/storage/v1/object/public/item-images/doms/drawing_colouring_doms_sketch_max.webp
1766,ANG-STA-0704,DOMS Sketch max Pens,ഡോംസ് sketch max pens,Household & Stationery,pack,Fixed,45.00,52.00,1 Set / Pack (₹45),1 Set / Pack: ₹45,https://aadutygzgrbexxuznqlr.supabase.co/storage/v1/object/public/item-images/doms/drawing_colouring_doms_sketch_max_pens.webp
1767,ANG-STA-0705,DOMS Super Washable Pens,ഡോംസ് super washable pens,Household & Stationery,pack,Fixed,45.00,52.00,1 Set / Pack (₹45),1 Set / Pack: ₹45,https://aadutygzgrbexxuznqlr.supabase.co/storage/v1/object/public/item-images/doms/drawing_colouring_doms_super_washable_pens.webp
1768,ANG-STA-0706,DOMS Tempera Colours,ഡോംസ് tempera colours,Household & Stationery,pack,Fixed,45.00,52.00,1 Set / Pack (₹45),1 Set / Pack: ₹45,https://aadutygzgrbexxuznqlr.supabase.co/storage/v1/object/public/item-images/doms/drawing_colouring_doms_tempera_colours.webp
1769,ANG-STA-0707,DOMS Tri Extra Long Wax Crayons,ഡോംസ് tri extra long വാക്സ് ക്രയോൺസ്,Household & Stationery,pack,Fixed,40.00,46.00,1 Set / Pack (₹40),1 Set / Pack: ₹40,https://aadutygzgrbexxuznqlr.supabase.co/storage/v1/object/public/item-images/doms/drawing_colouring_doms_extra_long_wax_crayons.webp
1770,ANG-STA-0708,DOMS Tri Jumbo Wax Crayons,ഡോംസ് tri jumbo വാക്സ് ക്രയോൺസ്,Household & Stationery,pack,Fixed,40.00,46.00,1 Set / Pack (₹40),1 Set / Pack: ₹40,https://aadutygzgrbexxuznqlr.supabase.co/storage/v1/object/public/item-images/doms/drawing_colouring_doms_tri_jumbo_wax_crayons.webp
1771,ANG-STA-0709,DOMS Water Colour Pencils,ഡോംസ് water colour പെൻസിലുകൾ,Household & Stationery,pack,Fixed,75.00,87.00,1 Set / Pack (₹75),1 Set / Pack: ₹75,https://aadutygzgrbexxuznqlr.supabase.co/storage/v1/object/public/item-images/doms/drawing_colouring_doms_water_colour_pencils.webp
1772,ANG-STA-0710,DOMS Water Colour Pens,ഡോംസ് water colour pens,Household & Stationery,pack,Fixed,75.00,87.00,1 Set / Pack (₹75),1 Set / Pack: ₹75,https://aadutygzgrbexxuznqlr.supabase.co/storage/v1/object/public/item-images/doms/drawing_colouring_doms_water_colour_pens.webp
1773,ANG-STA-0711,DOMS Water Colour Tubes,ഡോംസ് വാട്ടർ കളർ ട്യൂബുകൾ,Household & Stationery,pack,Fixed,75.00,87.00,1 Set / Pack (₹75),1 Set / Pack: ₹75,https://aadutygzgrbexxuznqlr.supabase.co/storage/v1/object/public/item-images/doms/drawing_colouring_doms_water_colour_tubes.webp
1774,ANG-STA-0712,DOMS Wax Crayons,ഡോംസ് വാക്സ് ക്രയോൺസ്,Household & Stationery,pack,Fixed,40.00,46.00,1 Set / Pack (₹40),1 Set / Pack: ₹40,https://aadutygzgrbexxuznqlr.supabase.co/storage/v1/object/public/item-images/doms/drawing_colouring_doms_wax_crayons.webp
1775,ANG-STA-0713,DOMS Oil Pastels Plastic Hexagonal Pack,ഡോംസ് ഓയിൽ പാസ്റ്റൽസ് plastic hexagonal pack,Household & Stationery,pack,Fixed,65.00,75.00,1 Set / Pack (₹65),1 Set / Pack: ₹65,https://aadutygzgrbexxuznqlr.supabase.co/storage/v1/object/public/item-images/doms/drawing_colouring_oil_pastels_plastic_hexagonal_pack.webp
1776,ANG-STA-0714,DOMS Fixy Fix Fragrance Glue 100ml,ഡോംസ് fixy fix fragrance glue 100ml,Household & Stationery,pcs,Fixed,50.00,58.00,1 Unit (₹50),1 Unit: ₹50,https://aadutygzgrbexxuznqlr.supabase.co/storage/v1/object/public/item-images/doms/crafts_hobbyist_doms_fixy_fix_fragrance_glue_100ml.webp
1777,ANG-STA-0715,DOMS Fixy Fix Fragrance Gum 18ML,ഡോംസ് fixy fix fragrance gum 18ml,Household & Stationery,pcs,Fixed,50.00,58.00,1 Unit (₹50),1 Unit: ₹50,https://aadutygzgrbexxuznqlr.supabase.co/storage/v1/object/public/item-images/doms/crafts_hobbyist_doms_fixy_fix_fragrance_gum_18ml.webp
1778,ANG-STA-0716,DOMS Fixy Fix Fragrance Gum 20ML,ഡോംസ് fixy fix fragrance gum 20ml,Household & Stationery,pcs,Fixed,50.00,58.00,1 Unit (₹50),1 Unit: ₹50,https://aadutygzgrbexxuznqlr.supabase.co/storage/v1/object/public/item-images/doms/crafts_hobbyist_doms_fixy_fix_fragrance_gum_20ml.webp
1779,ANG-STA-0717,DOMS Fixy Fix Glue Stick,ഡോംസ് ഫിക്സി ഫിക്സ് ഗ്ലൂ സ്റ്റിക്ക്,Household & Stationery,pcs,Fixed,30.00,35.00,1 Unit (₹30),1 Unit: ₹30,https://aadutygzgrbexxuznqlr.supabase.co/storage/v1/object/public/item-images/doms/crafts_hobbyist_doms_fixy_fix_glue_stick_2.webp
1780,ANG-STA-0718,DOMS Fixy Fix Glue Stick (Edition 3),ഡോംസ് ഫിക്സി ഫിക്സ് ഗ്ലൂ സ്റ്റിക്ക് (edition 3),Household & Stationery,pcs,Fixed,30.00,35.00,1 Unit (₹30),1 Unit: ₹30,https://aadutygzgrbexxuznqlr.supabase.co/storage/v1/object/public/item-images/doms/crafts_hobbyist_doms_fixy_fix_glue_stick_3.webp
1781,ANG-STA-0719,DOMS Fixy Fix Glue Stick (Edition 4),ഡോംസ് ഫിക്സി ഫിക്സ് ഗ്ലൂ സ്റ്റിക്ക് (edition 4),Household & Stationery,pcs,Fixed,30.00,35.00,1 Unit (₹30),1 Unit: ₹30,https://aadutygzgrbexxuznqlr.supabase.co/storage/v1/object/public/item-images/doms/crafts_hobbyist_doms_fixy_fix_glue_stick_4.webp
1782,ANG-STA-0720,DOMS Fixy Fix White Glue (105 grams),ഡോംസ് fixy fix white glue (105 grams),Household & Stationery,pcs,Fixed,50.00,58.00,1 Unit (₹50),1 Unit: ₹50,https://aadutygzgrbexxuznqlr.supabase.co/storage/v1/object/public/item-images/doms/crafts_hobbyist_doms_fixy_fix_white_glue_105_grams.webp
1783,ANG-STA-0721,DOMS Fixy Fix White Glue 20GMS,ഡോംസ് fixy fix white glue 20gms,Household & Stationery,pcs,Fixed,50.00,58.00,1 Unit (₹50),1 Unit: ₹50,https://aadutygzgrbexxuznqlr.supabase.co/storage/v1/object/public/item-images/doms/crafts_hobbyist_doms_fixy_fix_white_glue_20gms.webp
1784,ANG-STA-0722,DOMS Glitter Colours 5.5ml,ഡോംസ് glitter colours 5.5ml,Household & Stationery,pcs,Fixed,50.00,58.00,1 Unit (₹50),1 Unit: ₹50,https://aadutygzgrbexxuznqlr.supabase.co/storage/v1/object/public/item-images/doms/crafts_hobbyist_doms_glitter_colours_5_5ml.webp
1785,ANG-STA-0723,DOMS Glitter Glue 18 Shades,ഡോംസ് glitter glue 18 shades,Household & Stationery,pcs,Fixed,50.00,58.00,1 Unit (₹50),1 Unit: ₹50,https://aadutygzgrbexxuznqlr.supabase.co/storage/v1/object/public/item-images/doms/crafts_hobbyist_doms_glitter_glue_18_shades.webp
1786,ANG-STA-0724,DOMS Modelling Clay,ഡോംസ് മോഡലിംഗ് ക്ലേ,Household & Stationery,pcs,Fixed,65.00,75.00,1 Unit (₹65),1 Unit: ₹65,https://aadutygzgrbexxuznqlr.supabase.co/storage/v1/object/public/item-images/doms/crafts_hobbyist_doms_modelling_clay.webp
1787,ANG-STA-0725,DOMS Modelling Clay Bar,ഡോംസ് മോഡലിംഗ് ക്ലേ bar,Household & Stationery,pcs,Fixed,65.00,75.00,1 Unit (₹65),1 Unit: ₹65,https://aadutygzgrbexxuznqlr.supabase.co/storage/v1/object/public/item-images/doms/crafts_hobbyist_doms_modelling_clay_bar.webp
1788,ANG-STA-0726,DOMS Modelling Dough,ഡോംസ് മോഡലിംഗ് ക്ലേ,Household & Stationery,pcs,Fixed,65.00,75.00,1 Unit (₹65),1 Unit: ₹65,https://aadutygzgrbexxuznqlr.supabase.co/storage/v1/object/public/item-images/doms/crafts_hobbyist_doms_modelling_dough.webp
1789,ANG-STA-0727,DOMS Modelling Dough (Edition 2),ഡോംസ് മോഡലിംഗ് ക്ലേ (edition 2),Household & Stationery,pcs,Fixed,65.00,75.00,1 Unit (₹65),1 Unit: ₹65,https://aadutygzgrbexxuznqlr.supabase.co/storage/v1/object/public/item-images/doms/crafts_hobbyist_doms_modelling_dough_2.webp
1790,ANG-STA-0728,DOMS Modelling Dough (Edition 3),ഡോംസ് മോഡലിംഗ് ക്ലേ (edition 3),Household & Stationery,pcs,Fixed,65.00,75.00,1 Unit (₹65),1 Unit: ₹65,https://aadutygzgrbexxuznqlr.supabase.co/storage/v1/object/public/item-images/doms/crafts_hobbyist_doms_modelling_dough_3.webp
1791,ANG-STA-0729,DOMS Perfumed Gum 20ML,ഡോംസ് perfumed gum 20ml,Household & Stationery,pcs,Fixed,50.00,58.00,1 Unit (₹50),1 Unit: ₹50,https://aadutygzgrbexxuznqlr.supabase.co/storage/v1/object/public/item-images/doms/crafts_hobbyist_doms_perfumed_gum_20ml.webp
1792,ANG-STA-0730,DOMS Amariz Premium Poster Colour,ഡോംസ് അമരിസ് premium പോസ്റ്റർ കളർ,Household & Stationery,pack,Fixed,315.00,363.00,1 Standard Pack (₹315),1 Standard Pack: ₹315,https://aadutygzgrbexxuznqlr.supabase.co/storage/v1/object/public/item-images/doms/fine_art_amariz_premium_poster_colour_12sh_x_15ml.png
1793,ANG-STA-0731,DOMS Amariz DOMS Acrylic Markers (Works well on Diverse Surfaces),ഡോംസ് അമരിസ് ഡോംസ് acrylic markers (works well on diverse surfaces),Household & Stationery,pack,Fixed,200.00,230.00,1 Standard Pack (₹200),1 Standard Pack: ₹200,https://aadutygzgrbexxuznqlr.supabase.co/storage/v1/object/public/item-images/doms/fine_art_doms_acrylic_markers_highly_pigmented_acrylic_ink_lightfast_and_quick_drying_works_well_on_diverse_surfaces.png
1794,ANG-STA-0732,DOMS Amariz Canvas Rolls,ഡോംസ് അമരിസ് കാൻവാസ് rolls,Household & Stationery,pack,Fixed,1520.00,1748.00,1 Standard Pack (₹1520),1 Standard Pack: ₹1520,https://aadutygzgrbexxuznqlr.supabase.co/storage/v1/object/public/item-images/doms/fine_art_canvas_rolls.jpg
1795,ANG-STA-0733,DOMS Amariz Canvas Boards,ഡോംസ് അമരിസ് കാൻവാസ് boards,Household & Stationery,pack,Fixed,100.00,115.00,1 Standard Pack (₹100),1 Standard Pack: ₹100,https://aadutygzgrbexxuznqlr.supabase.co/storage/v1/object/public/item-images/doms/fine_art_canvas_boards.png
1796,ANG-STA-0734,DOMS Amariz Inspiro Sketch Book | 150 Gsm | A5 Size (Pack of 4 Books),ഡോംസ് അമരിസ് inspiro sketch book | 150 gsm | a5 size (pack of 4 books),Household & Stationery,pack,Fixed,140.00,161.00,1 Standard Pack (₹140),1 Standard Pack: ₹140,https://aadutygzgrbexxuznqlr.supabase.co/storage/v1/object/public/item-images/doms/fine_art_inspiro_sketch_book_150_gsm_a5_size_pack_of_2.png
1797,ANG-STA-0735,DOMS Amariz Water-Colour Combo Deal Pack,ഡോംസ് അമരിസ് water-colour combo deal pack,Household & Stationery,pack,Fixed,999.00,1149.00,1 Standard Pack (₹999),1 Standard Pack: ₹999,https://aadutygzgrbexxuznqlr.supabase.co/storage/v1/object/public/item-images/doms/fine_art_amariz_water_colour_combo_kit.png
1798,ANG-STA-0736,DOMS Amariz DOMS Acrylic Paints Set (6 Shades x 15ml),ഡോംസ് അമരിസ് ഡോംസ് അക്രിലിക് പെയിന്റുകൾ set (6 shades x 15ml),Household & Stationery,pack,Fixed,110.00,127.00,1 Standard Pack (₹110),1 Standard Pack: ₹110,https://aadutygzgrbexxuznqlr.supabase.co/storage/v1/object/public/item-images/doms/fine_art_doms_acrylic_paints_set_6_shades_x_15ml.png
1799,ANG-STA-0737,DOMS Amariz DOMS Acrylic Paints Set (6 Shades x 10ml),ഡോംസ് അമരിസ് ഡോംസ് അക്രിലിക് പെയിന്റുകൾ set (6 shades x 10ml),Household & Stationery,pack,Fixed,90.00,104.00,1 Standard Pack (₹90),1 Standard Pack: ₹90,https://aadutygzgrbexxuznqlr.supabase.co/storage/v1/object/public/item-images/doms/fine_art_doms_acrylic_paints_set_6_shades_x_10ml.png
1800,ANG-STA-0738,DOMS Amariz DOMS Acrylic Paints Set (12 Shades x 15ml),ഡോംസ് അമരിസ് ഡോംസ് അക്രിലിക് പെയിന്റുകൾ set (12 shades x 15ml),Household & Stationery,pack,Fixed,210.00,242.00,1 Standard Pack (₹210),1 Standard Pack: ₹210,https://aadutygzgrbexxuznqlr.supabase.co/storage/v1/object/public/item-images/doms/fine_art_doms_acrylic_paints_set_12_shades_x_15ml_each.png
1801,ANG-STA-0739,DOMS Amariz Artist Watercolor Cakes (24 Shades)(Metal Tin Pack),ഡോംസ് അമരിസ് artist watercolor cakes (24 shades)(metal tin pack),Household & Stationery,pack,Fixed,270.00,311.00,1 Standard Pack (₹270),1 Standard Pack: ₹270,https://aadutygzgrbexxuznqlr.supabase.co/storage/v1/object/public/item-images/doms/fine_art_artist_watercolor_cakes_24_shadesmetal_tin_pack.png
1802,ANG-STA-0740,DOMS Amariz Artist's Acrylic Paints (12 Shades x 40ml Each) (2 Brushes + 1 Palette + 2 Mediums),ഡോംസ് അമരിസ് artist's അക്രിലിക് പെയിന്റുകൾ (12 shades x 40ml each) (2 brushes + 1 palette + 2 mediums),Household & Stationery,pack,Fixed,999.00,1149.00,1 Standard Pack (₹999),1 Standard Pack: ₹999,https://aadutygzgrbexxuznqlr.supabase.co/storage/v1/object/public/item-images/doms/fine_art_artists_acrylic_paints_12_shades_x_40ml_each_2_brushes_1_palette_2_mediums.png
1803,ANG-STA-0741,DOMS Amariz Duo Brush Pens (14 Shades) (Soft + Hard Tip) (Tin Pack),ഡോംസ് അമരിസ് duo ബ്രഷ് പെന്നുകൾ (14 shades) (soft + hard tip) (tin pack),Household & Stationery,pack,Fixed,228.00,263.00,1 Standard Pack (₹228),1 Standard Pack: ₹228,https://aadutygzgrbexxuznqlr.supabase.co/storage/v1/object/public/item-images/doms/fine_art_duo_brush_pens_14_shades_soft_hard_tip_tin_pack.png
1804,ANG-STA-0742,DOMS Amariz Artist's Acrylic Paints (14 Shades x 20ml Each) (Tin Pack),ഡോംസ് അമരിസ് artist's അക്രിലിക് പെയിന്റുകൾ (14 shades x 20ml each) (tin pack),Household & Stationery,pack,Fixed,630.00,725.00,1 Standard Pack (₹630),1 Standard Pack: ₹630,https://aadutygzgrbexxuznqlr.supabase.co/storage/v1/object/public/item-images/doms/fine_art_artists_acrylic_paints_14_shades_x_20ml_each_tin_pack.png
1805,ANG-STA-0743,DOMS Amariz Pigment Liners,ഡോംസ് അമരിസ് pigment liners,Household & Stationery,pack,Fixed,157.00,181.00,1 Standard Pack (₹157),1 Standard Pack: ₹157,https://aadutygzgrbexxuznqlr.supabase.co/storage/v1/object/public/item-images/doms/fine_art_pigment_liners.jpg
1806,ANG-STA-0744,DOMS Amariz Watercolour Papers (Spiral Book) 300 GSM,ഡോംസ് അമരിസ് watercolour papers (spiral book) 300 gsm,Household & Stationery,pack,Fixed,584.00,672.00,1 Standard Pack (₹584),1 Standard Pack: ₹584,https://aadutygzgrbexxuznqlr.supabase.co/storage/v1/object/public/item-images/doms/fine_art_watercolour_papers_spiral_book_300_gsm.jpg
1807,ANG-STA-0745,DOMS Amariz Studio Artist Paint Brush Sets,ഡോംസ് അമരിസ് studio artist paint brush sets,Household & Stationery,pack,Fixed,90.00,104.00,1 Standard Pack (₹90),1 Standard Pack: ₹90,https://aadutygzgrbexxuznqlr.supabase.co/storage/v1/object/public/item-images/doms/fine_art_studio_artist_paint_brush_sets.png
1808,ANG-STA-0746,DOMS Amariz Artist Kneadable Eraser (Tin Pack) (Pack of 2pcs),ഡോംസ് അമരിസ് artist kneadable ഇറേസർ (tin pack) (pack of 2pcs),Household & Stationery,pack,Fixed,99.00,114.00,1 Standard Pack (₹99),1 Standard Pack: ₹99,https://aadutygzgrbexxuznqlr.supabase.co/storage/v1/object/public/item-images/doms/fine_art_artist_kneadable_eraser_tin_pack.png
1809,ANG-STA-0751,Pentonic Gel Pen,പെന്റോണിക് ജെൽ പേന,Household & Stationery,pcs,Fixed,10.00,12.00,1 Pen (₹10),1 Pen: ₹10 | Pack of 5: ₹50 | Pack of 10 Box: ₹95,https://aadutygzgrbexxuznqlr.supabase.co/storage/v1/object/public/item-images/pentonic/pentonic_gel_pen.png
1810,ANG-STA-0752,Pentonic Ball Pen,പെന്റോണിക് ബോൾ പേന,Household & Stationery,pcs,Fixed,10.00,12.00,1 Pen (₹10),1 Pen: ₹10 | Pack of 5: ₹50 | Pack of 10 Box: ₹95,https://aadutygzgrbexxuznqlr.supabase.co/storage/v1/object/public/item-images/pentonic/pentonic_gel_pen.png
1811,ANG-STA-0753,Pentonic Cipher Ball Pen,പെന്റോണിക് cipher ബോൾ പേന,Household & Stationery,pcs,Fixed,10.00,12.00,1 Pen (₹10),1 Pen: ₹10 | Pack of 5: ₹50 | Pack of 10 Box: ₹95,https://aadutygzgrbexxuznqlr.supabase.co/storage/v1/object/public/item-images/pentonic/pentonic_cipher_ball_pen.png
1812,ANG-STA-0754,Pentonic GRT Retractable Pen,പെന്റോണിക് grt റിട്രാക്റ്റബിൾ പേന,Household & Stationery,pcs,Fixed,20.00,23.00,1 Pen (₹20),1 Pen: ₹20 | Pack of 5: ₹100 | Pack of 10 Box: ₹190,https://aadutygzgrbexxuznqlr.supabase.co/storage/v1/object/public/item-images/pentonic/pentonic_grt_retractable_pen.png
1813,ANG-STA-0755,Pentonic Frost Gel Pen,പെന്റോണിക് frost ജെൽ പേന,Household & Stationery,pcs,Fixed,15.00,18.00,1 Pen (₹15),1 Pen: ₹15 | Pack of 5: ₹75 | Pack of 10 Box: ₹143,https://aadutygzgrbexxuznqlr.supabase.co/storage/v1/object/public/item-images/pentonic/pentonic_frost_gel_pen.png
1814,ANG-STA-0756,Pentonic EVO Ball Pen,പെന്റോണിക് evo ബോൾ പേന,Household & Stationery,pcs,Fixed,10.00,12.00,1 Pen (₹10),1 Pen: ₹10 | Pack of 5: ₹50 | Pack of 10 Box: ₹95,https://aadutygzgrbexxuznqlr.supabase.co/storage/v1/object/public/item-images/pentonic/pentonic_evo_ball_pen.png
1815,ANG-STA-0757,Pentonic CLR Transparent Pen,പെന്റോണിക് clr transparent പേന,Household & Stationery,pcs,Fixed,10.00,12.00,1 Pen (₹10),1 Pen: ₹10 | Pack of 5: ₹50 | Pack of 10 Box: ₹95,https://aadutygzgrbexxuznqlr.supabase.co/storage/v1/object/public/item-images/pentonic/pentonic_clr_transparent_pen.png
1816,ANG-STA-0758,Pentonic GLITZ Pen,പെന്റോണിക് glitz പേന,Household & Stationery,pcs,Fixed,20.00,23.00,1 Pen (₹20),1 Pen: ₹20 | Pack of 5: ₹100 | Pack of 10 Box: ₹190,https://aadutygzgrbexxuznqlr.supabase.co/storage/v1/object/public/item-images/pentonic/pentonic_glitz_pen.png
1817,ANG-STA-0759,Pentonic B-RT Retractable Ball Pen,പെന്റോണിക് b-rt retractable ബോൾ പേന,Household & Stationery,pcs,Fixed,20.00,23.00,1 Pen (₹20),1 Pen: ₹20 | Pack of 5: ₹100 | Pack of 10 Box: ₹190,https://aadutygzgrbexxuznqlr.supabase.co/storage/v1/object/public/item-images/pentonic/pentonic_grt_retractable_pen.png
1818,ANG-STA-0760,Pentonic B-RT Pastel Edition,പെന്റോണിക് b-rt pastel edition,Household & Stationery,pcs,Fixed,20.00,23.00,1 Pen (₹20),1 Pen: ₹20 | Pack of 5: ₹100 | Pack of 10 Box: ₹190,https://aadutygzgrbexxuznqlr.supabase.co/storage/v1/object/public/item-images/pentonic/pentonic_grt_retractable_pen.png
1819,ANG-STA-0761,Pentonic Squad Animal Gel Pen,പെന്റോണിക് squad animal ജെൽ പേന,Household & Stationery,pcs,Fixed,15.00,18.00,1 Pen (₹15),1 Pen: ₹15 | Pack of 5: ₹75 | Pack of 10 Box: ₹143,https://aadutygzgrbexxuznqlr.supabase.co/storage/v1/object/public/item-images/pentonic/pentonic_gel_pen.png
1820,ANG-STA-0762,Pentonic GumStik Glue Stick,പെന്റോണിക് gumstik ഗ്ലൂ സ്റ്റിക്ക്,Household & Stationery,pcs,Fixed,25.00,29.00,1 Pen (₹25),1 Pen: ₹25 | Pack of 5: ₹125 | Pack of 10 Box: ₹238,https://aadutygzgrbexxuznqlr.supabase.co/storage/v1/object/public/item-images/pentonic/pentonic_frost_gel_pen.png
1821,ANG-STA-0763,Pentonic Twistick Twist-Up Crayons,പെന്റോണിക് twistick twist-up crayons,Household & Stationery,pcs,Fixed,60.00,69.00,1 Pen (₹60),1 Pen: ₹60 | Pack of 5: ₹300 | Pack of 10 Box: ₹570,https://aadutygzgrbexxuznqlr.supabase.co/storage/v1/object/public/item-images/pentonic/pentonic_glitz_pen.png
1822,ANG-STA-0764,Pentonic Mechanical Pencil,പെന്റോണിക് mechanical പെൻസിൽ,Household & Stationery,pcs,Fixed,25.00,29.00,1 Pen (₹25),1 Pen: ₹25 | Pack of 5: ₹125 | Pack of 10 Box: ₹238,https://aadutygzgrbexxuznqlr.supabase.co/storage/v1/object/public/item-images/pentonic/pentonic_cipher_ball_pen.png
1823,ANG-STA-0765,Pentonic Extra Dark Wooden Pencil,പെന്റോണിക് extra dark wooden പെൻസിൽ,Household & Stationery,pcs,Fixed,6.00,7.00,1 Pen (₹6),1 Pen: ₹6 | Pack of 5: ₹30 | Pack of 10 Box: ₹57,https://aadutygzgrbexxuznqlr.supabase.co/storage/v1/object/public/item-images/pentonic/pentonic_evo_ball_pen.png
1824,ANG-STA-0766,Pentonic Mathematical Geometry Box,പെന്റോണിക് mathematical ജോമെട്രി ബോക്സ്,Household & Stationery,pcs,Fixed,95.00,110.00,1 Pen (₹95),1 Pen: ₹95 | Pack of 5: ₹475 | Pack of 10 Box: ₹903,https://aadutygzgrbexxuznqlr.supabase.co/storage/v1/object/public/item-images/pentonic/pentonic_clr_transparent_pen.png
1825,ANG-STA-0771,Win Connect Ball Pen,വിൻ കണക്ട് ബോൾ പേന,Household & Stationery,pcs,Fixed,10.00,12.00,1 Pen (₹10),1 Pen: ₹10 | Pack of 5: ₹48 | Pack of 10 Box: ₹90,https://aadutygzgrbexxuznqlr.supabase.co/storage/v1/object/public/item-images/winpens/win_connect_ball_pen.jpg
1826,ANG-STA-0772,Win Guide Ball Pen,വിൻ ഗൈഡ് ബോൾ പേന,Household & Stationery,pcs,Fixed,10.00,12.00,1 Pen (₹10),1 Pen: ₹10 | Pack of 5: ₹48 | Pack of 10 Box: ₹90,https://aadutygzgrbexxuznqlr.supabase.co/storage/v1/object/public/item-images/winpens/win_guide_ball_pen.jpg
1827,ANG-STA-0773,Win Plush Ball Pen,വിൻ പ്ലഷ് ബോൾ പേന,Household & Stationery,pcs,Fixed,10.00,12.00,1 Pen (₹10),1 Pen: ₹10 | Pack of 5: ₹48 | Pack of 10 Box: ₹90,https://aadutygzgrbexxuznqlr.supabase.co/storage/v1/object/public/item-images/winpens/win_plush_ball_pen.jpg
1828,ANG-STA-0774,Win Teamo Ball Pen,വിൻ ടിയാമോ ബോൾ പേന,Household & Stationery,pcs,Fixed,10.00,12.00,1 Pen (₹10),1 Pen: ₹10 | Pack of 5: ₹48 | Pack of 10 Box: ₹90,https://aadutygzgrbexxuznqlr.supabase.co/storage/v1/object/public/item-images/winpens/win_teamo_ball_pen.jpg
1829,ANG-STA-0775,Win Aurus Ball Pen,വിൻ ഓറസ് ബോൾ പേന,Household & Stationery,pcs,Fixed,10.00,12.00,1 Pen (₹10),1 Pen: ₹10 | Pack of 5: ₹48 | Pack of 10 Box: ₹90,https://aadutygzgrbexxuznqlr.supabase.co/storage/v1/object/public/item-images/winpens/win_aurus_ball_pen.jpg
1830,ANG-STA-0776,Win Cloud Ball Pen,വിൻ ക്ലൗഡ് ബോൾ പേന,Household & Stationery,pcs,Fixed,10.00,12.00,1 Pen (₹10),1 Pen: ₹10 | Pack of 5: ₹48 | Pack of 10 Box: ₹90,https://aadutygzgrbexxuznqlr.supabase.co/storage/v1/object/public/item-images/winpens/win_cloud_ball_pen.jpg
1831,ANG-STA-0777,Win Duke Ball Pen,വിൻ duke ബോൾ പേന,Household & Stationery,pcs,Fixed,10.00,12.00,1 Pen (₹10),1 Pen: ₹10 | Pack of 5: ₹48 | Pack of 10 Box: ₹90,https://aadutygzgrbexxuznqlr.supabase.co/storage/v1/object/public/item-images/winpens/win_duke_ball_pen.jpg
1832,ANG-STA-0778,Win Jaadu Ball Pen,വിൻ jaadu ബോൾ പേന,Household & Stationery,pcs,Fixed,10.00,12.00,1 Pen (₹10),1 Pen: ₹10 | Pack of 5: ₹48 | Pack of 10 Box: ₹90,https://aadutygzgrbexxuznqlr.supabase.co/storage/v1/object/public/item-images/winpens/win_jaadu_ball_pen.jpg
1833,ANG-STA-0779,Win Jovi Ball Pen,വിൻ jovi ബോൾ പേന,Household & Stationery,pcs,Fixed,10.00,12.00,1 Pen (₹10),1 Pen: ₹10 | Pack of 5: ₹48 | Pack of 10 Box: ₹90,https://aadutygzgrbexxuznqlr.supabase.co/storage/v1/object/public/item-images/winpens/win_jovi_ball_pen.jpg
1834,ANG-STA-0780,Win Mystic Ball Pen,വിൻ mystic ബോൾ പേന,Household & Stationery,pcs,Fixed,10.00,12.00,1 Pen (₹10),1 Pen: ₹10 | Pack of 5: ₹48 | Pack of 10 Box: ₹90,https://aadutygzgrbexxuznqlr.supabase.co/storage/v1/object/public/item-images/winpens/win_mystic_ball_pen.jpg
1835,ANG-STA-0781,Win Pucchu Ball Pen,വിൻ pucchu ബോൾ പേന,Household & Stationery,pcs,Fixed,10.00,12.00,1 Pen (₹10),1 Pen: ₹10 | Pack of 5: ₹48 | Pack of 10 Box: ₹90,https://aadutygzgrbexxuznqlr.supabase.co/storage/v1/object/public/item-images/winpens/win_pucchu_ball_pen.jpg
1836,ANG-STA-0782,Win Summer Ball Pen,വിൻ summer ബോൾ പേന,Household & Stationery,pcs,Fixed,10.00,12.00,1 Pen (₹10),1 Pen: ₹10 | Pack of 5: ₹48 | Pack of 10 Box: ₹90,https://aadutygzgrbexxuznqlr.supabase.co/storage/v1/object/public/item-images/winpens/win_summer_ball_pen.jpg
1837,ANG-STA-0783,Win Ternate Ball Pen,വിൻ ternate ബോൾ പേന,Household & Stationery,pcs,Fixed,10.00,12.00,1 Pen (₹10),1 Pen: ₹10 | Pack of 5: ₹48 | Pack of 10 Box: ₹90,https://aadutygzgrbexxuznqlr.supabase.co/storage/v1/object/public/item-images/winpens/win_ternate_ball_pen.jpg
1838,ANG-STA-0784,Win Tick Ball Pen,വിൻ tick ബോൾ പേന,Household & Stationery,pcs,Fixed,10.00,12.00,1 Pen (₹10),1 Pen: ₹10 | Pack of 5: ₹48 | Pack of 10 Box: ₹90,https://aadutygzgrbexxuznqlr.supabase.co/storage/v1/object/public/item-images/winpens/win_tick_ball_pen.jpg
1839,ANG-STA-0785,Win Track Ball Pen,വിൻ track ബോൾ പേന,Household & Stationery,pcs,Fixed,10.00,12.00,1 Pen (₹10),1 Pen: ₹10 | Pack of 5: ₹48 | Pack of 10 Box: ₹90,https://aadutygzgrbexxuznqlr.supabase.co/storage/v1/object/public/item-images/winpens/win_track_ball_pen.jpg
1840,ANG-STA-0786,Win Trinity Ball Pen,വിൻ trinity ബോൾ പേന,Household & Stationery,pcs,Fixed,10.00,12.00,1 Pen (₹10),1 Pen: ₹10 | Pack of 5: ₹48 | Pack of 10 Box: ₹90,https://aadutygzgrbexxuznqlr.supabase.co/storage/v1/object/public/item-images/winpens/win_trinity_ball_pen.jpg
1841,ANG-STA-0787,Win Volt Ball Pen,വിൻ volt ബോൾ പേന,Household & Stationery,pcs,Fixed,10.00,12.00,1 Pen (₹10),1 Pen: ₹10 | Pack of 5: ₹48 | Pack of 10 Box: ₹90,https://aadutygzgrbexxuznqlr.supabase.co/storage/v1/object/public/item-images/winpens/win_volt_ball_pen.jpg
1842,ANG-STA-0788,Win X5 Ball Pen,വിൻ x5 ബോൾ പേന,Household & Stationery,pcs,Fixed,10.00,12.00,1 Pen (₹10),1 Pen: ₹10 | Pack of 5: ₹48 | Pack of 10 Box: ₹90,https://aadutygzgrbexxuznqlr.supabase.co/storage/v1/object/public/item-images/winpens/win_x5_ball_pen.jpg
1843,ANG-STA-0789,Win Zest Ball Pen,വിൻ zest ബോൾ പേന,Household & Stationery,pcs,Fixed,10.00,12.00,1 Pen (₹10),1 Pen: ₹10 | Pack of 5: ₹48 | Pack of 10 Box: ₹90,https://aadutygzgrbexxuznqlr.supabase.co/storage/v1/object/public/item-images/winpens/win_zest_ball_pen.jpg
1844,ANG-STA-0790,Win EEE Ball Pen,വിൻ eee ബോൾ പേന,Household & Stationery,pcs,Fixed,10.00,12.00,1 Pen (₹10),1 Pen: ₹10 | Pack of 5: ₹48 | Pack of 10 Box: ₹90,https://aadutygzgrbexxuznqlr.supabase.co/storage/v1/object/public/item-images/winpens/win_eee_ball_pen.jpg
1845,ANG-STA-0791,Win Smoothie Ball Pen,വിൻ smoothie ബോൾ പേന,Household & Stationery,pcs,Fixed,10.00,12.00,1 Pen (₹10),1 Pen: ₹10 | Pack of 5: ₹48 | Pack of 10 Box: ₹90,https://aadutygzgrbexxuznqlr.supabase.co/storage/v1/object/public/item-images/winpens/win_smoothie_ball_pen.jpg
1846,ANG-STA-0792,Win Judwaa Ball Pen,വിൻ judwaa ബോൾ പേന,Household & Stationery,pcs,Fixed,10.00,12.00,1 Pen (₹10),1 Pen: ₹10 | Pack of 5: ₹48 | Pack of 10 Box: ₹90,https://aadutygzgrbexxuznqlr.supabase.co/storage/v1/object/public/item-images/winpens/win_judwaa_ball_pen.jpg
1847,ANG-STA-0793,Win Stroke Ball Pen,വിൻ stroke ബോൾ പേന,Household & Stationery,pcs,Fixed,10.00,12.00,1 Pen (₹10),1 Pen: ₹10 | Pack of 5: ₹48 | Pack of 10 Box: ₹90,https://aadutygzgrbexxuznqlr.supabase.co/storage/v1/object/public/item-images/winpens/win_stroke_ball_pen.jpg
1848,ANG-STA-0794,Win Little Champ Mini Ball Pen,വിൻ little champ mini ബോൾ പേന,Household & Stationery,pcs,Fixed,10.00,12.00,1 Pen (₹10),1 Pen: ₹10 | Pack of 5: ₹48 | Pack of 10 Box: ₹90,https://aadutygzgrbexxuznqlr.supabase.co/storage/v1/object/public/item-images/winpens/win_little_champ_mini_ball_pen.jpg
1849,ANG-STA-0795,Win Sketch Pen VXI,വിൻ sketch പേന vxi,Household & Stationery,pcs,Fixed,10.00,12.00,1 Pen (₹10),1 Pen: ₹10 | Pack of 5: ₹48 | Pack of 10 Box: ₹90,https://aadutygzgrbexxuznqlr.supabase.co/storage/v1/object/public/item-images/winpens/win_sketch_pen_vxi.jpg
1850,ANG-STA-0796,Win Tempera Colours Ball Pen,വിൻ tempera colours ബോൾ പേന,Household & Stationery,pcs,Fixed,10.00,12.00,1 Pen (₹10),1 Pen: ₹10 | Pack of 5: ₹48 | Pack of 10 Box: ₹90,https://aadutygzgrbexxuznqlr.supabase.co/storage/v1/object/public/item-images/winpens/win_tempera_colours_ball_pen.jpg
1851,ANG-STA-0797,Win Totem Flexi Ball Pen,വിൻ ടോട്ടം flexi ബോൾ പേന,Household & Stationery,pcs,Fixed,10.00,12.00,1 Pen (₹10),1 Pen: ₹10 | Pack of 5: ₹48 | Pack of 10 Box: ₹90,https://aadutygzgrbexxuznqlr.supabase.co/storage/v1/object/public/item-images/winpens/win_totem_flexi_ball_pen.jpg
1852,ANG-STA-0798,Win Totem Meow Ball Pen,വിൻ ടോട്ടം meow ബോൾ പേന,Household & Stationery,pcs,Fixed,10.00,12.00,1 Pen (₹10),1 Pen: ₹10 | Pack of 5: ₹48 | Pack of 10 Box: ₹90,https://aadutygzgrbexxuznqlr.supabase.co/storage/v1/object/public/item-images/winpens/win_totem_meow_ball_pen.jpg
1853,ANG-STA-0799,Win Totem Pulp Ball Pen,വിൻ ടോട്ടം pulp ബോൾ പേന,Household & Stationery,pcs,Fixed,10.00,12.00,1 Pen (₹10),1 Pen: ₹10 | Pack of 5: ₹48 | Pack of 10 Box: ₹90,https://aadutygzgrbexxuznqlr.supabase.co/storage/v1/object/public/item-images/winpens/win_totem_pulp_ball_pen.jpg
1854,ANG-STA-0800,Win Totem Carat Ball Pen,വിൻ ടോട്ടം carat ബോൾ പേന,Household & Stationery,pcs,Fixed,10.00,12.00,1 Pen (₹10),1 Pen: ₹10 | Pack of 5: ₹48 | Pack of 10 Box: ₹90,https://aadutygzgrbexxuznqlr.supabase.co/storage/v1/object/public/item-images/winpens/win_totem_carat_ball_pen.jpg
1855,ANG-STA-0801,Win Totem Coral Ball Pen,വിൻ ടോട്ടം coral ബോൾ പേന,Household & Stationery,pcs,Fixed,10.00,12.00,1 Pen (₹10),1 Pen: ₹10 | Pack of 5: ₹48 | Pack of 10 Box: ₹90,https://aadutygzgrbexxuznqlr.supabase.co/storage/v1/object/public/item-images/winpens/win_totem_coral_ball_pen.jpg
1856,ANG-STA-0802,Win Totem Glidex Ball Pen,വിൻ ടോട്ടം glidex ബോൾ പേന,Household & Stationery,pcs,Fixed,10.00,12.00,1 Pen (₹10),1 Pen: ₹10 | Pack of 5: ₹48 | Pack of 10 Box: ₹90,https://aadutygzgrbexxuznqlr.supabase.co/storage/v1/object/public/item-images/winpens/win_totem_glidex_ball_pen.jpg
1857,ANG-STA-0803,Win Totem Groovy Ball Pen,വിൻ ടോട്ടം groovy ബോൾ പേന,Household & Stationery,pcs,Fixed,10.00,12.00,1 Pen (₹10),1 Pen: ₹10 | Pack of 5: ₹48 | Pack of 10 Box: ₹90,https://aadutygzgrbexxuznqlr.supabase.co/storage/v1/object/public/item-images/winpens/win_totem_groovy_ball_pen.jpg
1858,ANG-STA-0804,Win Totem Misty Ball Pen,വിൻ ടോട്ടം misty ബോൾ പേന,Household & Stationery,pcs,Fixed,10.00,12.00,1 Pen (₹10),1 Pen: ₹10 | Pack of 5: ₹48 | Pack of 10 Box: ₹90,https://aadutygzgrbexxuznqlr.supabase.co/storage/v1/object/public/item-images/winpens/win_totem_misty_ball_pen.png
1859,ANG-STA-0805,Win Totem Quote Ball Pen,വിൻ ടോട്ടം quote ബോൾ പേന,Household & Stationery,pcs,Fixed,10.00,12.00,1 Pen (₹10),1 Pen: ₹10 | Pack of 5: ₹48 | Pack of 10 Box: ₹90,https://aadutygzgrbexxuznqlr.supabase.co/storage/v1/object/public/item-images/winpens/win_totem_quote_ball_pen.jpg
1860,ANG-STA-0806,Win Totem Tripod Ball Pen,വിൻ ടോട്ടം tripod ബോൾ പേന,Household & Stationery,pcs,Fixed,10.00,12.00,1 Pen (₹10),1 Pen: ₹10 | Pack of 5: ₹48 | Pack of 10 Box: ₹90,https://aadutygzgrbexxuznqlr.supabase.co/storage/v1/object/public/item-images/winpens/win_totem_tripod_ball_pen.jpg
1861,ANG-STA-0807,Win Totem Tyson Ball Pen,വിൻ ടോട്ടം tyson ബോൾ പേന,Household & Stationery,pcs,Fixed,10.00,12.00,1 Pen (₹10),1 Pen: ₹10 | Pack of 5: ₹48 | Pack of 10 Box: ₹90,https://aadutygzgrbexxuznqlr.supabase.co/storage/v1/object/public/item-images/winpens/win_totem_tyson_ball_pen.jpg
1862,ANG-STA-0808,Win Totem Vintage Ball Pen,വിൻ ടോട്ടം vintage ബോൾ പേന,Household & Stationery,pcs,Fixed,10.00,12.00,1 Pen (₹10),1 Pen: ₹10 | Pack of 5: ₹48 | Pack of 10 Box: ₹90,https://aadutygzgrbexxuznqlr.supabase.co/storage/v1/object/public/item-images/winpens/win_totem_vintage_ball_pen.jpg
1863,ANG-STA-0809,Win Totem Wow II Ball Pen,വിൻ ടോട്ടം wow ii ബോൾ പേന,Household & Stationery,pcs,Fixed,10.00,12.00,1 Pen (₹10),1 Pen: ₹10 | Pack of 5: ₹48 | Pack of 10 Box: ₹90,https://aadutygzgrbexxuznqlr.supabase.co/storage/v1/object/public/item-images/winpens/win_totem_wow_ii_ball_pen.jpg
1864,ANG-STA-0810,Win Totem Xpert Ball Pen,വിൻ ടോട്ടം xpert ബോൾ പേന,Household & Stationery,pcs,Fixed,10.00,12.00,1 Pen (₹10),1 Pen: ₹10 | Pack of 5: ₹48 | Pack of 10 Box: ₹90,https://aadutygzgrbexxuznqlr.supabase.co/storage/v1/object/public/item-images/winpens/win_totem_xpert_ball_pen.jpg
1865,ANG-STA-0811,Win Totem Octave Ball Pen,വിൻ ടോട്ടം octave ബോൾ പേന,Household & Stationery,pcs,Fixed,10.00,12.00,1 Pen (₹10),1 Pen: ₹10 | Pack of 5: ₹48 | Pack of 10 Box: ₹90,https://aadutygzgrbexxuznqlr.supabase.co/storage/v1/object/public/item-images/winpens/win_totem_octave_ball_pen.jpg
1866,ANG-STA-0812,Win Totem 8 Ball Pen,വിൻ ടോട്ടം 8 ബോൾ പേന,Household & Stationery,pcs,Fixed,10.00,12.00,1 Pen (₹10),1 Pen: ₹10 | Pack of 5: ₹48 | Pack of 10 Box: ₹90,https://aadutygzgrbexxuznqlr.supabase.co/storage/v1/object/public/item-images/winpens/win_totem_8_ball_pen.jpg
1867,ANG-STA-0813,Win Totem Delux Ball Pen,വിൻ ടോട്ടം delux ബോൾ പേന,Household & Stationery,pcs,Fixed,10.00,12.00,1 Pen (₹10),1 Pen: ₹10 | Pack of 5: ₹48 | Pack of 10 Box: ₹90,https://aadutygzgrbexxuznqlr.supabase.co/storage/v1/object/public/item-images/winpens/win_totem_delux_ball_pen.jpg
1868,ANG-STA-0821,Flair Milano Metal Executive Pen,ഫ്ലെയർ മിലാനോ metal എക്സിക്യൂട്ടീവ് പേന,Household & Stationery,pcs,Fixed,140.00,161.00,1 Pen (Gift Box) (₹140),1 Pen (Gift Box): ₹140 | Twin Pack: ₹260,https://aadutygzgrbexxuznqlr.supabase.co/storage/v1/object/public/item-images/flair/metal_pens_flair_milano_metal_executive_pen.webp
1869,ANG-STA-0822,Flair Elegance Metal Executive Pen,ഫ്ലെയർ എലഗൻസ് metal എക്സിക്യൂട്ടീവ് പേന,Household & Stationery,pcs,Fixed,140.00,161.00,1 Pen (Gift Box) (₹140),1 Pen (Gift Box): ₹140 | Twin Pack: ₹260,https://aadutygzgrbexxuznqlr.supabase.co/storage/v1/object/public/item-images/flair/metal_pens_flair_elegance_metal_executive_pen.webp
1870,ANG-STA-0823,Flair Indigo Metal Executive Pen,ഫ്ലെയർ ഇൻഡിഗോ metal എക്സിക്യൂട്ടീവ് പേന,Household & Stationery,pcs,Fixed,140.00,161.00,1 Pen (Gift Box) (₹140),1 Pen (Gift Box): ₹140 | Twin Pack: ₹260,https://aadutygzgrbexxuznqlr.supabase.co/storage/v1/object/public/item-images/flair/metal_pens_flair_indigo_metal_executive_pen.webp
1871,ANG-STA-0824,Flair Rex Metal Executive Pen,ഫ്ലെയർ റെക്സ് metal എക്സിക്യൂട്ടീവ് പേന,Household & Stationery,pcs,Fixed,140.00,161.00,1 Pen (Gift Box) (₹140),1 Pen (Gift Box): ₹140 | Twin Pack: ₹260,https://aadutygzgrbexxuznqlr.supabase.co/storage/v1/object/public/item-images/flair/metal_pens_flair_rex_metal_executive_pen.webp
1872,ANG-STA-0825,Flair Carbonix Metal Executive Pen,ഫ്ലെയർ കാർബോണിക്സ് metal എക്സിക്യൂട്ടീവ് പേന,Household & Stationery,pcs,Fixed,140.00,161.00,1 Pen (Gift Box) (₹140),1 Pen (Gift Box): ₹140 | Twin Pack: ₹260,https://aadutygzgrbexxuznqlr.supabase.co/storage/v1/object/public/item-images/flair/metal_pens_flair_carbonix_metal_executive_pen.webp
1873,ANG-STA-0826,Flair Grace Metal Executive Pen,ഫ്ലെയർ grace metal എക്സിക്യൂട്ടീവ് പേന,Household & Stationery,pcs,Fixed,140.00,161.00,1 Pen (Gift Box) (₹140),1 Pen (Gift Box): ₹140 | Twin Pack: ₹260,https://aadutygzgrbexxuznqlr.supabase.co/storage/v1/object/public/item-images/flair/metal_pens_flair_grace_metal_executive_pen.webp
1874,ANG-STA-0827,Flair Eros Metal Executive Pen,ഫ്ലെയർ eros metal എക്സിക്യൂട്ടീവ് പേന,Household & Stationery,pcs,Fixed,140.00,161.00,1 Pen (Gift Box) (₹140),1 Pen (Gift Box): ₹140 | Twin Pack: ₹260,https://aadutygzgrbexxuznqlr.supabase.co/storage/v1/object/public/item-images/flair/metal_pens_flair_eros_metal_executive_pen.webp
1875,ANG-STA-0828,Flair Regal Metal Executive Pen,ഫ്ലെയർ റീഗൽ metal എക്സിക്യൂട്ടീവ് പേന,Household & Stationery,pcs,Fixed,140.00,161.00,1 Pen (Gift Box) (₹140),1 Pen (Gift Box): ₹140 | Twin Pack: ₹260,https://aadutygzgrbexxuznqlr.supabase.co/storage/v1/object/public/item-images/flair/metal_pens_flair_regal_metal_executive_pen.webp
1876,ANG-STA-0829,Flair Wish Metal Executive Pen,ഫ്ലെയർ wish metal എക്സിക്യൂട്ടീവ് പേന,Household & Stationery,pcs,Fixed,140.00,161.00,1 Pen (Gift Box) (₹140),1 Pen (Gift Box): ₹140 | Twin Pack: ₹260,https://aadutygzgrbexxuznqlr.supabase.co/storage/v1/object/public/item-images/flair/metal_pens_flair_wish_metal_executive_pen.webp
1877,ANG-STA-0830,Flair Miami Metal Executive Pen,ഫ്ലെയർ miami metal എക്സിക്യൂട്ടീവ് പേന,Household & Stationery,pcs,Fixed,140.00,161.00,1 Pen (Gift Box) (₹140),1 Pen (Gift Box): ₹140 | Twin Pack: ₹260,https://aadutygzgrbexxuznqlr.supabase.co/storage/v1/object/public/item-images/flair/metal_pens_flair_miami_metal_executive_pen.webp
1878,ANG-STA-0831,Flair Kroma Dx Metal Executive Pen,ഫ്ലെയർ kroma dx metal എക്സിക്യൂട്ടീവ് പേന,Household & Stationery,pcs,Fixed,140.00,161.00,1 Pen (Gift Box) (₹140),1 Pen (Gift Box): ₹140 | Twin Pack: ₹260,https://aadutygzgrbexxuznqlr.supabase.co/storage/v1/object/public/item-images/flair/metal_pens_flair_kroma_dx_metal_executive_pen.webp
1879,ANG-STA-0832,Flair Skin Metal Executive Pen,ഫ്ലെയർ skin metal എക്സിക്യൂട്ടീവ് പേന,Household & Stationery,pcs,Fixed,140.00,161.00,1 Pen (Gift Box) (₹140),1 Pen (Gift Box): ₹140 | Twin Pack: ₹260,https://aadutygzgrbexxuznqlr.supabase.co/storage/v1/object/public/item-images/flair/metal_pens_flair_skin_metal_executive_pen.webp
1880,ANG-STA-0833,Flair Slim Metal Executive Pen,ഫ്ലെയർ slim metal എക്സിക്യൂട്ടീവ് പേന,Household & Stationery,pcs,Fixed,140.00,161.00,1 Pen (Gift Box) (₹140),1 Pen (Gift Box): ₹140 | Twin Pack: ₹260,https://aadutygzgrbexxuznqlr.supabase.co/storage/v1/object/public/item-images/flair/metal_pens_flair_slim_metal_executive_pen.webp
1881,ANG-STA-0834,Flair Kiemaya Metal Executive Pen,ഫ്ലെയർ kiemaya metal എക്സിക്യൂട്ടീവ് പേന,Household & Stationery,pcs,Fixed,140.00,161.00,1 Pen (Gift Box) (₹140),1 Pen (Gift Box): ₹140 | Twin Pack: ₹260,https://aadutygzgrbexxuznqlr.supabase.co/storage/v1/object/public/item-images/flair/metal_pens_flair_kiemaya_metal_executive_pen.webp
1882,ANG-STA-0835,Flair Voyager Metal Executive Pen,ഫ്ലെയർ voyager metal എക്സിക്യൂട്ടീവ് പേന,Household & Stationery,pcs,Fixed,140.00,161.00,1 Pen (Gift Box) (₹140),1 Pen (Gift Box): ₹140 | Twin Pack: ₹260,https://aadutygzgrbexxuznqlr.supabase.co/storage/v1/object/public/item-images/flair/metal_pens_flair_voyager_metal_executive_pen.webp
1883,ANG-STA-0836,Flair Kroma Metal Executive Pen,ഫ്ലെയർ kroma metal എക്സിക്യൂട്ടീവ് പേന,Household & Stationery,pcs,Fixed,140.00,161.00,1 Pen (Gift Box) (₹140),1 Pen (Gift Box): ₹140 | Twin Pack: ₹260,https://aadutygzgrbexxuznqlr.supabase.co/storage/v1/object/public/item-images/flair/metal_pens_flair_kroma_metal_executive_pen.webp
1884,ANG-STA-0837,Flair Baleno Metal Executive Pen,ഫ്ലെയർ baleno metal എക്സിക്യൂട്ടീവ് പേന,Household & Stationery,pcs,Fixed,140.00,161.00,1 Pen (Gift Box) (₹140),1 Pen (Gift Box): ₹140 | Twin Pack: ₹260,https://aadutygzgrbexxuznqlr.supabase.co/storage/v1/object/public/item-images/flair/metal_pens_flair_baleno_metal_executive_pen.webp
1885,ANG-STA-0838,Flair Desire Metal Executive Pen,ഫ്ലെയർ desire metal എക്സിക്യൂട്ടീവ് പേന,Household & Stationery,pcs,Fixed,140.00,161.00,1 Pen (Gift Box) (₹140),1 Pen (Gift Box): ₹140 | Twin Pack: ₹260,https://aadutygzgrbexxuznqlr.supabase.co/storage/v1/object/public/item-images/flair/metal_pens_flair_desire_metal_executive_pen.webp
1886,ANG-STA-0839,Flair Desire Steel Metal Executive Pen,ഫ്ലെയർ desire steel metal എക്സിക്യൂട്ടീവ് പേന,Household & Stationery,pcs,Fixed,140.00,161.00,1 Pen (Gift Box) (₹140),1 Pen (Gift Box): ₹140 | Twin Pack: ₹260,https://aadutygzgrbexxuznqlr.supabase.co/storage/v1/object/public/item-images/flair/metal_pens_flair_desire_steel_metal_executive_pen.webp
1887,ANG-STA-0840,Flair Real Magic Metal Executive Pen,ഫ്ലെയർ real magic metal എക്സിക്യൂട്ടീവ് പേന,Household & Stationery,pcs,Fixed,140.00,161.00,1 Pen (Gift Box) (₹140),1 Pen (Gift Box): ₹140 | Twin Pack: ₹260,https://aadutygzgrbexxuznqlr.supabase.co/storage/v1/object/public/item-images/flair/metal_pens_flair_milano_metal_executive_pen.webp
1888,ANG-STA-0841,Flair Beverly Hills Metal Executive Pen,ഫ്ലെയർ beverly hills metal എക്സിക്യൂട്ടീവ് പേന,Household & Stationery,pcs,Fixed,140.00,161.00,1 Pen (Gift Box) (₹140),1 Pen (Gift Box): ₹140 | Twin Pack: ₹260,https://aadutygzgrbexxuznqlr.supabase.co/storage/v1/object/public/item-images/flair/metal_pens_flair_elegance_metal_executive_pen.webp
1889,ANG-STA-0842,Flair Monte Rosa Metal Executive Pen,ഫ്ലെയർ monte rosa metal എക്സിക്യൂട്ടീവ് പേന,Household & Stationery,pcs,Fixed,140.00,161.00,1 Pen (Gift Box) (₹140),1 Pen (Gift Box): ₹140 | Twin Pack: ₹260,https://aadutygzgrbexxuznqlr.supabase.co/storage/v1/object/public/item-images/flair/metal_pens_flair_indigo_metal_executive_pen.webp
1890,ANG-STA-0843,Flair Black Beauty Metal Executive Pen,ഫ്ലെയർ black beauty metal എക്സിക്യൂട്ടീവ് പേന,Household & Stationery,pcs,Fixed,140.00,161.00,1 Pen (Gift Box) (₹140),1 Pen (Gift Box): ₹140 | Twin Pack: ₹260,https://aadutygzgrbexxuznqlr.supabase.co/storage/v1/object/public/item-images/flair/metal_pens_flair_rex_metal_executive_pen.webp
1891,ANG-STA-0844,Flair Anaaya Metal Executive Pen,ഫ്ലെയർ anaaya metal എക്സിക്യൂട്ടീവ് പേന,Household & Stationery,pcs,Fixed,140.00,161.00,1 Pen (Gift Box) (₹140),1 Pen (Gift Box): ₹140 | Twin Pack: ₹260,https://aadutygzgrbexxuznqlr.supabase.co/storage/v1/object/public/item-images/flair/metal_pens_flair_carbonix_metal_executive_pen.webp
1892,ANG-STA-0845,Flair Ttriumph Metal Executive Pen,ഫ്ലെയർ ttriumph metal എക്സിക്യൂട്ടീവ് പേന,Household & Stationery,pcs,Fixed,140.00,161.00,1 Pen (Gift Box) (₹140),1 Pen (Gift Box): ₹140 | Twin Pack: ₹260,https://aadutygzgrbexxuznqlr.supabase.co/storage/v1/object/public/item-images/flair/metal_pens_flair_grace_metal_executive_pen.webp
1893,ANG-STA-0846,Flair Momento Metal Executive Pen,ഫ്ലെയർ momento metal എക്സിക്യൂട്ടീവ് പേന,Household & Stationery,pcs,Fixed,140.00,161.00,1 Pen (Gift Box) (₹140),1 Pen (Gift Box): ₹140 | Twin Pack: ₹260,https://aadutygzgrbexxuznqlr.supabase.co/storage/v1/object/public/item-images/flair/metal_pens_flair_eros_metal_executive_pen.webp
1894,ANG-STA-0847,Flair Golden Eye Metal Executive Pen,ഫ്ലെയർ golden eye metal എക്സിക്യൂട്ടീവ് പേന,Household & Stationery,pcs,Fixed,140.00,161.00,1 Pen (Gift Box) (₹140),1 Pen (Gift Box): ₹140 | Twin Pack: ₹260,https://aadutygzgrbexxuznqlr.supabase.co/storage/v1/object/public/item-images/flair/metal_pens_flair_regal_metal_executive_pen.webp
1895,ANG-STA-0848,Flair Ikon Metal Executive Pen,ഫ്ലെയർ ikon metal എക്സിക്യൂട്ടീവ് പേന,Household & Stationery,pcs,Fixed,140.00,161.00,1 Pen (Gift Box) (₹140),1 Pen (Gift Box): ₹140 | Twin Pack: ₹260,https://aadutygzgrbexxuznqlr.supabase.co/storage/v1/object/public/item-images/flair/metal_pens_flair_wish_metal_executive_pen.webp
1896,ANG-STA-0849,Flair Jewel Metal Executive Pen,ഫ്ലെയർ jewel metal എക്സിക്യൂട്ടീവ് പേന,Household & Stationery,pcs,Fixed,140.00,161.00,1 Pen (Gift Box) (₹140),1 Pen (Gift Box): ₹140 | Twin Pack: ₹260,https://aadutygzgrbexxuznqlr.supabase.co/storage/v1/object/public/item-images/flair/metal_pens_flair_miami_metal_executive_pen.webp
1897,ANG-STA-0850,Flair Duke Metal Executive Pen,ഫ്ലെയർ duke metal എക്സിക്യൂട്ടീവ് പേന,Household & Stationery,pcs,Fixed,140.00,161.00,1 Pen (Gift Box) (₹140),1 Pen (Gift Box): ₹140 | Twin Pack: ₹260,https://aadutygzgrbexxuznqlr.supabase.co/storage/v1/object/public/item-images/flair/metal_pens_flair_kroma_dx_metal_executive_pen.webp
1898,ANG-STA-0851,Flair Black Magic Metal Executive Pen,ഫ്ലെയർ black magic metal എക്സിക്യൂട്ടീവ് പേന,Household & Stationery,pcs,Fixed,140.00,161.00,1 Pen (Gift Box) (₹140),1 Pen (Gift Box): ₹140 | Twin Pack: ₹260,https://aadutygzgrbexxuznqlr.supabase.co/storage/v1/object/public/item-images/flair/metal_pens_flair_skin_metal_executive_pen.webp
1899,ANG-STA-0852,Flair Success Metal Executive Pen,ഫ്ലെയർ success metal എക്സിക്യൂട്ടീവ് പേന,Household & Stationery,pcs,Fixed,140.00,161.00,1 Pen (Gift Box) (₹140),1 Pen (Gift Box): ₹140 | Twin Pack: ₹260,https://aadutygzgrbexxuznqlr.supabase.co/storage/v1/object/public/item-images/flair/metal_pens_flair_slim_metal_executive_pen.webp
1900,ANG-STA-0853,Flair Carishma Metal Executive Pen,ഫ്ലെയർ carishma metal എക്സിക്യൂട്ടീവ് പേന,Household & Stationery,pcs,Fixed,140.00,161.00,1 Pen (Gift Box) (₹140),1 Pen (Gift Box): ₹140 | Twin Pack: ₹260,https://aadutygzgrbexxuznqlr.supabase.co/storage/v1/object/public/item-images/flair/metal_pens_flair_kiemaya_metal_executive_pen.webp
1901,ANG-STA-0854,Flair Pacific Metal Executive Pen,ഫ്ലെയർ pacific metal എക്സിക്യൂട്ടീവ് പേന,Household & Stationery,pcs,Fixed,140.00,161.00,1 Pen (Gift Box) (₹140),1 Pen (Gift Box): ₹140 | Twin Pack: ₹260,https://aadutygzgrbexxuznqlr.supabase.co/storage/v1/object/public/item-images/flair/metal_pens_flair_voyager_metal_executive_pen.webp
1902,ANG-STA-0855,Flair Half Metal Metal Executive Pen,ഫ്ലെയർ half metal metal എക്സിക്യൂട്ടീവ് പേന,Household & Stationery,pcs,Fixed,140.00,161.00,1 Pen (Gift Box) (₹140),1 Pen (Gift Box): ₹140 | Twin Pack: ₹260,https://aadutygzgrbexxuznqlr.supabase.co/storage/v1/object/public/item-images/flair/metal_pens_flair_kroma_metal_executive_pen.webp
1903,ANG-STA-0856,Flair IDEA Ball Pen,ഫ്ലെയർ idea ബോൾ പേന,Household & Stationery,pcs,Fixed,10.00,12.00,1 Pen (₹10),1 Pen: ₹10 | Pack of 5: ₹50 | Pack of 10 Box: ₹95,https://aadutygzgrbexxuznqlr.supabase.co/storage/v1/object/public/item-images/flair/ball_pens_flair_idea_ball_pen.png
1904,ANG-STA-0857,Flair Wave Ball Pen,ഫ്ലെയർ wave ബോൾ പേന,Household & Stationery,pcs,Fixed,10.00,12.00,1 Pen (₹10),1 Pen: ₹10 | Pack of 5: ₹50 | Pack of 10 Box: ₹95,https://aadutygzgrbexxuznqlr.supabase.co/storage/v1/object/public/item-images/flair/ball_pens_flair_wave_ball_pen.png
1905,ANG-STA-0858,Flair Writo Meter Silk Ball Pen,ഫ്ലെയർ റൈറ്റോ-മീറ്റർ silk ബോൾ പേന,Household & Stationery,pcs,Fixed,25.00,29.00,1 Pen (₹25),1 Pen: ₹25 | Pack of 3: ₹70 | Pack of 5 Box: ₹115,https://aadutygzgrbexxuznqlr.supabase.co/storage/v1/object/public/item-images/flair/ball_pens_flair_writo_meter_silk_ball_pen.png
1906,ANG-STA-0859,Flair X-TREK Ball Pen,ഫ്ലെയർ x-trek ബോൾ പേന,Household & Stationery,pcs,Fixed,10.00,12.00,1 Pen (₹10),1 Pen: ₹10 | Pack of 5: ₹50 | Pack of 10 Box: ₹95,https://aadutygzgrbexxuznqlr.supabase.co/storage/v1/object/public/item-images/flair/ball_pens_flair_x_trek_ball_pen.png
1907,ANG-STA-0860,Flair 3 in 1 Ball Pen,ഫ്ലെയർ 3 in 1 ബോൾ പേന,Household & Stationery,pcs,Fixed,10.00,12.00,1 Pen (₹10),1 Pen: ₹10 | Pack of 5: ₹50 | Pack of 10 Box: ₹95,https://aadutygzgrbexxuznqlr.supabase.co/storage/v1/object/public/item-images/flair/ball_pens_flair_3_in_1_ball_pen.png
1908,ANG-STA-0861,Flair Xtra Bold Ball Pen,ഫ്ലെയർ xtra bold ബോൾ പേന,Household & Stationery,pcs,Fixed,10.00,12.00,1 Pen (₹10),1 Pen: ₹10 | Pack of 5: ₹50 | Pack of 10 Box: ₹95,https://aadutygzgrbexxuznqlr.supabase.co/storage/v1/object/public/item-images/flair/ball_pens_flair_xtra_bold_ball_pen.png
1909,ANG-STA-0862,Flair YOLO Trendz Ball Pen,ഫ്ലെയർ yolo trendz ബോൾ പേന,Household & Stationery,pcs,Fixed,10.00,12.00,1 Pen (₹10),1 Pen: ₹10 | Pack of 5: ₹50 | Pack of 10 Box: ₹95,https://aadutygzgrbexxuznqlr.supabase.co/storage/v1/object/public/item-images/flair/ball_pens_flair_yolo_trendz_ball_pen.png
1910,ANG-STA-0863,Flair Writo-meter Executive Ball Pen,ഫ്ലെയർ റൈറ്റോ-മീറ്റർ എക്സിക്യൂട്ടീവ് ബോൾ പേന,Household & Stationery,pcs,Fixed,25.00,29.00,1 Pen (₹25),1 Pen: ₹25 | Pack of 3: ₹70 | Pack of 5 Box: ₹115,https://aadutygzgrbexxuznqlr.supabase.co/storage/v1/object/public/item-images/flair/ball_pens_flair_writo_meter_executive_ball_pen.webp
1911,ANG-STA-0864,Flair Writo-meter Jumbo Ball Pen,ഫ്ലെയർ റൈറ്റോ-മീറ്റർ jumbo ബോൾ പേന,Household & Stationery,pcs,Fixed,25.00,29.00,1 Pen (₹25),1 Pen: ₹25 | Pack of 3: ₹70 | Pack of 5 Box: ₹115,https://aadutygzgrbexxuznqlr.supabase.co/storage/v1/object/public/item-images/flair/ball_pens_flair_writo_meter_jumbo_ball_pen.webp
1912,ANG-STA-0865,Flair Writo-meter Ball Pen,ഫ്ലെയർ റൈറ്റോ-മീറ്റർ ബോൾ പേന,Household & Stationery,pcs,Fixed,25.00,29.00,1 Pen (₹25),1 Pen: ₹25 | Pack of 3: ₹70 | Pack of 5 Box: ₹115,https://aadutygzgrbexxuznqlr.supabase.co/storage/v1/object/public/item-images/flair/ball_pens_flair_writo_meter_ball_pen.webp
1913,ANG-STA-0866,Flair Sunny Ball Pen,ഫ്ലെയർ സണ്ണി ബോൾ പേന,Household & Stationery,pcs,Fixed,10.00,12.00,1 Pen (₹10),1 Pen: ₹10 | Pack of 5: ₹50 | Pack of 10 Box: ₹95,https://aadutygzgrbexxuznqlr.supabase.co/storage/v1/object/public/item-images/flair/ball_pens_flair_sunny_ball_pen.webp
1914,ANG-STA-0867,Flair Digital Ball Pen,ഫ്ലെയർ digital ബോൾ പേന,Household & Stationery,pcs,Fixed,10.00,12.00,1 Pen (₹10),1 Pen: ₹10 | Pack of 5: ₹50 | Pack of 10 Box: ₹95,https://aadutygzgrbexxuznqlr.supabase.co/storage/v1/object/public/item-images/flair/ball_pens_flair_digital_ball_pen.webp
1915,ANG-STA-0868,Flair INK LINE Ball Pen,ഫ്ലെയർ ink line ബോൾ പേന,Household & Stationery,pcs,Fixed,10.00,12.00,1 Pen (₹10),1 Pen: ₹10 | Pack of 5: ₹50 | Pack of 10 Box: ₹95,https://aadutygzgrbexxuznqlr.supabase.co/storage/v1/object/public/item-images/flair/ball_pens_flair_ink_line_ball_pen.webp
1916,ANG-STA-0869,Flair YOLO Ball Pen,ഫ്ലെയർ yolo ബോൾ പേന,Household & Stationery,pcs,Fixed,10.00,12.00,1 Pen (₹10),1 Pen: ₹10 | Pack of 5: ₹50 | Pack of 10 Box: ₹95,https://aadutygzgrbexxuznqlr.supabase.co/storage/v1/object/public/item-images/flair/ball_pens_flair_yolo_ball_pen.webp
1917,ANG-STA-0870,Flair Carbonix blu Ball Pen,ഫ്ലെയർ കാർബോണിക്സ് blu ബോൾ പേന,Household & Stationery,pcs,Fixed,10.00,12.00,1 Pen (₹10),1 Pen: ₹10 | Pack of 5: ₹50 | Pack of 10 Box: ₹95,https://aadutygzgrbexxuznqlr.supabase.co/storage/v1/object/public/item-images/flair/ball_pens_flair_carbonix_blu_ball_pen.webp
1918,ANG-STA-0871,Flair SRX Ball Pen,ഫ്ലെയർ srx ബോൾ പേന,Household & Stationery,pcs,Fixed,10.00,12.00,1 Pen (₹10),1 Pen: ₹10 | Pack of 5: ₹50 | Pack of 10 Box: ₹95,https://aadutygzgrbexxuznqlr.supabase.co/storage/v1/object/public/item-images/flair/ball_pens_flair_srx_ball_pen.webp
1919,ANG-STA-0872,Flair Silkina Ball Pen,ഫ്ലെയർ silkina ബോൾ പേന,Household & Stationery,pcs,Fixed,10.00,12.00,1 Pen (₹10),1 Pen: ₹10 | Pack of 5: ₹50 | Pack of 10 Box: ₹95,https://aadutygzgrbexxuznqlr.supabase.co/storage/v1/object/public/item-images/flair/ball_pens_flair_silkina_ball_pen.webp
1920,ANG-STA-0873,Flair Xtra-Mile Ball Pen,ഫ്ലെയർ xtra-mile ബോൾ പേന,Household & Stationery,pcs,Fixed,10.00,12.00,1 Pen (₹10),1 Pen: ₹10 | Pack of 5: ₹50 | Pack of 10 Box: ₹95,https://aadutygzgrbexxuznqlr.supabase.co/storage/v1/object/public/item-images/flair/ball_pens_flair_xtra_mile_ball_pen.webp
1921,ANG-STA-0874,Flair Topper Ball Pen,ഫ്ലെയർ topper ബോൾ പേന,Household & Stationery,pcs,Fixed,10.00,12.00,1 Pen (₹10),1 Pen: ₹10 | Pack of 5: ₹50 | Pack of 10 Box: ₹95,https://aadutygzgrbexxuznqlr.supabase.co/storage/v1/object/public/item-images/flair/ball_pens_flair_topper_ball_pen.webp
1922,ANG-STA-0875,Flair Big Writer Ball Pen,ഫ്ലെയർ big writer ബോൾ പേന,Household & Stationery,pcs,Fixed,10.00,12.00,1 Pen (₹10),1 Pen: ₹10 | Pack of 5: ₹50 | Pack of 10 Box: ₹95,https://aadutygzgrbexxuznqlr.supabase.co/storage/v1/object/public/item-images/flair/ball_pens_flair_big_writer_ball_pen.webp
1923,ANG-STA-0876,Flair Clickers Ball Pen,ഫ്ലെയർ clickers ബോൾ പേന,Household & Stationery,pcs,Fixed,10.00,12.00,1 Pen (₹10),1 Pen: ₹10 | Pack of 5: ₹50 | Pack of 10 Box: ₹95,https://aadutygzgrbexxuznqlr.supabase.co/storage/v1/object/public/item-images/flair/ball_pens_flair_clickers_ball_pen.webp
1924,ANG-STA-0877,Flair Marathon Ball Pen,ഫ്ലെയർ marathon ബോൾ പേന,Household & Stationery,pcs,Fixed,10.00,12.00,1 Pen (₹10),1 Pen: ₹10 | Pack of 5: ₹50 | Pack of 10 Box: ₹95,https://aadutygzgrbexxuznqlr.supabase.co/storage/v1/object/public/item-images/flair/ball_pens_flair_marathon_ball_pen.webp
1925,ANG-STA-0878,Flair Peach Ball Pen,ഫ്ലെയർ peach ബോൾ പേന,Household & Stationery,pcs,Fixed,10.00,12.00,1 Pen (₹10),1 Pen: ₹10 | Pack of 5: ₹50 | Pack of 10 Box: ₹95,https://aadutygzgrbexxuznqlr.supabase.co/storage/v1/object/public/item-images/flair/ball_pens_flair_peach_ball_pen.webp
1926,ANG-STA-0879,Flair Ezee-Click Ball Pen,ഫ്ലെയർ ezee-ക്ലിക്ക് ബോൾ പേന,Household & Stationery,pcs,Fixed,10.00,12.00,1 Pen (₹10),1 Pen: ₹10 | Pack of 5: ₹50 | Pack of 10 Box: ₹95,https://aadutygzgrbexxuznqlr.supabase.co/storage/v1/object/public/item-images/flair/ball_pens_flair_ezee_click_ball_pen.webp
1927,ANG-STA-0880,Flair Q 5 Ball Pen,ഫ്ലെയർ q 5 ബോൾ പേന,Household & Stationery,pcs,Fixed,10.00,12.00,1 Pen (₹10),1 Pen: ₹10 | Pack of 5: ₹50 | Pack of 10 Box: ₹95,https://aadutygzgrbexxuznqlr.supabase.co/storage/v1/object/public/item-images/flair/ball_pens_flair_q_5_ball_pen.webp
1928,ANG-STA-0881,Flair FX Ball Pen,ഫ്ലെയർ fx ബോൾ പേന,Household & Stationery,pcs,Fixed,10.00,12.00,1 Pen (₹10),1 Pen: ₹10 | Pack of 5: ₹50 | Pack of 10 Box: ₹95,https://aadutygzgrbexxuznqlr.supabase.co/storage/v1/object/public/item-images/flair/ball_pens_flair_fx_ball_pen.webp
1929,ANG-STA-0882,Flair Woody Ball Pen,ഫ്ലെയർ woody ബോൾ പേന,Household & Stationery,pcs,Fixed,10.00,12.00,1 Pen (₹10),1 Pen: ₹10 | Pack of 5: ₹50 | Pack of 10 Box: ₹95,https://aadutygzgrbexxuznqlr.supabase.co/storage/v1/object/public/item-images/flair/ball_pens_flair_woody_ball_pen.webp
1930,ANG-STA-0883,Flair Sunny Grippo Ball Pen,ഫ്ലെയർ സണ്ണി grippo ബോൾ പേന,Household & Stationery,pcs,Fixed,10.00,12.00,1 Pen (₹10),1 Pen: ₹10 | Pack of 5: ₹50 | Pack of 10 Box: ₹95,https://aadutygzgrbexxuznqlr.supabase.co/storage/v1/object/public/item-images/flair/ball_pens_flair_idea_ball_pen.png
1931,ANG-STA-0884,Flair Sunny Neon Ball Pen,ഫ്ലെയർ സണ്ണി neon ബോൾ പേന,Household & Stationery,pcs,Fixed,10.00,12.00,1 Pen (₹10),1 Pen: ₹10 | Pack of 5: ₹50 | Pack of 10 Box: ₹95,https://aadutygzgrbexxuznqlr.supabase.co/storage/v1/object/public/item-images/flair/ball_pens_flair_wave_ball_pen.png
1932,ANG-STA-0885,Flair Sunny Dx Ball Pen,ഫ്ലെയർ സണ്ണി dx ബോൾ പേന,Household & Stationery,pcs,Fixed,10.00,12.00,1 Pen (₹10),1 Pen: ₹10 | Pack of 5: ₹50 | Pack of 10 Box: ₹95,https://aadutygzgrbexxuznqlr.supabase.co/storage/v1/object/public/item-images/flair/ball_pens_flair_writo_meter_silk_ball_pen.png
1933,ANG-STA-0886,Flair Sunny Metallica Ball Pen,ഫ്ലെയർ സണ്ണി metallica ബോൾ പേന,Household & Stationery,pcs,Fixed,10.00,12.00,1 Pen (₹10),1 Pen: ₹10 | Pack of 5: ₹50 | Pack of 10 Box: ₹95,https://aadutygzgrbexxuznqlr.supabase.co/storage/v1/object/public/item-images/flair/metal_pens_flair_baleno_metal_executive_pen.webp
1934,ANG-STA-0887,Flair Writo-meter Metallica Ball Pen,ഫ്ലെയർ റൈറ്റോ-മീറ്റർ metallica ബോൾ പേന,Household & Stationery,pcs,Fixed,25.00,29.00,1 Pen (₹25),1 Pen: ₹25 | Pack of 3: ₹70 | Pack of 5 Box: ₹115,https://aadutygzgrbexxuznqlr.supabase.co/storage/v1/object/public/item-images/flair/metal_pens_flair_desire_metal_executive_pen.webp
1935,ANG-STA-0888,Flair Writo-meter 2 Ball Pen,ഫ്ലെയർ റൈറ്റോ-മീറ്റർ 2 ബോൾ പേന,Household & Stationery,pcs,Fixed,25.00,29.00,1 Pen (₹25),1 Pen: ₹25 | Pack of 3: ₹70 | Pack of 5 Box: ₹115,https://aadutygzgrbexxuznqlr.supabase.co/storage/v1/object/public/item-images/flair/ball_pens_flair_x_trek_ball_pen.png
1936,ANG-STA-0889,Flair Writo-meter RT Ball Pen,ഫ്ലെയർ റൈറ്റോ-മീറ്റർ rt ബോൾ പേന,Household & Stationery,pcs,Fixed,25.00,29.00,1 Pen (₹25),1 Pen: ₹25 | Pack of 3: ₹70 | Pack of 5 Box: ₹115,https://aadutygzgrbexxuznqlr.supabase.co/storage/v1/object/public/item-images/flair/ball_pens_flair_3_in_1_ball_pen.png
1937,ANG-STA-0890,Flair Writo-meter OX Ball Pen,ഫ്ലെയർ റൈറ്റോ-മീറ്റർ ox ബോൾ പേന,Household & Stationery,pcs,Fixed,25.00,29.00,1 Pen (₹25),1 Pen: ₹25 | Pack of 3: ₹70 | Pack of 5 Box: ₹115,https://aadutygzgrbexxuznqlr.supabase.co/storage/v1/object/public/item-images/flair/ball_pens_flair_xtra_bold_ball_pen.png
1938,ANG-STA-0891,Flair Writo-meter Gold Ball Pen,ഫ്ലെയർ റൈറ്റോ-മീറ്റർ gold ബോൾ പേന,Household & Stationery,pcs,Fixed,25.00,29.00,1 Pen (₹25),1 Pen: ₹25 | Pack of 3: ₹70 | Pack of 5 Box: ₹115,https://aadutygzgrbexxuznqlr.supabase.co/storage/v1/object/public/item-images/flair/ball_pens_flair_yolo_trendz_ball_pen.png
1939,ANG-STA-0892,Flair Angular Ball Pen,ഫ്ലെയർ angular ബോൾ പേന,Household & Stationery,pcs,Fixed,10.00,12.00,1 Pen (₹10),1 Pen: ₹10 | Pack of 5: ₹50 | Pack of 10 Box: ₹95,https://aadutygzgrbexxuznqlr.supabase.co/storage/v1/object/public/item-images/flair/ball_pens_flair_writo_meter_executive_ball_pen.webp
1940,ANG-STA-0893,Flair Carbonix V Ball Pen,ഫ്ലെയർ കാർബോണിക്സ് v ബോൾ പേന,Household & Stationery,pcs,Fixed,10.00,12.00,1 Pen (₹10),1 Pen: ₹10 | Pack of 5: ₹50 | Pack of 10 Box: ₹95,https://aadutygzgrbexxuznqlr.supabase.co/storage/v1/object/public/item-images/flair/ball_pens_flair_writo_meter_jumbo_ball_pen.webp
1941,ANG-STA-0894,Flair Carbonix dUO Ball Pen,ഫ്ലെയർ കാർബോണിക്സ് duo ബോൾ പേന,Household & Stationery,pcs,Fixed,10.00,12.00,1 Pen (₹10),1 Pen: ₹10 | Pack of 5: ₹50 | Pack of 10 Box: ₹95,https://aadutygzgrbexxuznqlr.supabase.co/storage/v1/object/public/item-images/flair/ball_pens_flair_writo_meter_ball_pen.webp
1942,ANG-STA-0895,Flair Carbonix Grip Ball Pen,ഫ്ലെയർ കാർബോണിക്സ് grip ബോൾ പേന,Household & Stationery,pcs,Fixed,10.00,12.00,1 Pen (₹10),1 Pen: ₹10 | Pack of 5: ₹50 | Pack of 10 Box: ₹95,https://aadutygzgrbexxuznqlr.supabase.co/storage/v1/object/public/item-images/flair/ball_pens_flair_sunny_ball_pen.webp
1943,ANG-STA-0896,Flair Carbonix RT Ball Pen,ഫ്ലെയർ കാർബോണിക്സ് rt ബോൾ പേന,Household & Stationery,pcs,Fixed,10.00,12.00,1 Pen (₹10),1 Pen: ₹10 | Pack of 5: ₹50 | Pack of 10 Box: ₹95,https://aadutygzgrbexxuznqlr.supabase.co/storage/v1/object/public/item-images/flair/ball_pens_flair_digital_ball_pen.webp
1944,ANG-STA-0897,Flair Inky Carbonix Ball Pen,ഫ്ലെയർ inky കാർബോണിക്സ് ബോൾ പേന,Household & Stationery,pcs,Fixed,10.00,12.00,1 Pen (₹10),1 Pen: ₹10 | Pack of 5: ₹50 | Pack of 10 Box: ₹95,https://aadutygzgrbexxuznqlr.supabase.co/storage/v1/object/public/item-images/flair/ball_pens_flair_ink_line_ball_pen.webp
1945,ANG-STA-0898,Flair Addiction Ball Pen,ഫ്ലെയർ addiction ബോൾ പേന,Household & Stationery,pcs,Fixed,10.00,12.00,1 Pen (₹10),1 Pen: ₹10 | Pack of 5: ₹50 | Pack of 10 Box: ₹95,https://aadutygzgrbexxuznqlr.supabase.co/storage/v1/object/public/item-images/flair/ball_pens_flair_yolo_ball_pen.webp
1946,ANG-STA-0899,Flair Ezee Click Pro Ball Pen,ഫ്ലെയർ ezee ക്ലിക്ക് pro ബോൾ പേന,Household & Stationery,pcs,Fixed,10.00,12.00,1 Pen (₹10),1 Pen: ₹10 | Pack of 5: ₹50 | Pack of 10 Box: ₹95,https://aadutygzgrbexxuznqlr.supabase.co/storage/v1/object/public/item-images/flair/ball_pens_flair_carbonix_blu_ball_pen.webp
1947,ANG-STA-0900,Flair Alfa Ball Pen,ഫ്ലെയർ alfa ബോൾ പേന,Household & Stationery,pcs,Fixed,10.00,12.00,1 Pen (₹10),1 Pen: ₹10 | Pack of 5: ₹50 | Pack of 10 Box: ₹95,https://aadutygzgrbexxuznqlr.supabase.co/storage/v1/object/public/item-images/flair/ball_pens_flair_srx_ball_pen.webp
1948,ANG-STA-0901,Flair Insta Jet Ball Pen,ഫ്ലെയർ insta jet ബോൾ പേന,Household & Stationery,pcs,Fixed,10.00,12.00,1 Pen (₹10),1 Pen: ₹10 | Pack of 5: ₹50 | Pack of 10 Box: ₹95,https://aadutygzgrbexxuznqlr.supabase.co/storage/v1/object/public/item-images/flair/ball_pens_flair_silkina_ball_pen.webp
1949,ANG-STA-0902,Flair Xtra Small Ball Pen,ഫ്ലെയർ xtra small ബോൾ പേന,Household & Stationery,pcs,Fixed,10.00,12.00,1 Pen (₹10),1 Pen: ₹10 | Pack of 5: ₹50 | Pack of 10 Box: ₹95,https://aadutygzgrbexxuznqlr.supabase.co/storage/v1/object/public/item-images/flair/ball_pens_flair_xtra_mile_ball_pen.webp
1950,ANG-STA-0903,Flair Streamer Ball Pen,ഫ്ലെയർ streamer ബോൾ പേന,Household & Stationery,pcs,Fixed,10.00,12.00,1 Pen (₹10),1 Pen: ₹10 | Pack of 5: ₹50 | Pack of 10 Box: ₹95,https://aadutygzgrbexxuznqlr.supabase.co/storage/v1/object/public/item-images/flair/ball_pens_flair_topper_ball_pen.webp
1951,ANG-STA-0904,Flair Mr. Grip Ball Pen,ഫ്ലെയർ mr. grip ബോൾ പേന,Household & Stationery,pcs,Fixed,10.00,12.00,1 Pen (₹10),1 Pen: ₹10 | Pack of 5: ₹50 | Pack of 10 Box: ₹95,https://aadutygzgrbexxuznqlr.supabase.co/storage/v1/object/public/item-images/flair/ball_pens_flair_big_writer_ball_pen.webp
1952,ANG-STA-0905,Flair Fx Speed Ball Pen,ഫ്ലെയർ fx സ്പീഡ് ബോൾ പേന,Household & Stationery,pcs,Fixed,10.00,12.00,1 Pen (₹10),1 Pen: ₹10 | Pack of 5: ₹50 | Pack of 10 Box: ₹95,https://aadutygzgrbexxuznqlr.supabase.co/storage/v1/object/public/item-images/flair/ball_pens_flair_clickers_ball_pen.webp
1953,ANG-STA-0906,Flair Fx Trendz Ball Pen,ഫ്ലെയർ fx trendz ബോൾ പേന,Household & Stationery,pcs,Fixed,10.00,12.00,1 Pen (₹10),1 Pen: ₹10 | Pack of 5: ₹50 | Pack of 10 Box: ₹95,https://aadutygzgrbexxuznqlr.supabase.co/storage/v1/object/public/item-images/flair/ball_pens_flair_marathon_ball_pen.webp
1954,ANG-STA-0907,Flair Q-5 Ball Pen,ഫ്ലെയർ q-5 ബോൾ പേന,Household & Stationery,pcs,Fixed,10.00,12.00,1 Pen (₹10),1 Pen: ₹10 | Pack of 5: ₹50 | Pack of 10 Box: ₹95,https://aadutygzgrbexxuznqlr.supabase.co/storage/v1/object/public/item-images/flair/ball_pens_flair_peach_ball_pen.webp
1955,ANG-STA-0908,Flair Wi-Fi Ball Pen,ഫ്ലെയർ wi-fi ബോൾ പേന,Household & Stationery,pcs,Fixed,10.00,12.00,1 Pen (₹10),1 Pen: ₹10 | Pack of 5: ₹50 | Pack of 10 Box: ₹95,https://aadutygzgrbexxuznqlr.supabase.co/storage/v1/object/public/item-images/flair/ball_pens_flair_ezee_click_ball_pen.webp
1956,ANG-STA-0909,Flair Ezee Grip Ball Pen,ഫ്ലെയർ ezee grip ബോൾ പേന,Household & Stationery,pcs,Fixed,10.00,12.00,1 Pen (₹10),1 Pen: ₹10 | Pack of 5: ₹50 | Pack of 10 Box: ₹95,https://aadutygzgrbexxuznqlr.supabase.co/storage/v1/object/public/item-images/flair/ball_pens_flair_q_5_ball_pen.webp
1957,ANG-STA-0910,Flair Zing Ball Pen,ഫ്ലെയർ zing ബോൾ പേന,Household & Stationery,pcs,Fixed,10.00,12.00,1 Pen (₹10),1 Pen: ₹10 | Pack of 5: ₹50 | Pack of 10 Box: ₹95,https://aadutygzgrbexxuznqlr.supabase.co/storage/v1/object/public/item-images/flair/ball_pens_flair_fx_ball_pen.webp
1958,ANG-STA-0911,Flair Xplore Ball Pen,ഫ്ലെയർ xplore ബോൾ പേന,Household & Stationery,pcs,Fixed,10.00,12.00,1 Pen (₹10),1 Pen: ₹10 | Pack of 5: ₹50 | Pack of 10 Box: ₹95,https://aadutygzgrbexxuznqlr.supabase.co/storage/v1/object/public/item-images/flair/ball_pens_flair_woody_ball_pen.webp
1959,ANG-STA-0912,Flair Jet-Line Trendz Ball Pen,ഫ്ലെയർ jet-line trendz ബോൾ പേന,Household & Stationery,pcs,Fixed,10.00,12.00,1 Pen (₹10),1 Pen: ₹10 | Pack of 5: ₹50 | Pack of 10 Box: ₹95,https://aadutygzgrbexxuznqlr.supabase.co/storage/v1/object/public/item-images/flair/ball_pens_flair_idea_ball_pen.png
1960,ANG-STA-0913,Flair Jet-Line Ball Pen,ഫ്ലെയർ jet-line ബോൾ പേന,Household & Stationery,pcs,Fixed,10.00,12.00,1 Pen (₹10),1 Pen: ₹10 | Pack of 5: ₹50 | Pack of 10 Box: ₹95,https://aadutygzgrbexxuznqlr.supabase.co/storage/v1/object/public/item-images/flair/ball_pens_flair_wave_ball_pen.png
1961,ANG-STA-0914,Flair X-5 Ball Pen,ഫ്ലെയർ x-5 ബോൾ പേന,Household & Stationery,pcs,Fixed,10.00,12.00,1 Pen (₹10),1 Pen: ₹10 | Pack of 5: ₹50 | Pack of 10 Box: ₹95,https://aadutygzgrbexxuznqlr.supabase.co/storage/v1/object/public/item-images/flair/ball_pens_flair_writo_meter_silk_ball_pen.png
1962,ANG-STA-0915,Flair 777 Ball Pen,ഫ്ലെയർ 777 ബോൾ പേന,Household & Stationery,pcs,Fixed,10.00,12.00,1 Pen (₹10),1 Pen: ₹10 | Pack of 5: ₹50 | Pack of 10 Box: ₹95,https://aadutygzgrbexxuznqlr.supabase.co/storage/v1/object/public/item-images/flair/ball_pens_flair_x_trek_ball_pen.png
1963,ANG-STA-0916,Flair Q-Max Ball Pen,ഫ്ലെയർ q-max ബോൾ പേന,Household & Stationery,pcs,Fixed,10.00,12.00,1 Pen (₹10),1 Pen: ₹10 | Pack of 5: ₹50 | Pack of 10 Box: ₹95,https://aadutygzgrbexxuznqlr.supabase.co/storage/v1/object/public/item-images/flair/ball_pens_flair_3_in_1_ball_pen.png
1964,ANG-STA-0917,Flair Polo Grip Ball Pen,ഫ്ലെയർ polo grip ബോൾ പേന,Household & Stationery,pcs,Fixed,10.00,12.00,1 Pen (₹10),1 Pen: ₹10 | Pack of 5: ₹50 | Pack of 10 Box: ₹95,https://aadutygzgrbexxuznqlr.supabase.co/storage/v1/object/public/item-images/flair/ball_pens_flair_xtra_bold_ball_pen.png
1965,ANG-STA-0918,Flair Star Ball Pen,ഫ്ലെയർ star ബോൾ പേന,Household & Stationery,pcs,Fixed,10.00,12.00,1 Pen (₹10),1 Pen: ₹10 | Pack of 5: ₹50 | Pack of 10 Box: ₹95,https://aadutygzgrbexxuznqlr.supabase.co/storage/v1/object/public/item-images/flair/ball_pens_flair_yolo_trendz_ball_pen.png
1966,ANG-STA-0919,Flair Writo-meter Silk Gel Pen,ഫ്ലെയർ റൈറ്റോ-മീറ്റർ silk ജെൽ പേന,Household & Stationery,pcs,Fixed,15.00,18.00,1 Pen (₹15),1 Pen: ₹15 | Pack of 5: ₹75 | Pack of 10 Box: ₹140,https://aadutygzgrbexxuznqlr.supabase.co/storage/v1/object/public/item-images/flair/gel_pens_flair_writo_meter_silk_gel_pen.png
1967,ANG-STA-0920,Flair YOLO NXT Gel Gel Pen,ഫ്ലെയർ yolo nxt gel ജെൽ പേന,Household & Stationery,pcs,Fixed,15.00,18.00,1 Pen (₹15),1 Pen: ₹15 | Pack of 5: ₹75 | Pack of 10 Box: ₹140,https://aadutygzgrbexxuznqlr.supabase.co/storage/v1/object/public/item-images/flair/gel_pens_flair_yolo_nxt_gel_gel_pen.png
1968,ANG-STA-0921,Flair V2 Gel 10 ink colours Gel Pen,ഫ്ലെയർ v2 gel 10 ink colours ജെൽ പേന,Household & Stationery,pcs,Fixed,15.00,18.00,1 Pen (₹15),1 Pen: ₹15 | Pack of 5: ₹75 | Pack of 10 Box: ₹140,https://aadutygzgrbexxuznqlr.supabase.co/storage/v1/object/public/item-images/flair/gel_pens_flair_v2_gel_10_ink_colours_gel_pen.png
1969,ANG-STA-0922,Flair Jet Speed Gel Pen,ഫ്ലെയർ jet സ്പീഡ് ജെൽ പേന,Household & Stationery,pcs,Fixed,15.00,18.00,1 Pen (₹15),1 Pen: ₹15 | Pack of 5: ₹75 | Pack of 10 Box: ₹140,https://aadutygzgrbexxuznqlr.supabase.co/storage/v1/object/public/item-images/flair/gel_pens_flair_jet_speed_gel_pen.png
1970,ANG-STA-0923,Flair Beast Gel Gel Pen,ഫ്ലെയർ beast gel ജെൽ പേന,Household & Stationery,pcs,Fixed,15.00,18.00,1 Pen (₹15),1 Pen: ₹15 | Pack of 5: ₹75 | Pack of 10 Box: ₹140,https://aadutygzgrbexxuznqlr.supabase.co/storage/v1/object/public/item-images/flair/gel_pens_flair_beast_gel_gel_pen.png
1971,ANG-STA-0924,Flair Yolo Gel Gel Pen,ഫ്ലെയർ yolo gel ജെൽ പേന,Household & Stationery,pcs,Fixed,15.00,18.00,1 Pen (₹15),1 Pen: ₹15 | Pack of 5: ₹75 | Pack of 10 Box: ₹140,https://aadutygzgrbexxuznqlr.supabase.co/storage/v1/object/public/item-images/flair/gel_pens_flair_yolo_gel_gel_pen.webp
1972,ANG-STA-0925,Flair Writo-meter JUMBO Gel Pen,ഫ്ലെയർ റൈറ്റോ-മീറ്റർ jumbo ജെൽ പേന,Household & Stationery,pcs,Fixed,15.00,18.00,1 Pen (₹15),1 Pen: ₹15 | Pack of 5: ₹75 | Pack of 10 Box: ₹140,https://aadutygzgrbexxuznqlr.supabase.co/storage/v1/object/public/item-images/flair/gel_pens_flair_writo_meter_jumbo_gel_pen.webp
1973,ANG-STA-0926,Flair V2 Gel Gel Pen,ഫ്ലെയർ v2 gel ജെൽ പേന,Household & Stationery,pcs,Fixed,15.00,18.00,1 Pen (₹15),1 Pen: ₹15 | Pack of 5: ₹75 | Pack of 10 Box: ₹140,https://aadutygzgrbexxuznqlr.supabase.co/storage/v1/object/public/item-images/flair/gel_pens_flair_v2_gel_gel_pen.webp
1974,ANG-STA-0927,Flair Concorde Gel Pen,ഫ്ലെയർ concorde ജെൽ പേന,Household & Stationery,pcs,Fixed,15.00,18.00,1 Pen (₹15),1 Pen: ₹15 | Pack of 5: ₹75 | Pack of 10 Box: ₹140,https://aadutygzgrbexxuznqlr.supabase.co/storage/v1/object/public/item-images/flair/gel_pens_flair_concorde_gel_pen.webp
1975,ANG-STA-0928,Flair Techno Gel Pen,ഫ്ലെയർ techno ജെൽ പേന,Household & Stationery,pcs,Fixed,15.00,18.00,1 Pen (₹15),1 Pen: ₹15 | Pack of 5: ₹75 | Pack of 10 Box: ₹140,https://aadutygzgrbexxuznqlr.supabase.co/storage/v1/object/public/item-images/flair/gel_pens_flair_techno_gel_pen.webp
1976,ANG-STA-0929,Flair Pop Gel Gel Pen,ഫ്ലെയർ pop gel ജെൽ പേന,Household & Stationery,pcs,Fixed,15.00,18.00,1 Pen (₹15),1 Pen: ₹15 | Pack of 5: ₹75 | Pack of 10 Box: ₹140,https://aadutygzgrbexxuznqlr.supabase.co/storage/v1/object/public/item-images/flair/gel_pens_flair_pop_gel_gel_pen.webp
1977,ANG-STA-0930,Flair Trendy Neon Gel Pen,ഫ്ലെയർ trendy neon ജെൽ പേന,Household & Stationery,pcs,Fixed,15.00,18.00,1 Pen (₹15),1 Pen: ₹15 | Pack of 5: ₹75 | Pack of 10 Box: ₹140,https://aadutygzgrbexxuznqlr.supabase.co/storage/v1/object/public/item-images/flair/gel_pens_flair_trendy_neon_gel_pen.webp
1978,ANG-STA-0931,Flair Hi-Fashion Gel Pen,ഫ്ലെയർ hi-fashion ജെൽ പേന,Household & Stationery,pcs,Fixed,15.00,18.00,1 Pen (₹15),1 Pen: ₹15 | Pack of 5: ₹75 | Pack of 10 Box: ₹140,https://aadutygzgrbexxuznqlr.supabase.co/storage/v1/object/public/item-images/flair/gel_pens_flair_hi_fashion_gel_pen.webp
1979,ANG-STA-0932,Flair Glitter Xtra Sparkle Gel Pen,ഫ്ലെയർ ഗ്ലിറ്റർ xtra സ്പാർക്കിൾ ജെൽ പേന,Household & Stationery,pcs,Fixed,15.00,18.00,1 Pen (₹15),1 Pen: ₹15 | Pack of 5: ₹75 | Pack of 10 Box: ₹140,https://aadutygzgrbexxuznqlr.supabase.co/storage/v1/object/public/item-images/flair/gel_pens_flair_glitter_xtra_sparkle_gel_pen.webp
1980,ANG-STA-0933,Flair Rapid Gel Gel Pen,ഫ്ലെയർ rapid gel ജെൽ പേന,Household & Stationery,pcs,Fixed,15.00,18.00,1 Pen (₹15),1 Pen: ₹15 | Pack of 5: ₹75 | Pack of 10 Box: ₹140,https://aadutygzgrbexxuznqlr.supabase.co/storage/v1/object/public/item-images/flair/gel_pens_flair_rapid_gel_gel_pen.webp
1981,ANG-STA-0934,Flair Bolt Gel Pen,ഫ്ലെയർ bolt ജെൽ പേന,Household & Stationery,pcs,Fixed,15.00,18.00,1 Pen (₹15),1 Pen: ₹15 | Pack of 5: ₹75 | Pack of 10 Box: ₹140,https://aadutygzgrbexxuznqlr.supabase.co/storage/v1/object/public/item-images/flair/gel_pens_flair_bolt_gel_pen.webp
1982,ANG-STA-0935,Flair Spyder Gel Gel Pen,ഫ്ലെയർ spyder gel ജെൽ പേന,Household & Stationery,pcs,Fixed,15.00,18.00,1 Pen (₹15),1 Pen: ₹15 | Pack of 5: ₹75 | Pack of 10 Box: ₹140,https://aadutygzgrbexxuznqlr.supabase.co/storage/v1/object/public/item-images/flair/gel_pens_flair_spyder_gel_gel_pen.webp
1983,ANG-STA-0936,Flair Glass Gel Gel Pen,ഫ്ലെയർ glass gel ജെൽ പേന,Household & Stationery,pcs,Fixed,15.00,18.00,1 Pen (₹15),1 Pen: ₹15 | Pack of 5: ₹75 | Pack of 10 Box: ₹140,https://aadutygzgrbexxuznqlr.supabase.co/storage/v1/object/public/item-images/flair/gel_pens_flair_glass_gel_gel_pen.webp
1984,ANG-STA-0937,Flair Inky Woody Fountain Pen,ഫ്ലെയർ inky woody ഫൗണ്ടൻ പേന,Household & Stationery,pcs,Fixed,50.00,58.00,1 Pen with 2 Cartridges (₹50),1 Pen with 2 Cartridges: ₹50 | Pack of 2 Pens: ₹95,https://aadutygzgrbexxuznqlr.supabase.co/storage/v1/object/public/item-images/flair/fountain_pens_flair_inky_woody_fountain_pen.png
1985,ANG-STA-0938,Flair Inky Silvr Fountain Pen,ഫ്ലെയർ inky silvr ഫൗണ്ടൻ പേന,Household & Stationery,pcs,Fixed,50.00,58.00,1 Pen with 2 Cartridges (₹50),1 Pen with 2 Cartridges: ₹50 | Pack of 2 Pens: ₹95,https://aadutygzgrbexxuznqlr.supabase.co/storage/v1/object/public/item-images/flair/fountain_pens_flair_inky_silvr_fountain_pen.png
1986,ANG-STA-0939,Flair Inky Grippo Fountain Pen,ഫ്ലെയർ inky grippo ഫൗണ്ടൻ പേന,Household & Stationery,pcs,Fixed,50.00,58.00,1 Pen with 2 Cartridges (₹50),1 Pen with 2 Cartridges: ₹50 | Pack of 2 Pens: ₹95,https://aadutygzgrbexxuznqlr.supabase.co/storage/v1/object/public/item-images/flair/fountain_pens_flair_inky_grippo_fountain_pen.png
1987,ANG-STA-0940,Flair Inky Gold Fountain Pen,ഫ്ലെയർ inky gold ഫൗണ്ടൻ പേന,Household & Stationery,pcs,Fixed,50.00,58.00,1 Pen with 2 Cartridges (₹50),1 Pen with 2 Cartridges: ₹50 | Pack of 2 Pens: ₹95,https://aadutygzgrbexxuznqlr.supabase.co/storage/v1/object/public/item-images/flair/fountain_pens_flair_inky_gold_fountain_pen.png
1988,ANG-STA-0941,Flair Inky Infinity Fountain Pen,ഫ്ലെയർ inky infinity ഫൗണ്ടൻ പേന,Household & Stationery,pcs,Fixed,50.00,58.00,1 Pen with 2 Cartridges (₹50),1 Pen with 2 Cartridges: ₹50 | Pack of 2 Pens: ₹95,https://aadutygzgrbexxuznqlr.supabase.co/storage/v1/object/public/item-images/flair/fountain_pens_flair_inky_infinity_fountain_pen.webp
1989,ANG-STA-0942,Flair Inky Lava Grey Fountain Pen,ഫ്ലെയർ inky lava grey ഫൗണ്ടൻ പേന,Household & Stationery,pcs,Fixed,50.00,58.00,1 Pen with 2 Cartridges (₹50),1 Pen with 2 Cartridges: ₹50 | Pack of 2 Pens: ₹95,https://aadutygzgrbexxuznqlr.supabase.co/storage/v1/object/public/item-images/flair/fountain_pens_flair_inky_lava_grey_fountain_pen.webp
1990,ANG-STA-0943,Flair Inky Tanker Fountain Pen,ഫ്ലെയർ inky tanker ഫൗണ്ടൻ പേന,Household & Stationery,pcs,Fixed,50.00,58.00,1 Pen with 2 Cartridges (₹50),1 Pen with 2 Cartridges: ₹50 | Pack of 2 Pens: ₹95,https://aadutygzgrbexxuznqlr.supabase.co/storage/v1/object/public/item-images/flair/fountain_pens_flair_inky_tanker_fountain_pen.webp
1991,ANG-STA-0944,Flair Inky 336 Fountain Pen,ഫ്ലെയർ inky 336 ഫൗണ്ടൻ പേന,Household & Stationery,pcs,Fixed,50.00,58.00,1 Pen with 2 Cartridges (₹50),1 Pen with 2 Cartridges: ₹50 | Pack of 2 Pens: ₹95,https://aadutygzgrbexxuznqlr.supabase.co/storage/v1/object/public/item-images/flair/fountain_pens_flair_inky_336_fountain_pen.webp
1992,ANG-STA-0945,Flair Inky Panda Fountain Pen,ഫ്ലെയർ inky panda ഫൗണ്ടൻ പേന,Household & Stationery,pcs,Fixed,50.00,58.00,1 Pen with 2 Cartridges (₹50),1 Pen with 2 Cartridges: ₹50 | Pack of 2 Pens: ₹95,https://aadutygzgrbexxuznqlr.supabase.co/storage/v1/object/public/item-images/flair/fountain_pens_flair_inky_panda_fountain_pen.webp
1993,ANG-STA-0946,Flair Inky CFO Fountain Pen,ഫ്ലെയർ inky cfo ഫൗണ്ടൻ പേന,Household & Stationery,pcs,Fixed,50.00,58.00,1 Pen with 2 Cartridges (₹50),1 Pen with 2 Cartridges: ₹50 | Pack of 2 Pens: ₹95,https://aadutygzgrbexxuznqlr.supabase.co/storage/v1/object/public/item-images/flair/fountain_pens_flair_inky_cfo_fountain_pen.webp
1994,ANG-STA-0947,Flair Inky Fountain Pen,ഫ്ലെയർ inky ഫൗണ്ടൻ പേന,Household & Stationery,pcs,Fixed,50.00,58.00,1 Pen with 2 Cartridges (₹50),1 Pen with 2 Cartridges: ₹50 | Pack of 2 Pens: ₹95,https://aadutygzgrbexxuznqlr.supabase.co/storage/v1/object/public/item-images/flair/fountain_pens_flair_inky_fountain_pen.webp
1995,ANG-STA-0948,Flair Inky Cars Fountain Pen,ഫ്ലെയർ inky cars ഫൗണ്ടൻ പേന,Household & Stationery,pcs,Fixed,50.00,58.00,1 Pen with 2 Cartridges (₹50),1 Pen with 2 Cartridges: ₹50 | Pack of 2 Pens: ₹95,https://aadutygzgrbexxuznqlr.supabase.co/storage/v1/object/public/item-images/flair/fountain_pens_flair_inky_cars_fountain_pen.webp
1996,ANG-STA-0949,Flair Inky Neon-LX Fountain Pen,ഫ്ലെയർ inky neon-lx ഫൗണ്ടൻ പേന,Household & Stationery,pcs,Fixed,50.00,58.00,1 Pen with 2 Cartridges (₹50),1 Pen with 2 Cartridges: ₹50 | Pack of 2 Pens: ₹95,https://aadutygzgrbexxuznqlr.supabase.co/storage/v1/object/public/item-images/flair/fountain_pens_flair_inky_neon_lx_fountain_pen.webp
1997,ANG-STA-0950,Flair Inky Sports Rugby Fountain Pen,ഫ്ലെയർ inky sports rugby ഫൗണ്ടൻ പേന,Household & Stationery,pcs,Fixed,50.00,58.00,1 Pen with 2 Cartridges (₹50),1 Pen with 2 Cartridges: ₹50 | Pack of 2 Pens: ₹95,https://aadutygzgrbexxuznqlr.supabase.co/storage/v1/object/public/item-images/flair/fountain_pens_flair_inky_sports_rugby_fountain_pen.webp
1998,ANG-STA-0951,Flair Inky Monster Fountain Pen,ഫ്ലെയർ inky monster ഫൗണ്ടൻ പേന,Household & Stationery,pcs,Fixed,50.00,58.00,1 Pen with 2 Cartridges (₹50),1 Pen with 2 Cartridges: ₹50 | Pack of 2 Pens: ₹95,https://aadutygzgrbexxuznqlr.supabase.co/storage/v1/object/public/item-images/flair/fountain_pens_flair_inky_monster_fountain_pen.webp
1999,ANG-STA-0952,Flair Inky Planets Fountain Pen,ഫ്ലെയർ inky planets ഫൗണ്ടൻ പേന,Household & Stationery,pcs,Fixed,50.00,58.00,1 Pen with 2 Cartridges (₹50),1 Pen with 2 Cartridges: ₹50 | Pack of 2 Pens: ₹95,https://aadutygzgrbexxuznqlr.supabase.co/storage/v1/object/public/item-images/flair/fountain_pens_flair_inky_planets_fountain_pen.webp
2000,ANG-STA-0953,Flair Inky Robot Fountain Pen,ഫ്ലെയർ inky robot ഫൗണ്ടൻ പേന,Household & Stationery,pcs,Fixed,50.00,58.00,1 Pen with 2 Cartridges (₹50),1 Pen with 2 Cartridges: ₹50 | Pack of 2 Pens: ₹95,https://aadutygzgrbexxuznqlr.supabase.co/storage/v1/object/public/item-images/flair/fountain_pens_flair_inky_robot_fountain_pen.webp
2001,ANG-STA-0954,Flair Inky Classic Fountain Pen,ഫ്ലെയർ inky classic ഫൗണ്ടൻ പേന,Household & Stationery,pcs,Fixed,50.00,58.00,1 Pen with 2 Cartridges (₹50),1 Pen with 2 Cartridges: ₹50 | Pack of 2 Pens: ₹95,https://aadutygzgrbexxuznqlr.supabase.co/storage/v1/object/public/item-images/flair/fountain_pens_flair_inky_classic_fountain_pen.webp
2002,ANG-STA-0955,Flair Inky Sports Surfing Fountain Pen,ഫ്ലെയർ inky sports surfing ഫൗണ്ടൻ പേന,Household & Stationery,pcs,Fixed,50.00,58.00,1 Pen with 2 Cartridges (₹50),1 Pen with 2 Cartridges: ₹50 | Pack of 2 Pens: ₹95,https://aadutygzgrbexxuznqlr.supabase.co/storage/v1/object/public/item-images/flair/fountain_pens_flair_inky_sports_surfing_fountain_pen.webp
2003,ANG-STA-0956,Flair Inky Carbonix (Fountain Pen),ഫ്ലെയർ inky കാർബോണിക്സ് (ഫൗണ്ടൻ പേന),Household & Stationery,pcs,Fixed,50.00,58.00,1 Pen with 2 Cartridges (₹50),1 Pen with 2 Cartridges: ₹50 | Pack of 2 Pens: ₹95,https://aadutygzgrbexxuznqlr.supabase.co/storage/v1/object/public/item-images/flair/fountain_pens_flair_inky_carbonix_fountain_pen.webp
2004,ANG-STA-0957,Flair Inky Carbonix (Roller Pen),ഫ്ലെയർ inky കാർബോണിക്സ് (റോളർ പേന),Household & Stationery,pcs,Fixed,50.00,58.00,1 Pen with 2 Cartridges (₹50),1 Pen with 2 Cartridges: ₹50 | Pack of 2 Pens: ₹95,https://aadutygzgrbexxuznqlr.supabase.co/storage/v1/object/public/item-images/flair/fountain_pens_flair_inky_carbonix_roller_pen.webp
2005,ANG-STA-0958,Flair Inky CEO Fountain Pen,ഫ്ലെയർ inky ceo ഫൗണ്ടൻ പേന,Household & Stationery,pcs,Fixed,50.00,58.00,1 Pen with 2 Cartridges (₹50),1 Pen with 2 Cartridges: ₹50 | Pack of 2 Pens: ₹95,https://aadutygzgrbexxuznqlr.supabase.co/storage/v1/object/public/item-images/flair/fountain_pens_flair_inky_ceo_fountain_pen.webp
2006,ANG-STA-0959,Flair Inky Eraser DX Fountain Pen,ഫ്ലെയർ inky ഇറേസർ dx ഫൗണ്ടൻ പേന,Household & Stationery,pcs,Fixed,50.00,58.00,1 Pen with 2 Cartridges (₹50),1 Pen with 2 Cartridges: ₹50 | Pack of 2 Pens: ₹95,https://aadutygzgrbexxuznqlr.supabase.co/storage/v1/object/public/item-images/flair/fountain_pens_flair_inky_eraser_dx_fountain_pen.webp
2007,ANG-STA-0960,Flair Inky Beast Fountain Pen,ഫ്ലെയർ inky beast ഫൗണ്ടൻ പേന,Household & Stationery,pcs,Fixed,50.00,58.00,1 Pen with 2 Cartridges (₹50),1 Pen with 2 Cartridges: ₹50 | Pack of 2 Pens: ₹95,https://aadutygzgrbexxuznqlr.supabase.co/storage/v1/object/public/item-images/flair/fountain_pens_flair_inky_beast_fountain_pen.webp
2008,ANG-STA-0961,Flair Inky Roller Fountain Pen,ഫ്ലെയർ inky roller ഫൗണ്ടൻ പേന,Household & Stationery,pcs,Fixed,50.00,58.00,1 Pen with 2 Cartridges (₹50),1 Pen with 2 Cartridges: ₹50 | Pack of 2 Pens: ₹95,https://aadutygzgrbexxuznqlr.supabase.co/storage/v1/object/public/item-images/flair/fountain_pens_flair_inky_roller_fountain_pen.webp
2009,ANG-STA-0962,Flair Inky Pastela Fountain Pen,ഫ്ലെയർ inky pastela ഫൗണ്ടൻ പേന,Household & Stationery,pcs,Fixed,50.00,58.00,1 Pen with 2 Cartridges (₹50),1 Pen with 2 Cartridges: ₹50 | Pack of 2 Pens: ₹95,https://aadutygzgrbexxuznqlr.supabase.co/storage/v1/object/public/item-images/flair/fountain_pens_flair_inky_woody_fountain_pen.png
2010,ANG-STA-0963,Flair Inky Smilo Fountain Pen,ഫ്ലെയർ inky smilo ഫൗണ്ടൻ പേന,Household & Stationery,pcs,Fixed,50.00,58.00,1 Pen with 2 Cartridges (₹50),1 Pen with 2 Cartridges: ₹50 | Pack of 2 Pens: ₹95,https://aadutygzgrbexxuznqlr.supabase.co/storage/v1/object/public/item-images/flair/fountain_pens_flair_inky_silvr_fountain_pen.png
2011,ANG-STA-0964,Flair Inky Student Fountain Pen,ഫ്ലെയർ inky student ഫൗണ്ടൻ പേന,Household & Stationery,pcs,Fixed,50.00,58.00,1 Pen with 2 Cartridges (₹50),1 Pen with 2 Cartridges: ₹50 | Pack of 2 Pens: ₹95,https://aadutygzgrbexxuznqlr.supabase.co/storage/v1/object/public/item-images/flair/fountain_pens_flair_inky_grippo_fountain_pen.png
2012,ANG-STA-0965,Flair Noir Platinum Luxury Pen,ഫ്ലെയർ noir പ്ലാറ്റിനം luxury പേന,Household & Stationery,pcs,Fixed,350.00,403.00,1 Pen (Presentation Case) (₹350),1 Pen (Presentation Case): ₹350 | Twin Pack Set: ₹650,https://aadutygzgrbexxuznqlr.supabase.co/storage/v1/object/public/item-images/flair/platinum_series_flair_noir_platinum_luxury_pen.webp
2013,ANG-STA-0966,Flair Evoke Platinum Luxury Pen,ഫ്ലെയർ evoke പ്ലാറ്റിനം luxury പേന,Household & Stationery,pcs,Fixed,350.00,403.00,1 Pen (Presentation Case) (₹350),1 Pen (Presentation Case): ₹350 | Twin Pack Set: ₹650,https://aadutygzgrbexxuznqlr.supabase.co/storage/v1/object/public/item-images/flair/platinum_series_flair_evoke_platinum_luxury_pen.webp
2014,ANG-STA-0967,Flair Spectra Platinum Luxury Pen,ഫ്ലെയർ spectra പ്ലാറ്റിനം luxury പേന,Household & Stationery,pcs,Fixed,350.00,403.00,1 Pen (Presentation Case) (₹350),1 Pen (Presentation Case): ₹350 | Twin Pack Set: ₹650,https://aadutygzgrbexxuznqlr.supabase.co/storage/v1/object/public/item-images/flair/platinum_series_flair_spectra_platinum_luxury_pen.webp
2015,ANG-STA-0968,Flair Prime Platinum Luxury Pen,ഫ്ലെയർ പ്രൈം പ്ലാറ്റിനം luxury പേന,Household & Stationery,pcs,Fixed,350.00,403.00,1 Pen (Presentation Case) (₹350),1 Pen (Presentation Case): ₹350 | Twin Pack Set: ₹650,https://aadutygzgrbexxuznqlr.supabase.co/storage/v1/object/public/item-images/flair/platinum_series_flair_prime_platinum_luxury_pen.webp
2016,ANG-STA-0969,Flair Gold Touch Platinum Luxury Pen,ഫ്ലെയർ gold touch പ്ലാറ്റിനം luxury പേന,Household & Stationery,pcs,Fixed,350.00,403.00,1 Pen (Presentation Case) (₹350),1 Pen (Presentation Case): ₹350 | Twin Pack Set: ₹650,https://aadutygzgrbexxuznqlr.supabase.co/storage/v1/object/public/item-images/flair/platinum_series_flair_gold_touch_platinum_luxury_pen.webp
2017,ANG-STA-0970,Flair Ignite Platinum Luxury Pen,ഫ്ലെയർ ignite പ്ലാറ്റിനം luxury പേന,Household & Stationery,pcs,Fixed,350.00,403.00,1 Pen (Presentation Case) (₹350),1 Pen (Presentation Case): ₹350 | Twin Pack Set: ₹650,https://aadutygzgrbexxuznqlr.supabase.co/storage/v1/object/public/item-images/flair/platinum_series_flair_ignite_platinum_luxury_pen.webp
2018,ANG-STA-0971,Flair Vitron Platinum Luxury Pen,ഫ്ലെയർ vitron പ്ലാറ്റിനം luxury പേന,Household & Stationery,pcs,Fixed,350.00,403.00,1 Pen (Presentation Case) (₹350),1 Pen (Presentation Case): ₹350 | Twin Pack Set: ₹650,https://aadutygzgrbexxuznqlr.supabase.co/storage/v1/object/public/item-images/flair/platinum_series_flair_vitron_platinum_luxury_pen.webp
2019,ANG-STA-0972,Flair V - King Platinum Luxury Pen,ഫ്ലെയർ v - king പ്ലാറ്റിനം luxury പേന,Household & Stationery,pcs,Fixed,350.00,403.00,1 Pen (Presentation Case) (₹350),1 Pen (Presentation Case): ₹350 | Twin Pack Set: ₹650,https://aadutygzgrbexxuznqlr.supabase.co/storage/v1/object/public/item-images/flair/platinum_series_flair_v_king_platinum_luxury_pen.webp
2020,ANG-STA-0973,Flair Vibe Platinum Luxury Pen,ഫ്ലെയർ vibe പ്ലാറ്റിനം luxury പേന,Household & Stationery,pcs,Fixed,350.00,403.00,1 Pen (Presentation Case) (₹350),1 Pen (Presentation Case): ₹350 | Twin Pack Set: ₹650,https://aadutygzgrbexxuznqlr.supabase.co/storage/v1/object/public/item-images/flair/platinum_series_flair_vibe_platinum_luxury_pen.webp
2021,ANG-STA-0974,Flair Violin Platinum Luxury Pen,ഫ്ലെയർ violin പ്ലാറ്റിനം luxury പേന,Household & Stationery,pcs,Fixed,350.00,403.00,1 Pen (Presentation Case) (₹350),1 Pen (Presentation Case): ₹350 | Twin Pack Set: ₹650,https://aadutygzgrbexxuznqlr.supabase.co/storage/v1/object/public/item-images/flair/platinum_series_flair_violin_platinum_luxury_pen.webp
2022,ANG-STA-0975,Flair Stellar Platinum Luxury Pen,ഫ്ലെയർ stellar പ്ലാറ്റിനം luxury പേന,Household & Stationery,pcs,Fixed,350.00,403.00,1 Pen (Presentation Case) (₹350),1 Pen (Presentation Case): ₹350 | Twin Pack Set: ₹650,https://aadutygzgrbexxuznqlr.supabase.co/storage/v1/object/public/item-images/flair/platinum_series_flair_stellar_platinum_luxury_pen.webp
2023,ANG-STA-0976,Flair INKY Student Kit,ഫ്ലെയർ inky student കിറ്റ്,Household & Stationery,pcs,Fixed,10.00,12.00,1 Pen (₹10),1 Pen: ₹10 | Pack of 5: ₹50 | Pack of 10 Box: ₹95,https://aadutygzgrbexxuznqlr.supabase.co/storage/v1/object/public/item-images/flair/writing_kits_flair_inky_student_kit.png
2024,ANG-STA-0977,Flair INKY DX Student Kit,ഫ്ലെയർ inky dx student കിറ്റ്,Household & Stationery,pcs,Fixed,10.00,12.00,1 Pen (₹10),1 Pen: ₹10 | Pack of 5: ₹50 | Pack of 10 Box: ₹95,https://aadutygzgrbexxuznqlr.supabase.co/storage/v1/object/public/item-images/flair/writing_kits_flair_inky_dx_student_kit.png
2025,ANG-STA-0978,Flair YOLO Set,ഫ്ലെയർ yolo set,Household & Stationery,pcs,Fixed,180.00,207.00,1 Gift Set Box (₹180),1 Gift Set Box: ₹180 | Pack of 2 Sets: ₹340,https://aadutygzgrbexxuznqlr.supabase.co/storage/v1/object/public/item-images/flair/gift_sets_flair_yolo_set.png
2026,ANG-STA-0979,Flair Writo-meter JUMBO Set,ഫ്ലെയർ റൈറ്റോ-മീറ്റർ jumbo set,Household & Stationery,pcs,Fixed,180.00,207.00,1 Gift Set Box (₹180),1 Gift Set Box: ₹180 | Pack of 2 Sets: ₹340,https://aadutygzgrbexxuznqlr.supabase.co/storage/v1/object/public/item-images/flair/gift_sets_flair_writo_meter_jumbo_set.webp
2027,ANG-STA-0980,Flair Digital Set,ഫ്ലെയർ digital set,Household & Stationery,pcs,Fixed,180.00,207.00,1 Gift Set Box (₹180),1 Gift Set Box: ₹180 | Pack of 2 Sets: ₹340,https://aadutygzgrbexxuznqlr.supabase.co/storage/v1/object/public/item-images/flair/gift_sets_flair_digital_set.webp
2028,ANG-STA-0981,Flair Writo-meter Set,ഫ്ലെയർ റൈറ്റോ-മീറ്റർ set,Household & Stationery,pcs,Fixed,180.00,207.00,1 Gift Set Box (₹180),1 Gift Set Box: ₹180 | Pack of 2 Sets: ₹340,https://aadutygzgrbexxuznqlr.supabase.co/storage/v1/object/public/item-images/flair/gift_sets_flair_writo_meter_set.webp
2029,ANG-STA-0982,Flair Rapid-Gel Set,ഫ്ലെയർ rapid-gel set,Household & Stationery,pcs,Fixed,180.00,207.00,1 Gift Set Box (₹180),1 Gift Set Box: ₹180 | Pack of 2 Sets: ₹340,https://aadutygzgrbexxuznqlr.supabase.co/storage/v1/object/public/item-images/flair/gift_sets_flair_rapid_gel_set.webp
2030,ANG-STA-0983,Flair Marathon Set,ഫ്ലെയർ marathon set,Household & Stationery,pcs,Fixed,180.00,207.00,1 Gift Set Box (₹180),1 Gift Set Box: ₹180 | Pack of 2 Sets: ₹340,https://aadutygzgrbexxuznqlr.supabase.co/storage/v1/object/public/item-images/flair/gift_sets_flair_marathon_set.webp
2031,ANG-STA-0984,Flair 1 Pc. Box & Hanger Refill Pack,ഫ്ലെയർ 1 pc. box & hanger റീഫിൽ പാക്ക്,Household & Stationery,pack,Fixed,25.00,29.00,Pack of 5 Refills (₹25),Pack of 5 Refills: ₹25 | Pack of 10 Refills: ₹48,https://aadutygzgrbexxuznqlr.supabase.co/storage/v1/object/public/item-images/flair/packaging_flair_1_pc_box_hanger_refill_pack.webp
2032,ANG-STA-0985,Flair 10 Pcs. Box Refill Pack,ഫ്ലെയർ 10 pcs. box റീഫിൽ പാക്ക്,Household & Stationery,pack,Fixed,25.00,29.00,Pack of 5 Refills (₹25),Pack of 5 Refills: ₹25 | Pack of 10 Refills: ₹48,https://aadutygzgrbexxuznqlr.supabase.co/storage/v1/object/public/item-images/flair/packaging_flair_10_pcs_box_refill_pack.webp
2033,ANG-STA-0986,Flair 1 Pc. Pouch & Box Refill Pack,ഫ്ലെയർ 1 pc. pouch & box റീഫിൽ പാക്ക്,Household & Stationery,pack,Fixed,25.00,29.00,Pack of 5 Refills (₹25),Pack of 5 Refills: ₹25 | Pack of 10 Refills: ₹48,https://aadutygzgrbexxuznqlr.supabase.co/storage/v1/object/public/item-images/flair/packaging_flair_1_pc_pouch_box_refill_pack.webp
2034,ANG-STA-0987,Flair 1 Pc. Blister Card Refill Pack,ഫ്ലെയർ 1 pc. blister card റീഫിൽ പാക്ക്,Household & Stationery,pack,Fixed,25.00,29.00,Pack of 5 Refills (₹25),Pack of 5 Refills: ₹25 | Pack of 10 Refills: ₹48,https://aadutygzgrbexxuznqlr.supabase.co/storage/v1/object/public/item-images/flair/packaging_flair_1_pc_blister_card_refill_pack.webp
2035,ANG-STA-0988,Flair Gift Pack,ഫ്ലെയർ gift pack,Household & Stationery,pack,Fixed,25.00,29.00,Pack of 5 Refills (₹25),Pack of 5 Refills: ₹25 | Pack of 10 Refills: ₹48,https://aadutygzgrbexxuznqlr.supabase.co/storage/v1/object/public/item-images/flair/packaging_flair_gift_pack.webp
2036,ANG-STA-0989,Flair 10 Pcs. Display Card Refill Pack,ഫ്ലെയർ 10 pcs. display card റീഫിൽ പാക്ക്,Household & Stationery,pack,Fixed,25.00,29.00,Pack of 5 Refills (₹25),Pack of 5 Refills: ₹25 | Pack of 10 Refills: ₹48,https://aadutygzgrbexxuznqlr.supabase.co/storage/v1/object/public/item-images/flair/packaging_flair_10_pcs_display_card_refill_pack.webp
2037,ANG-STA-0990,Flair 5 Pcs. Pouch Refill Pack,ഫ്ലെയർ 5 pcs. pouch റീഫിൽ പാക്ക്,Household & Stationery,pack,Fixed,25.00,29.00,Pack of 5 Refills (₹25),Pack of 5 Refills: ₹25 | Pack of 10 Refills: ₹48,https://aadutygzgrbexxuznqlr.supabase.co/storage/v1/object/public/item-images/flair/packaging_flair_5_pcs_pouch_refill_pack.webp
2038,ANG-STA-0991,Flair 10 Pcs. Pouch Refill Pack,ഫ്ലെയർ 10 pcs. pouch റീഫിൽ പാക്ക്,Household & Stationery,pack,Fixed,25.00,29.00,Pack of 5 Refills (₹25),Pack of 5 Refills: ₹25 | Pack of 10 Refills: ₹48,https://aadutygzgrbexxuznqlr.supabase.co/storage/v1/object/public/item-images/flair/packaging_flair_10_pcs_pouch_refill_pack.webp
2039,ANG-STA-0992,Flair Cardboard Stand Refill Pack,ഫ്ലെയർ cardboard stand റീഫിൽ പാക്ക്,Household & Stationery,pack,Fixed,25.00,29.00,Pack of 5 Refills (₹25),Pack of 5 Refills: ₹25 | Pack of 10 Refills: ₹48,https://aadutygzgrbexxuznqlr.supabase.co/storage/v1/object/public/item-images/flair/packaging_flair_cardboard_stand_refill_pack.webp
2040,ANG-STA-0993,Flair Stands Refill Pack,ഫ്ലെയർ stands റീഫിൽ പാക്ക്,Household & Stationery,pack,Fixed,25.00,29.00,Pack of 5 Refills (₹25),Pack of 5 Refills: ₹25 | Pack of 10 Refills: ₹48,https://aadutygzgrbexxuznqlr.supabase.co/storage/v1/object/public/item-images/flair/packaging_flair_stands_refill_pack.webp
2041,ANG-STA-1001,Papergrid Spiral Ruled,പേപ്പർഗ്രിഡ് spiral ruled,Household & Stationery,pcs,Fixed,78.00,90.00,A4 - 29.7 x 21 cm - 300 Pages - 6 Sub... (₹78),A4 - 29.7 x 21 cm - 300 Pages - 6 Sub...: ₹78 | A4 - 29.7 x 21 cm - 250 Pages - 5 Sub...: ₹78 | A4 - 29.7 x 21 cm - 160 Pages - 1 Sub...: ₹78,https://aadutygzgrbexxuznqlr.supabase.co/storage/v1/object/public/item-images/papergrid/papergrid_spiral_ruled.jpg
2042,ANG-STA-1002,Papergrid Wiro Ruled,പേപ്പർഗ്രിഡ് wiro ruled,Household & Stationery,pcs,Fixed,78.00,90.00,A5 - 21 x 14.8 cm - 250 Pages - 5 Sub... (₹78),A5 - 21 x 14.8 cm - 250 Pages - 5 Sub...: ₹78 | A5 - 21 x 14.8 cm - 160 Pages - 1 Sub...: ₹78 | A4 - 29.7 x 21 cm - 300 Pages - 5 Sub...: ₹78,https://aadutygzgrbexxuznqlr.supabase.co/storage/v1/object/public/item-images/papergrid/papergrid_spiral_ruled.jpg
2043,ANG-STA-1003,Papergrid King 24 x 18 cm Soft Cover,പേപ്പർഗ്രിഡ് king 24 x 18 cm സോഫ്റ്റ് കവർ,Household & Stationery,pcs,Fixed,252.00,290.00,172 Pages - Pack of 6 - Ruled (₹252),172 Pages - Pack of 6 - Ruled: ₹252 | 172 Pages - Pack of 10 - Unruled: ₹252 | 172 Pages - Pack of 10 - Four Line: ₹252,https://aadutygzgrbexxuznqlr.supabase.co/storage/v1/object/public/item-images/papergrid/papergrid_king_24_x_18_cm_soft_cover.jpg
2044,ANG-STA-1004,Papergrid Short 19 x 15.5 cm Hard Cover,പേപ്പർഗ്രിഡ് short 19 x 15.5 cm ഹാർഡ് കവർ,Household & Stationery,pcs,Fixed,252.00,290.00,172 Pages - Pack of 10 - Ruled (₹252),172 Pages - Pack of 10 - Ruled: ₹252 | 172 Pages - Pack of 10 - Unruled: ₹252 | 172 Pages - Pack of 10 - Four Line: ₹252,https://aadutygzgrbexxuznqlr.supabase.co/storage/v1/object/public/item-images/papergrid/papergrid_king_24_x_18_cm_soft_cover.jpg
2045,ANG-STA-1005,Papergrid Practical Notebook,പേപ്പർഗ്രിഡ് practical നോട്ട്ബുക്ക്,Household & Stationery,pcs,Fixed,500.00,575.00,28 x 22 cm - Physics - 120 Pages - Pa... (₹500),28 x 22 cm - Physics - 120 Pages - Pa...: ₹500 | 28 x 22 cm - Biology - 120 Pages - Pa...: ₹500 | 28 x 22 cm - Chemistry - 120 Pages - ...: ₹500,https://aadutygzgrbexxuznqlr.supabase.co/storage/v1/object/public/item-images/papergrid/papergrid_practical_notebook.jpg
2046,ANG-STA-1006,Papergrid Graph Notebook,പേപ്പർഗ്രിഡ് graph നോട്ട്ബുക്ക്,Household & Stationery,pcs,Fixed,500.00,575.00,28 x 22 cm - Graph - 28 Pages - Pack ... (₹500),28 x 22 cm - Graph - 28 Pages - Pack ...: ₹500 | 28 x 22 cm - Graph - 64 Pages - Pack ...: ₹350,https://aadutygzgrbexxuznqlr.supabase.co/storage/v1/object/public/item-images/papergrid/papergrid_practical_notebook.jpg
2047,ANG-STA-1007,Papergrid Drawing Notebook,പേപ്പർഗ്രിഡ് drawing നോട്ട്ബുക്ക്,Household & Stationery,pcs,Fixed,200.00,230.00,27.5 x 34.7 cm - Drawing - 32 Pages -... (₹200),27.5 x 34.7 cm - Drawing - 32 Pages -...: ₹200 | 21 x 29.7 cm - Drawing - 32 Pages - P...: ₹300 | 21 x 29.7 cm - Drawing - 52 Pages - P...: ₹280,https://aadutygzgrbexxuznqlr.supabase.co/storage/v1/object/public/item-images/papergrid/papergrid_practical_notebook.jpg
2048,ANG-STA-1008,Papergrid Short 19 x 15.5 cm,പേപ്പർഗ്രിഡ് short 19 x 15.5 cm,Household & Stationery,pcs,Fixed,200.00,230.00,72 Pages - Pack of 12 - Ruled (₹200),72 Pages - Pack of 12 - Ruled: ₹200 | 72 Pages - Pack of 12 - Unruled: ₹200 | 72 Pages - Pack of 12 - Interleaf: ₹200,https://aadutygzgrbexxuznqlr.supabase.co/storage/v1/object/public/item-images/papergrid/papergrid_short_19_x_15_5_cm.jpg
2049,ANG-STA-1009,Papergrid King 24 x 18 cm,പേപ്പർഗ്രിഡ് king 24 x 18 cm,Household & Stationery,pcs,Fixed,300.00,345.00,172 Pages - Pack of 6 - Ruled (₹300),172 Pages - Pack of 6 - Ruled: ₹300 | 172 Pages - Pack of 6 - Unruled: ₹300 | 172 Pages - Pack of 6 - Interleaf: ₹300,https://aadutygzgrbexxuznqlr.supabase.co/storage/v1/object/public/item-images/papergrid/papergrid_short_19_x_15_5_cm.jpg
2050,ANG-STA-1010,Papergrid Cut 27.2 x 16.7 cm,പേപ്പർഗ്രിഡ് cut 27.2 x 16.7 cm,Household & Stationery,pcs,Fixed,300.00,345.00,160 Pages - Pack of 6 - Ruled (₹300),160 Pages - Pack of 6 - Ruled: ₹300 | 160 Pages - Pack of 6 - Unruled: ₹220,https://aadutygzgrbexxuznqlr.supabase.co/storage/v1/object/public/item-images/papergrid/papergrid_short_19_x_15_5_cm.jpg
2051,ANG-STA-1011,Papergrid A4 29.7 x 21 cm,പേപ്പർഗ്രിഡ് a4 29.7 x 21 cm,Household & Stationery,pcs,Fixed,361.00,416.00,72 Pages - Pack of 12 - Ruled (₹361),72 Pages - Pack of 12 - Ruled: ₹361 | 72 Pages - Pack of 12 - Unruled: ₹361 | 136 Pages - Pack of 6 - Ruled: ₹300,https://aadutygzgrbexxuznqlr.supabase.co/storage/v1/object/public/item-images/papergrid/papergrid_short_19_x_15_5_cm.jpg
2052,ANG-STA-1012,Papergrid Long 31 x 19 cm,പേപ്പർഗ്രിഡ് long 31 x 19 cm,Household & Stationery,pcs,Fixed,408.00,470.00,72 Pages - Pack of 12 - Ruled (₹408),72 Pages - Pack of 12 - Ruled: ₹408 | 72 Pages - Pack of 12 - Unruled: ₹408 | 156 Pages - Pack of 6 - Ruled: ₹306,https://aadutygzgrbexxuznqlr.supabase.co/storage/v1/object/public/item-images/papergrid/papergrid_short_19_x_15_5_cm.jpg
2053,ANG-STA-1013,Papergrid Ultra Long 33 x 21 cm,പേപ്പർഗ്രിഡ് ultra long 33 x 21 cm,Household & Stationery,pcs,Fixed,406.00,467.00,84 Pages - Pack of 12 - Ruled (₹406),84 Pages - Pack of 12 - Ruled: ₹406 | 84 Pages - Pack of 12 - Unruled: ₹406 | 156 Pages - Pack of 6 - Ruled: ₹406,https://aadutygzgrbexxuznqlr.supabase.co/storage/v1/object/public/item-images/papergrid/papergrid_short_19_x_15_5_cm.jpg
2054,ANG-STA-1014,Camlin Supreme Pencils,ക്യാംലിൻ supreme pencils,Household & Stationery,pcs,Fixed,8.00,10.00,Box of 10 Pencils (₹75),Box of 10 Pencils: ₹75 | Pack of 5 Pencils: ₹40 | 1 Pencil: ₹8,https://aadutygzgrbexxuznqlr.supabase.co/storage/v1/object/public/item-images/camlin/camlin_supreme_pencils.jpg
2055,ANG-STA-1015,Camlin Supreme HD Pencils,ക്യാംലിൻ supreme hd pencils,Household & Stationery,pcs,Fixed,8.00,10.00,Box of 10 Pencils (₹75),Box of 10 Pencils: ₹75 | Pack of 5 Pencils: ₹40 | 1 Pencil: ₹8,https://aadutygzgrbexxuznqlr.supabase.co/storage/v1/object/public/item-images/camlin/camlin_supreme_hd_pencils.JPG
2056,ANG-STA-1016,Camlin Nova Glowing Pencils,ക്യാംലിൻ nova glowing pencils,Household & Stationery,pcs,Fixed,8.00,10.00,Box of 10 Pencils (₹75),Box of 10 Pencils: ₹75 | Pack of 5 Pencils: ₹40 | 1 Pencil: ₹8,https://aadutygzgrbexxuznqlr.supabase.co/storage/v1/object/public/item-images/camlin/camlin_nova_glowing_pencils.JPG
2057,ANG-STA-1017,Camlin Blak Pencils,ക്യാംലിൻ blak pencils,Household & Stationery,pcs,Fixed,8.00,10.00,Box of 10 Pencils (₹75),Box of 10 Pencils: ₹75 | Pack of 5 Pencils: ₹40 | 1 Pencil: ₹8,https://aadutygzgrbexxuznqlr.supabase.co/storage/v1/object/public/item-images/camlin/camlin_blak_pencils.JPG
2058,ANG-STA-1018,Camlin Drawing Pencils,ക്യാംലിൻ ഡ്രോയിംഗ് പെൻസിലുകൾ,Household & Stationery,pcs,Fixed,8.00,10.00,Box of 10 Pencils (₹75),Box of 10 Pencils: ₹75 | Pack of 5 Pencils: ₹40 | 1 Pencil: ₹8,https://aadutygzgrbexxuznqlr.supabase.co/storage/v1/object/public/item-images/camlin/camlin_drawing_pencils.JPG
2059,ANG-STA-1019,Camlin Half Size,ക്യാംലിൻ half size,Household & Stationery,pcs,Fixed,8.00,10.00,Box of 10 Pencils (₹75),Box of 10 Pencils: ₹75 | Pack of 5 Pencils: ₹40 | 1 Pencil: ₹8,https://aadutygzgrbexxuznqlr.supabase.co/storage/v1/object/public/item-images/camlin/camlin_half_size.jpg
2060,ANG-STA-1020,Camlin Full Size,ക്യാംലിൻ full size,Household & Stationery,pcs,Fixed,8.00,10.00,Box of 10 Pencils (₹75),Box of 10 Pencils: ₹75 | Pack of 5 Pencils: ₹40 | 1 Pencil: ₹8,https://aadutygzgrbexxuznqlr.supabase.co/storage/v1/object/public/item-images/camlin/camlin_full_size.jpg
2061,ANG-STA-1021,Camlin HD Colour Pencils,ക്യാംലിൻ hd colour pencils,Household & Stationery,pcs,Fixed,8.00,10.00,Box of 10 Pencils (₹75),Box of 10 Pencils: ₹75 | Pack of 5 Pencils: ₹40 | 1 Pencil: ₹8,https://aadutygzgrbexxuznqlr.supabase.co/storage/v1/object/public/item-images/camlin/camlin_hd_colour_pencils.jpg
2062,ANG-STA-1022,Camlin Assorted packs,ക്യാംലിൻ assorted packs,Household & Stationery,pcs,Fixed,8.00,10.00,Box of 10 Pencils (₹75),Box of 10 Pencils: ₹75 | Pack of 5 Pencils: ₹40 | 1 Pencil: ₹8,https://aadutygzgrbexxuznqlr.supabase.co/storage/v1/object/public/item-images/camlin/camlin_assorted_packs.JPG
2063,ANG-STA-1023,Camlin Grip Pro Mechanical Pencil,ക്യാംലിൻ grip pro mechanical pencil,Household & Stationery,pcs,Fixed,8.00,10.00,Box of 10 Pencils (₹75),Box of 10 Pencils: ₹75 | Pack of 5 Pencils: ₹40 | 1 Pencil: ₹8,https://aadutygzgrbexxuznqlr.supabase.co/storage/v1/object/public/item-images/camlin/camlin_grip_pro_mechanical_pencil.jpg
2064,ANG-STA-1024,Camlin GripMax Mechanical Pencils,ക്യാംലിൻ gripmax mechanical pencils,Household & Stationery,pcs,Fixed,8.00,10.00,Box of 10 Pencils (₹75),Box of 10 Pencils: ₹75 | Pack of 5 Pencils: ₹40 | 1 Pencil: ₹8,https://aadutygzgrbexxuznqlr.supabase.co/storage/v1/object/public/item-images/camlin/camlin_gripmax_mechanical_pencils.JPG
2065,ANG-STA-1025,Camlin Klick Mechanical Pencils,ക്യാംലിൻ klick mechanical pencils,Household & Stationery,pcs,Fixed,8.00,10.00,Box of 10 Pencils (₹75),Box of 10 Pencils: ₹75 | Pack of 5 Pencils: ₹40 | 1 Pencil: ₹8,https://aadutygzgrbexxuznqlr.supabase.co/storage/v1/object/public/item-images/camlin/camlin_klick_mechanical_pencils.JPG
2066,ANG-STA-1026,Camlin 2 mm Mechanical Pencils,ക്യാംലിൻ 2 mm mechanical pencils,Household & Stationery,pcs,Fixed,8.00,10.00,Box of 10 Pencils (₹75),Box of 10 Pencils: ₹75 | Pack of 5 Pencils: ₹40 | 1 Pencil: ₹8,https://aadutygzgrbexxuznqlr.supabase.co/storage/v1/object/public/item-images/camlin/camlin_2_mm_mechanical_pencils.JPG
2067,ANG-STA-1027,Camlin 3-in-1 Mechanical Pencils Pack,ക്യാംലിൻ 3-in-1 mechanical pencils pack,Household & Stationery,pcs,Fixed,8.00,10.00,Box of 10 Pencils (₹75),Box of 10 Pencils: ₹75 | Pack of 5 Pencils: ₹40 | 1 Pencil: ₹8,https://aadutygzgrbexxuznqlr.supabase.co/storage/v1/object/public/item-images/camlin/camlin_3_in_1_mechanical_pencils_pack.JPG
2068,ANG-STA-1028,Camlin 0.5 mm Mechanical Pencil Leads,ക്യാംലിൻ 0.5 mm mechanical pencil leads,Household & Stationery,pcs,Fixed,8.00,10.00,Box of 10 Pencils (₹75),Box of 10 Pencils: ₹75 | Pack of 5 Pencils: ₹40 | 1 Pencil: ₹8,https://aadutygzgrbexxuznqlr.supabase.co/storage/v1/object/public/item-images/camlin/camlin_0_5_mm_mechanical_pencil_leads.JPG
2069,ANG-STA-1029,Camlin 0.7 mm Mechanical Pencil Leads,ക്യാംലിൻ 0.7 mm mechanical pencil leads,Household & Stationery,pcs,Fixed,8.00,10.00,Box of 10 Pencils (₹75),Box of 10 Pencils: ₹75 | Pack of 5 Pencils: ₹40 | 1 Pencil: ₹8,https://aadutygzgrbexxuznqlr.supabase.co/storage/v1/object/public/item-images/camlin/camlin_0_7_mm_mechanical_pencil_leads.JPG
2070,ANG-STA-1030,Camlin 0.9 mm Mechanical Pencil Leads,ക്യാംലിൻ 0.9 mm mechanical pencil leads,Household & Stationery,pcs,Fixed,8.00,10.00,Box of 10 Pencils (₹75),Box of 10 Pencils: ₹75 | Pack of 5 Pencils: ₹40 | 1 Pencil: ₹8,https://aadutygzgrbexxuznqlr.supabase.co/storage/v1/object/public/item-images/camlin/camlin_0_9_mm_mechanical_pencil_leads.JPG
2071,ANG-STA-1031,Camlin 2.0 mm Mechanical Pencil Leads,ക്യാംലിൻ 2.0 mm mechanical pencil leads,Household & Stationery,pcs,Fixed,8.00,10.00,Box of 10 Pencils (₹75),Box of 10 Pencils: ₹75 | Pack of 5 Pencils: ₹40 | 1 Pencil: ₹8,https://aadutygzgrbexxuznqlr.supabase.co/storage/v1/object/public/item-images/camlin/camlin_2_0_mm_mechanical_pencil_leads.JPG
2072,ANG-STA-1032,Camlin All Clear Erasers,ക്യാംലിൻ all clear erasers,Household & Stationery,pcs,Fixed,8.00,10.00,Box of 10 Pencils (₹75),Box of 10 Pencils: ₹75 | Pack of 5 Pencils: ₹40 | 1 Pencil: ₹8,https://aadutygzgrbexxuznqlr.supabase.co/storage/v1/object/public/item-images/camlin/camlin_all_clear_erasers.JPG
2073,ANG-STA-1033,Camlin Supreme XL All Clear Eraser,ക്യാംലിൻ supreme xl all clear ഇറേസർ,Household & Stationery,pcs,Fixed,8.00,10.00,Box of 10 Pencils (₹75),Box of 10 Pencils: ₹75 | Pack of 5 Pencils: ₹40 | 1 Pencil: ₹8,https://aadutygzgrbexxuznqlr.supabase.co/storage/v1/object/public/item-images/camlin/camlin_supreme_xl_all_clear_eraser.JPG
2074,ANG-STA-1034,Camlin Spin Eraser,ക്യാംലിൻ spin ഇറേസർ,Household & Stationery,pcs,Fixed,8.00,10.00,Box of 10 Pencils (₹75),Box of 10 Pencils: ₹75 | Pack of 5 Pencils: ₹40 | 1 Pencil: ₹8,https://aadutygzgrbexxuznqlr.supabase.co/storage/v1/object/public/item-images/camlin/camlin_spin_eraser.jpg
2075,ANG-STA-1035,Camlin Sharpeners,ക്യാംലിൻ sharpeners,Household & Stationery,pcs,Fixed,8.00,10.00,Box of 10 Pencils (₹75),Box of 10 Pencils: ₹75 | Pack of 5 Pencils: ₹40 | 1 Pencil: ₹8,https://aadutygzgrbexxuznqlr.supabase.co/storage/v1/object/public/item-images/camlin/camlin_sharpeners.JPG
2076,ANG-STA-1036,Camlin Supreme Long Point Sharpeners,ക്യാംലിൻ supreme long point sharpeners,Household & Stationery,pcs,Fixed,8.00,10.00,Box of 10 Pencils (₹75),Box of 10 Pencils: ₹75 | Pack of 5 Pencils: ₹40 | 1 Pencil: ₹8,https://aadutygzgrbexxuznqlr.supabase.co/storage/v1/object/public/item-images/camlin/camlin_supreme_long_point_sharpeners.JPG
2077,ANG-STA-1037,Camlin Sharpz,ക്യാംലിൻ sharpz,Household & Stationery,pcs,Fixed,8.00,10.00,Box of 10 Pencils (₹75),Box of 10 Pencils: ₹75 | Pack of 5 Pencils: ₹40 | 1 Pencil: ₹8,https://aadutygzgrbexxuznqlr.supabase.co/storage/v1/object/public/item-images/camlin/camlin_sharpz.jpg
2078,ANG-STA-1038,Camlin Twinz Eraser-Sharpener Combo,ക്യാംലിൻ twinz ഇറേസർ-ഷാർപ്നർ combo,Household & Stationery,pcs,Fixed,8.00,10.00,Box of 10 Pencils (₹75),Box of 10 Pencils: ₹75 | Pack of 5 Pencils: ₹40 | 1 Pencil: ₹8,https://aadutygzgrbexxuznqlr.supabase.co/storage/v1/object/public/item-images/camlin/camlin_twinz_eraser_sharpener_combo.JPG
2079,ANG-STA-1039,Camlin Writing Kit,ക്യാംലിൻ writing kit,Household & Stationery,pcs,Fixed,8.00,10.00,Box of 10 Pencils (₹75),Box of 10 Pencils: ₹75 | Pack of 5 Pencils: ₹40 | 1 Pencil: ₹8,https://aadutygzgrbexxuznqlr.supabase.co/storage/v1/object/public/item-images/camlin/camlin_writing_kit.JPG
2080,ANG-STA-1040,Camlin Transparent Clipboard,ക്യാംലിൻ transparent clipboard,Household & Stationery,pcs,Fixed,8.00,10.00,Box of 10 Pencils (₹75),Box of 10 Pencils: ₹75 | Pack of 5 Pencils: ₹40 | 1 Pencil: ₹8,https://aadutygzgrbexxuznqlr.supabase.co/storage/v1/object/public/item-images/camlin/camlin_transparent_clipboard.JPG
2081,ANG-STA-1041,Camlin Exam Clipboard,ക്യാംലിൻ exam clipboard,Household & Stationery,pcs,Fixed,8.00,10.00,Box of 10 Pencils (₹75),Box of 10 Pencils: ₹75 | Pack of 5 Pencils: ₹40 | 1 Pencil: ₹8,https://aadutygzgrbexxuznqlr.supabase.co/storage/v1/object/public/item-images/camlin/camlin_exam_clipboard.JPG
2082,ANG-STA-1042,Camlin Nexx Fountain Pen,ക്യാംലിൻ nexx ഫൗണ്ടൻ പേന,Household & Stationery,pcs,Fixed,30.00,35.00,1 Bottle (15 ml / 60 ml) (₹30),1 Bottle (15 ml / 60 ml): ₹30 | Pack of 2 Bottles: ₹55,https://aadutygzgrbexxuznqlr.supabase.co/storage/v1/object/public/item-images/camlin/camlin_supreme_pencils.jpg
2083,ANG-STA-1043,Camlin Cartridge Whiteboard Marker,ക്യാംലിൻ cartridge whiteboard marker,Household & Stationery,pcs,Fixed,30.00,35.00,1 Bottle (15 ml / 60 ml) (₹30),1 Bottle (15 ml / 60 ml): ₹30 | Pack of 2 Bottles: ₹55,https://aadutygzgrbexxuznqlr.supabase.co/storage/v1/object/public/item-images/camlin/camlin_cartridge_whiteboard_marker.jpg
2084,ANG-STA-1044,Camlin Whiteboard Marker Refill Cartridge,ക്യാംലിൻ whiteboard marker refill cartridge,Household & Stationery,pcs,Fixed,30.00,35.00,1 Bottle (15 ml / 60 ml) (₹30),1 Bottle (15 ml / 60 ml): ₹30 | Pack of 2 Bottles: ₹55,https://aadutygzgrbexxuznqlr.supabase.co/storage/v1/object/public/item-images/camlin/camlin_whiteboard_marker_refill_cartridge.jpg
2085,ANG-STA-1045,Camlin Whiteboard Markers,ക്യാംലിൻ whiteboard markers,Household & Stationery,pcs,Fixed,30.00,35.00,1 Bottle (15 ml / 60 ml) (₹30),1 Bottle (15 ml / 60 ml): ₹30 | Pack of 2 Bottles: ₹55,https://aadutygzgrbexxuznqlr.supabase.co/storage/v1/object/public/item-images/camlin/camlin_whiteboard_markers.JPG
2086,ANG-STA-1046,Camlin Bold-E Whiteboard Markers,ക്യാംലിൻ bold-e whiteboard markers,Household & Stationery,pcs,Fixed,30.00,35.00,1 Bottle (15 ml / 60 ml) (₹30),1 Bottle (15 ml / 60 ml): ₹30 | Pack of 2 Bottles: ₹55,https://aadutygzgrbexxuznqlr.supabase.co/storage/v1/object/public/item-images/camlin/camlin_bold_e_whiteboard_markers.JPG
2087,ANG-STA-1047,Camlin Whiteboard Marker Ink - Red,ക്യാംലിൻ whiteboard മാർക്കർ മഷി - red,Household & Stationery,pcs,Fixed,30.00,35.00,1 Bottle (15 ml / 60 ml) (₹30),1 Bottle (15 ml / 60 ml): ₹30 | Pack of 2 Bottles: ₹55,https://aadutygzgrbexxuznqlr.supabase.co/storage/v1/object/public/item-images/camlin/camlin_whiteboard_marker_ink_red.JPG
2088,ANG-STA-1048,Camlin Whiteboard Marker Ink - Green,ക്യാംലിൻ whiteboard മാർക്കർ മഷി - green,Household & Stationery,pcs,Fixed,30.00,35.00,1 Bottle (15 ml / 60 ml) (₹30),1 Bottle (15 ml / 60 ml): ₹30 | Pack of 2 Bottles: ₹55,https://aadutygzgrbexxuznqlr.supabase.co/storage/v1/object/public/item-images/camlin/camlin_whiteboard_marker_ink_green.JPG
2089,ANG-STA-1049,Camlin Whiteboard Marker Ink - Blue,ക്യാംലിൻ whiteboard മാർക്കർ മഷി - blue,Household & Stationery,pcs,Fixed,30.00,35.00,1 Bottle (15 ml / 60 ml) (₹30),1 Bottle (15 ml / 60 ml): ₹30 | Pack of 2 Bottles: ₹55,https://aadutygzgrbexxuznqlr.supabase.co/storage/v1/object/public/item-images/camlin/camlin_whiteboard_marker_ink_blue.JPG
2090,ANG-STA-1050,Camlin Whiteboard Marker Ink - Black,ക്യാംലിൻ whiteboard മാർക്കർ മഷി - black,Household & Stationery,pcs,Fixed,30.00,35.00,1 Bottle (15 ml / 60 ml) (₹30),1 Bottle (15 ml / 60 ml): ₹30 | Pack of 2 Bottles: ₹55,https://aadutygzgrbexxuznqlr.supabase.co/storage/v1/object/public/item-images/camlin/camlin_whiteboard_marker_ink_black.JPG
2091,ANG-STA-1051,Camlin Permanent Markers,ക്യാംലിൻ permanent markers,Household & Stationery,pcs,Fixed,30.00,35.00,1 Bottle (15 ml / 60 ml) (₹30),1 Bottle (15 ml / 60 ml): ₹30 | Pack of 2 Bottles: ₹55,https://aadutygzgrbexxuznqlr.supabase.co/storage/v1/object/public/item-images/camlin/camlin_permanent_markers.JPG
2092,ANG-STA-1052,Camlin Bold-E Permanent Markers,ക്യാംലിൻ bold-e permanent markers,Household & Stationery,pcs,Fixed,30.00,35.00,1 Bottle (15 ml / 60 ml) (₹30),1 Bottle (15 ml / 60 ml): ₹30 | Pack of 2 Bottles: ₹55,https://aadutygzgrbexxuznqlr.supabase.co/storage/v1/object/public/item-images/camlin/camlin_bold_e_permanent_markers.JPG
2093,ANG-STA-1053,Camlin Permanent Marker Ink - Red,ക്യാംലിൻ permanent മാർക്കർ മഷി - red,Household & Stationery,pcs,Fixed,30.00,35.00,1 Bottle (15 ml / 60 ml) (₹30),1 Bottle (15 ml / 60 ml): ₹30 | Pack of 2 Bottles: ₹55,https://aadutygzgrbexxuznqlr.supabase.co/storage/v1/object/public/item-images/camlin/camlin_permanent_marker_ink_red.JPG
2094,ANG-STA-1054,Camlin Permanent Marker Ink - Green,ക്യാംലിൻ permanent മാർക്കർ മഷി - green,Household & Stationery,pcs,Fixed,30.00,35.00,1 Bottle (15 ml / 60 ml) (₹30),1 Bottle (15 ml / 60 ml): ₹30 | Pack of 2 Bottles: ₹55,https://aadutygzgrbexxuznqlr.supabase.co/storage/v1/object/public/item-images/camlin/camlin_permanent_marker_ink_green.JPG
2095,ANG-STA-1055,Camlin Permanent Marker Ink - Blue,ക്യാംലിൻ permanent മാർക്കർ മഷി - blue,Household & Stationery,pcs,Fixed,30.00,35.00,1 Bottle (15 ml / 60 ml) (₹30),1 Bottle (15 ml / 60 ml): ₹30 | Pack of 2 Bottles: ₹55,https://aadutygzgrbexxuznqlr.supabase.co/storage/v1/object/public/item-images/camlin/camlin_permanent_marker_ink_blue.JPG
2096,ANG-STA-1056,Camlin Permanent Marker Ink - Black,ക്യാംലിൻ permanent മാർക്കർ മഷി - black,Household & Stationery,pcs,Fixed,30.00,35.00,1 Bottle (15 ml / 60 ml) (₹30),1 Bottle (15 ml / 60 ml): ₹30 | Pack of 2 Bottles: ₹55,https://aadutygzgrbexxuznqlr.supabase.co/storage/v1/object/public/item-images/camlin/camlin_permanent_marker_ink_black.JPG
2097,ANG-STA-1057,Camlin Fine Tip Permanent Markers,ക്യാംലിൻ fine tip permanent markers,Household & Stationery,pcs,Fixed,30.00,35.00,1 Bottle (15 ml / 60 ml) (₹30),1 Bottle (15 ml / 60 ml): ₹30 | Pack of 2 Bottles: ₹55,https://aadutygzgrbexxuznqlr.supabase.co/storage/v1/object/public/item-images/camlin/camlin_fine_tip_permanent_markers.JPG
2098,ANG-STA-1058,Camlin Individual shades,ക്യാംലിൻ individual shades,Household & Stationery,pcs,Fixed,30.00,35.00,1 Bottle (15 ml / 60 ml) (₹30),1 Bottle (15 ml / 60 ml): ₹30 | Pack of 2 Bottles: ₹55,https://aadutygzgrbexxuznqlr.supabase.co/storage/v1/object/public/item-images/camlin/camlin_individual_shades.JPG
2099,ANG-STA-1059,Camlin Slim Correction Pen,ക്യാംലിൻ slim correction പേന,Household & Stationery,pcs,Fixed,30.00,35.00,1 Bottle (15 ml / 60 ml) (₹30),1 Bottle (15 ml / 60 ml): ₹30 | Pack of 2 Bottles: ₹55,https://aadutygzgrbexxuznqlr.supabase.co/storage/v1/object/public/item-images/camlin/camlin_slim_correction_pen.JPG
2100,ANG-STA-1060,Camlin Cover-It Correction Pen,ക്യാംലിൻ cover-it correction പേന,Household & Stationery,pcs,Fixed,30.00,35.00,1 Bottle (15 ml / 60 ml) (₹30),1 Bottle (15 ml / 60 ml): ₹30 | Pack of 2 Bottles: ₹55,https://aadutygzgrbexxuznqlr.supabase.co/storage/v1/object/public/item-images/camlin/camlin_cover_it_correction_pen.jpg
2101,ANG-STA-1061,Camlin Individual bottles,ക്യാംലിൻ individual bottles,Household & Stationery,pcs,Fixed,30.00,35.00,1 Bottle (15 ml / 60 ml) (₹30),1 Bottle (15 ml / 60 ml): ₹30 | Pack of 2 Bottles: ₹55,https://aadutygzgrbexxuznqlr.supabase.co/storage/v1/object/public/item-images/camlin/camlin_individual_bottles.JPG
2102,ANG-STA-1062,Camlin A5 Notebook,ക്യാംലിൻ a5 നോട്ട്ബുക്ക്,Household & Stationery,pcs,Fixed,45.00,52.00,Single Book (172 pgs) (₹45),Single Book (172 pgs): ₹45 | Pack of 6 Books: ₹250,https://aadutygzgrbexxuznqlr.supabase.co/storage/v1/object/public/item-images/camlin/camlin_supreme_pencils.jpg
2103,ANG-STA-1063,Camlin Jumbo A5 Notebook,ക്യാംലിൻ jumbo a5 നോട്ട്ബുക്ക്,Household & Stationery,pcs,Fixed,45.00,52.00,Single Book (172 pgs) (₹45),Single Book (172 pgs): ₹45 | Pack of 6 Books: ₹250,https://aadutygzgrbexxuznqlr.supabase.co/storage/v1/object/public/item-images/camlin/camlin_jumbo_a5_notebook.jpg
2104,ANG-STA-1064,Camlin Small A5 Notebook,ക്യാംലിൻ small a5 നോട്ട്ബുക്ക്,Household & Stationery,pcs,Fixed,45.00,52.00,Single Book (172 pgs) (₹45),Single Book (172 pgs): ₹45 | Pack of 6 Books: ₹250,https://aadutygzgrbexxuznqlr.supabase.co/storage/v1/object/public/item-images/camlin/camlin_small_a5_notebook.jpg
2105,ANG-STA-1065,Camlin A4 Notebook,ക്യാംലിൻ a4 നോട്ട്ബുക്ക്,Household & Stationery,pcs,Fixed,45.00,52.00,Single Book (172 pgs) (₹45),Single Book (172 pgs): ₹45 | Pack of 6 Books: ₹250,https://aadutygzgrbexxuznqlr.supabase.co/storage/v1/object/public/item-images/camlin/camlin_a4_notebook.jpg
2106,ANG-STA-1066,Camlin Long Notebook,ക്യാംലിൻ long നോട്ട്ബുക്ക്,Household & Stationery,pcs,Fixed,45.00,52.00,Single Book (172 pgs) (₹45),Single Book (172 pgs): ₹45 | Pack of 6 Books: ₹250,https://aadutygzgrbexxuznqlr.supabase.co/storage/v1/object/public/item-images/camlin/camlin_long_notebook.jpg
2107,ANG-STA-1067,Camlin Ultra Long Notebook,ക്യാംലിൻ ultra long നോട്ട്ബുക്ക്,Household & Stationery,pcs,Fixed,45.00,52.00,Single Book (172 pgs) (₹45),Single Book (172 pgs): ₹45 | Pack of 6 Books: ₹250,https://aadutygzgrbexxuznqlr.supabase.co/storage/v1/object/public/item-images/camlin/camlin_ultra_long_notebook.jpg
2108,ANG-STA-1068,Camlin Super Ultra Long Notebook,ക്യാംലിൻ super ultra long നോട്ട്ബുക്ക്,Household & Stationery,pcs,Fixed,45.00,52.00,Single Book (172 pgs) (₹45),Single Book (172 pgs): ₹45 | Pack of 6 Books: ₹250,https://aadutygzgrbexxuznqlr.supabase.co/storage/v1/object/public/item-images/camlin/camlin_super_ultra_long_notebook.jpg
2109,ANG-STA-1069,Camlin Premio Optipaper Notebook,ക്യാംലിൻ premio optipaper നോട്ട്ബുക്ക്,Household & Stationery,pcs,Fixed,45.00,52.00,Single Book (172 pgs) (₹45),Single Book (172 pgs): ₹45 | Pack of 6 Books: ₹250,https://aadutygzgrbexxuznqlr.supabase.co/storage/v1/object/public/item-images/camlin/camlin_premio_optipaper_notebook.jpg
2110,ANG-STA-1070,Camlin Premio A4 Notebook,ക്യാംലിൻ premio a4 നോട്ട്ബുക്ക്,Household & Stationery,pcs,Fixed,45.00,52.00,Single Book (172 pgs) (₹45),Single Book (172 pgs): ₹45 | Pack of 6 Books: ₹250,https://aadutygzgrbexxuznqlr.supabase.co/storage/v1/object/public/item-images/camlin/camlin_premio_a4_notebook.jpg
2111,ANG-STA-1071,Camlin Premio A5 Notebook,ക്യാംലിൻ premio a5 നോട്ട്ബുക്ക്,Household & Stationery,pcs,Fixed,45.00,52.00,Single Book (172 pgs) (₹45),Single Book (172 pgs): ₹45 | Pack of 6 Books: ₹250,https://aadutygzgrbexxuznqlr.supabase.co/storage/v1/object/public/item-images/camlin/camlin_premio_a5_notebook.jpg
2112,ANG-STA-1072,Camlin Premio Long Notebook,ക്യാംലിൻ premio long നോട്ട്ബുക്ക്,Household & Stationery,pcs,Fixed,45.00,52.00,Single Book (172 pgs) (₹45),Single Book (172 pgs): ₹45 | Pack of 6 Books: ₹250,https://aadutygzgrbexxuznqlr.supabase.co/storage/v1/object/public/item-images/camlin/camlin_premio_long_notebook.jpg
2113,ANG-STA-1073,Camlin Premio Ultra Long Notebook,ക്യാംലിൻ premio ultra long നോട്ട്ബുക്ക്,Household & Stationery,pcs,Fixed,45.00,52.00,Single Book (172 pgs) (₹45),Single Book (172 pgs): ₹45 | Pack of 6 Books: ₹250,https://aadutygzgrbexxuznqlr.supabase.co/storage/v1/object/public/item-images/camlin/camlin_premio_ultra_long_notebook.jpg
2114,ANG-STA-1074,Camlin Premio Super Ultra Long Notebook,ക്യാംലിൻ premio super ultra long നോട്ട്ബുക്ക്,Household & Stationery,pcs,Fixed,45.00,52.00,Single Book (172 pgs) (₹45),Single Book (172 pgs): ₹45 | Pack of 6 Books: ₹250,https://aadutygzgrbexxuznqlr.supabase.co/storage/v1/object/public/item-images/camlin/camlin_premio_super_ultra_long_notebook.jpg
2115,ANG-STA-1075,Camlin Premio Wiro Notebook,ക്യാംലിൻ premio wiro നോട്ട്ബുക്ക്,Household & Stationery,pcs,Fixed,45.00,52.00,Single Book (172 pgs) (₹45),Single Book (172 pgs): ₹45 | Pack of 6 Books: ₹250,https://aadutygzgrbexxuznqlr.supabase.co/storage/v1/object/public/item-images/camlin/camlin_premio_wiro_notebook.jpg
2116,ANG-STA-1076,Camlin Camel Drawing Books - Small,ക്യാംലിൻ camel drawing books - small,Household & Stationery,pcs,Fixed,45.00,52.00,Single Book (172 pgs) (₹45),Single Book (172 pgs): ₹45 | Pack of 6 Books: ₹250,https://aadutygzgrbexxuznqlr.supabase.co/storage/v1/object/public/item-images/camlin/camlin_camel_drawing_books_small.jpg
2117,ANG-STA-1077,Camlin Camel Drawing Books - A4,ക്യാംലിൻ camel drawing books - a4,Household & Stationery,pcs,Fixed,45.00,52.00,Single Book (172 pgs) (₹45),Single Book (172 pgs): ₹45 | Pack of 6 Books: ₹250,https://aadutygzgrbexxuznqlr.supabase.co/storage/v1/object/public/item-images/camlin/camlin_camel_drawing_books_a4.jpg
2118,ANG-STA-1078,Camlin Camel Drawing Books - Big,ക്യാംലിൻ camel drawing books - big,Household & Stationery,pcs,Fixed,45.00,52.00,Single Book (172 pgs) (₹45),Single Book (172 pgs): ₹45 | Pack of 6 Books: ₹250,https://aadutygzgrbexxuznqlr.supabase.co/storage/v1/object/public/item-images/camlin/camlin_camel_drawing_books_big.jpg
2119,ANG-STA-1079,Camlin Camel Premium Sketch Book,ക്യാംലിൻ camel premium sketch book,Household & Stationery,pcs,Fixed,45.00,52.00,Single Book (172 pgs) (₹45),Single Book (172 pgs): ₹45 | Pack of 6 Books: ₹250,https://aadutygzgrbexxuznqlr.supabase.co/storage/v1/object/public/item-images/camlin/camlin_camel_premium_sketch_book.jpg
2120,ANG-STA-1080,Camlin Camel Sketch Book,ക്യാംലിൻ camel sketch book,Household & Stationery,pcs,Fixed,45.00,52.00,Single Book (172 pgs) (₹45),Single Book (172 pgs): ₹45 | Pack of 6 Books: ₹250,https://aadutygzgrbexxuznqlr.supabase.co/storage/v1/object/public/item-images/camlin/camlin_camel_sketch_book.jpg
2121,ANG-STA-1081,Camlin Graphbook,ക്യാംലിൻ graphbook,Household & Stationery,pcs,Fixed,45.00,52.00,Single Book (172 pgs) (₹45),Single Book (172 pgs): ₹45 | Pack of 6 Books: ₹250,https://aadutygzgrbexxuznqlr.supabase.co/storage/v1/object/public/item-images/camlin/camlin_graphbook.jpg
2122,ANG-STA-1082,Camlin Practical Book,ക്യാംലിൻ practical book,Household & Stationery,pcs,Fixed,45.00,52.00,Single Book (172 pgs) (₹45),Single Book (172 pgs): ₹45 | Pack of 6 Books: ₹250,https://aadutygzgrbexxuznqlr.supabase.co/storage/v1/object/public/item-images/camlin/camlin_practical_book.jpg
2123,ANG-STA-1083,Camlin Scrap Book,ക്യാംലിൻ scrap book,Household & Stationery,pcs,Fixed,45.00,52.00,Single Book (172 pgs) (₹45),Single Book (172 pgs): ₹45 | Pack of 6 Books: ₹250,https://aadutygzgrbexxuznqlr.supabase.co/storage/v1/object/public/item-images/camlin/camlin_scrap_book.jpg
2124,ANG-STA-1084,Camlin Scholar Draft Geometry Box,ക്യാംലിൻ scholar draft ജോമെട്രി ബോക്സ്,Household & Stationery,pcs,Fixed,95.00,110.00,1 Geometry Box (₹95),1 Geometry Box: ₹95 | Pack of 2 Sets: ₹180,https://aadutygzgrbexxuznqlr.supabase.co/storage/v1/object/public/item-images/camlin/camlin_supreme_pencils.jpg
2125,ANG-STA-1085,Camlin Scholar Pro Geometry Box,ക്യാംലിൻ scholar pro ജോമെട്രി ബോക്സ്,Household & Stationery,pcs,Fixed,95.00,110.00,1 Geometry Box (₹95),1 Geometry Box: ₹95 | Pack of 2 Sets: ₹180,https://aadutygzgrbexxuznqlr.supabase.co/storage/v1/object/public/item-images/camlin/camlin_scholar_pro_geometry_box.JPG
2126,ANG-STA-1086,Camlin Scholar Geometry Box,ക്യാംലിൻ scholar ജോമെട്രി ബോക്സ്,Household & Stationery,pcs,Fixed,95.00,110.00,1 Geometry Box (₹95),1 Geometry Box: ₹95 | Pack of 2 Sets: ₹180,https://aadutygzgrbexxuznqlr.supabase.co/storage/v1/object/public/item-images/camlin/camlin_scholar_geometry_box.JPG
2127,ANG-STA-1087,Camlin Scholar Basics Geometry Box,ക്യാംലിൻ scholar basics ജോമെട്രി ബോക്സ്,Household & Stationery,pcs,Fixed,95.00,110.00,1 Geometry Box (₹95),1 Geometry Box: ₹95 | Pack of 2 Sets: ₹180,https://aadutygzgrbexxuznqlr.supabase.co/storage/v1/object/public/item-images/camlin/camlin_scholar_basics_geometry_box.jpg
2128,ANG-STA-1088,Camlin Scholar+ Geometry Box,ക്യാംലിൻ scholar+ ജോമെട്രി ബോക്സ്,Household & Stationery,pcs,Fixed,95.00,110.00,1 Geometry Box (₹95),1 Geometry Box: ₹95 | Pack of 2 Sets: ₹180,https://aadutygzgrbexxuznqlr.supabase.co/storage/v1/object/public/item-images/camlin/camlin_scholar_geometry_box.jpg
2129,ANG-STA-1089,Camlin Scholar Essentials Math Drawing Instruments,ക്യാംലിൻ scholar essentials math drawing instruments,Household & Stationery,pcs,Fixed,95.00,110.00,1 Geometry Box (₹95),1 Geometry Box: ₹95 | Pack of 2 Sets: ₹180,https://aadutygzgrbexxuznqlr.supabase.co/storage/v1/object/public/item-images/camlin/camlin_scholar_essentials_math_drawing_instruments.jpg
2130,ANG-STA-1090,Camlin Plastic Scale,ക്യാംലിൻ plastic സ്കെയിൽ,Household & Stationery,pcs,Fixed,95.00,110.00,1 Geometry Box (₹95),1 Geometry Box: ₹95 | Pack of 2 Sets: ₹180,https://aadutygzgrbexxuznqlr.supabase.co/storage/v1/object/public/item-images/camlin/camlin_plastic_scale.JPG
2131,ANG-STA-1091,Camlin Exam Scale,ക്യാംലിൻ exam സ്കെയിൽ,Household & Stationery,pcs,Fixed,95.00,110.00,1 Geometry Box (₹95),1 Geometry Box: ₹95 | Pack of 2 Sets: ₹180,https://aadutygzgrbexxuznqlr.supabase.co/storage/v1/object/public/item-images/camlin/camlin_exam_scale.JPG
2132,ANG-STA-1092,Camlin Exam Scale - Broad,ക്യാംലിൻ exam സ്കെയിൽ - broad,Household & Stationery,pcs,Fixed,95.00,110.00,1 Geometry Box (₹95),1 Geometry Box: ₹95 | Pack of 2 Sets: ₹180,https://aadutygzgrbexxuznqlr.supabase.co/storage/v1/object/public/item-images/camlin/camlin_exam_scale_broad.JPG
2133,ANG-STA-1093,Camlin Dissection box,ക്യാംലിൻ dissection box,Household & Stationery,pcs,Fixed,95.00,110.00,1 Geometry Box (₹95),1 Geometry Box: ₹95 | Pack of 2 Sets: ₹180,https://aadutygzgrbexxuznqlr.supabase.co/storage/v1/object/public/item-images/camlin/camlin_dissection_box.jpg
2134,ANG-STA-1094,Camlin Student Mini Drafter,ക്യാംലിൻ student mini drafter,Household & Stationery,pcs,Fixed,95.00,110.00,1 Geometry Box (₹95),1 Geometry Box: ₹95 | Pack of 2 Sets: ₹180,https://aadutygzgrbexxuznqlr.supabase.co/storage/v1/object/public/item-images/camlin/camlin_student_mini_drafter.JPG
2135,ANG-STA-1095,Camlin Stamp Pads,ക്യാംലിൻ stamp pads,Household & Stationery,pcs,Fixed,30.00,35.00,1 Bottle (15 ml / 60 ml) (₹30),1 Bottle (15 ml / 60 ml): ₹30 | Pack of 2 Bottles: ₹55,https://aadutygzgrbexxuznqlr.supabase.co/storage/v1/object/public/item-images/camlin/camlin_stamp_pads.JPG
2136,ANG-STA-1096,Camlin Deluxe Stamp Pads,ക്യാംലിൻ deluxe stamp pads,Household & Stationery,pcs,Fixed,30.00,35.00,1 Bottle (15 ml / 60 ml) (₹30),1 Bottle (15 ml / 60 ml): ₹30 | Pack of 2 Bottles: ₹55,https://aadutygzgrbexxuznqlr.supabase.co/storage/v1/object/public/item-images/camlin/camlin_deluxe_stamp_pads.JPG
2137,ANG-STA-1097,Camlin Rubber Stamp Inks,ക്യാംലിൻ rubber stamp inks,Household & Stationery,pcs,Fixed,30.00,35.00,1 Bottle (15 ml / 60 ml) (₹30),1 Bottle (15 ml / 60 ml): ₹30 | Pack of 2 Bottles: ₹55,https://aadutygzgrbexxuznqlr.supabase.co/storage/v1/object/public/item-images/camlin/camlin_rubber_stamp_inks.JPG
2138,ANG-STA-1098,Camlin Folder of 100 sheets,ക്യാംലിൻ folder of 100 sheets,Household & Stationery,pcs,Fixed,30.00,35.00,1 Bottle (15 ml / 60 ml) (₹30),1 Bottle (15 ml / 60 ml): ₹30 | Pack of 2 Bottles: ₹55,https://aadutygzgrbexxuznqlr.supabase.co/storage/v1/object/public/item-images/camlin/camlin_folder_of_100_sheets.JPG
2139,ANG-STA-1099,Camlin Gums,ക്യാംലിൻ gums,Household & Stationery,pcs,Fixed,30.00,35.00,1 Bottle (15 ml / 60 ml) (₹30),1 Bottle (15 ml / 60 ml): ₹30 | Pack of 2 Bottles: ₹55,https://aadutygzgrbexxuznqlr.supabase.co/storage/v1/object/public/item-images/camlin/camlin_gums.JPG
2140,ANG-STA-1100,Camlin Adhesive Pastes,ക്യാംലിൻ adhesive pastes,Household & Stationery,pcs,Fixed,30.00,35.00,1 Bottle (15 ml / 60 ml) (₹30),1 Bottle (15 ml / 60 ml): ₹30 | Pack of 2 Bottles: ₹55,https://aadutygzgrbexxuznqlr.supabase.co/storage/v1/object/public/item-images/camlin/camlin_adhesive_pastes.JPG
2141,ANG-STA-1101,Camlin White Glues,ക്യാംലിൻ white glues,Household & Stationery,pcs,Fixed,30.00,35.00,1 Bottle (15 ml / 60 ml) (₹30),1 Bottle (15 ml / 60 ml): ₹30 | Pack of 2 Bottles: ₹55,https://aadutygzgrbexxuznqlr.supabase.co/storage/v1/object/public/item-images/camlin/camlin_white_glues.JPG
2142,ANG-STA-1102,Camlin Glue Sticks,ക്യാംലിൻ glue sticks,Household & Stationery,pcs,Fixed,30.00,35.00,1 Bottle (15 ml / 60 ml) (₹30),1 Bottle (15 ml / 60 ml): ₹30 | Pack of 2 Bottles: ₹55,https://aadutygzgrbexxuznqlr.supabase.co/storage/v1/object/public/item-images/camlin/camlin_glue_sticks.JPG
2143,,Vim Lemon Dishwash Liquid Gel,ലെമൺ ഡിഷ്വാഷ് ലിക്വിഡ് ജെൽ,Household & Stationery,bottle,Fixed,,,,,https://aadutygzgrbexxuznqlr.supabase.co/storage/v1/object/public/item-images/demos/demo_1788743210649_678266.jpg
2144,,SunLight Liquid Detergent,,Household & Stationery,pack,Fixed,,,,,https://aadutygzgrbexxuznqlr.supabase.co/storage/v1/object/public/item-images/demos/demo_1788743599246_402798.webp
2145,,Robusta Banana,,Fresh Fruits,kg,Manual,0.00,,1kg (₹0),500g: ₹0 | 1kg: ₹0,https://aadutygzgrbexxuznqlr.supabase.co/storage/v1/object/public/item-images/demos/demo_1788761238713_248113.jpg
2146,,Alphonso Mango,,Fresh Fruits,kg,Manual,0.00,,1kg (₹0),500g: ₹0 | 1kg: ₹0,https://images.unsplash.com/photo-1553279768-865429fa0078?w=500&auto=format&fit=crop&q=80
2147,,Banganapalli Mango,,Fresh Fruits,kg,Manual,0.00,,1kg (₹0),500g: ₹0 | 1kg: ₹0,https://images.unsplash.com/photo-1553279768-865429fa0078?w=500&auto=format&fit=crop&q=80
2148,,Kesar Mango,,Fresh Fruits,kg,Manual,0.00,,1kg (₹0),500g: ₹0 | 1kg: ₹0,https://images.unsplash.com/photo-1553279768-865429fa0078?w=500&auto=format&fit=crop&q=80
2149,,Totapuri Mango,,Fresh Fruits,kg,Manual,0.00,,1kg (₹0),500g: ₹0 | 1kg: ₹0,https://images.unsplash.com/photo-1553279768-865429fa0078?w=500&auto=format&fit=crop&q=80
2150,,Nendran Banana,,Fresh Fruits,kg,Manual,0.00,,1kg (₹0),500g: ₹0 | 1kg: ₹0,https://images.unsplash.com/photo-1528825871115-3581a5387919?w=500&auto=format&fit=crop&q=80
2151,,Poovan Banana,,Fresh Fruits,kg,Manual,0.00,,1kg (₹0),500g: ₹0 | 1kg: ₹0,https://images.unsplash.com/photo-1571771894821-ce9b6c11b08e?w=500&auto=format&fit=crop&q=80
2152,,Neelam Mango,,Fresh Fruits,kg,Manual,0.00,,1kg (₹0),500g: ₹0 | 1kg: ₹0,https://images.unsplash.com/photo-1553279768-865429fa0078?w=500&auto=format&fit=crop&q=80
2153,,Malgoa Mango,,Fresh Fruits,kg,Manual,0.00,,1kg (₹0),500g: ₹0 | 1kg: ₹0,https://images.unsplash.com/photo-1553279768-865429fa0078?w=500&auto=format&fit=crop&q=80
2154,,Priyoor Mango,,Fresh Fruits,kg,Manual,0.00,,1kg (₹0),500g: ₹0 | 1kg: ₹0,https://images.unsplash.com/photo-1553279768-865429fa0078?w=500&auto=format&fit=crop&q=80
2155,,Chandrakaran Mango,,Fresh Fruits,kg,Manual,0.00,,1kg (₹0),500g: ₹0 | 1kg: ₹0,https://images.unsplash.com/photo-1553279768-865429fa0078?w=500&auto=format&fit=crop&q=80
2156,,Kilichundan Mango,,Fresh Fruits,kg,Manual,0.00,,1kg (₹0),500g: ₹0 | 1kg: ₹0,https://images.unsplash.com/photo-1553279768-865429fa0078?w=500&auto=format&fit=crop&q=80
2157,,Muvandan Mango,,Fresh Fruits,kg,Manual,0.00,,1kg (₹0),500g: ₹0 | 1kg: ₹0,https://images.unsplash.com/photo-1553279768-865429fa0078?w=500&auto=format&fit=crop&q=80
2158,,Dasheri Mango,,Fresh Fruits,kg,Manual,0.00,,1kg (₹0),500g: ₹0 | 1kg: ₹0,https://images.unsplash.com/photo-1553279768-865429fa0078?w=500&auto=format&fit=crop&q=80
2159,,Raw Mango,,Fresh Fruits,kg,Manual,0.00,,1kg (₹0),500g: ₹0 | 1kg: ₹0,https://images.unsplash.com/photo-1601493700631-2b16ec4b4716?w=500&auto=format&fit=crop&q=80
2160,,Jackfruit (Chakka),,Fresh Fruits,pcs,Fixed,0.00,,1 pc (₹0),1 pc: ₹0,https://aadutygzgrbexxuznqlr.supabase.co/storage/v1/object/public/item-images/demos/demo_1788761785832_575631.jpg
2161,,ujala detergent powder,,Household & Stationery,pcs,Fixed,,,,,https://aadutygzgrbexxuznqlr.supabase.co/storage/v1/object/public/item-images/demos/demo_1788749565368_835581.jpg
2162,,Ariel Complete Detergent Powder,,Household & Stationery,pcs,Fixed,,,,,https://aadutygzgrbexxuznqlr.supabase.co/storage/v1/object/public/item-images/demos/demo_1788750126736_651695.jpg
2163,,henko detergent powder,,Household & Stationery,pcs,Fixed,,,,,https://aadutygzgrbexxuznqlr.supabase.co/storage/v1/object/public/item-images/demos/demo_1788750220114_244035.jpg
2164,,Dr Wash,,Household & Stationery,pcs,Fixed,,,1 psc (₹0),1 psc: ₹0,https://aadutygzgrbexxuznqlr.supabase.co/storage/v1/object/public/item-images/demos/demo_1788759116855_280417.webp
2165,,SunLIght Washing Soap,,Household & Stationery,pcs,Fixed,,,,,https://aadutygzgrbexxuznqlr.supabase.co/storage/v1/object/public/item-images/demos/demo_1788759171245_434805.jpg
2166,,UJALA Washing Soap,,Household & Stationery,pcs,Fixed,,,,,https://aadutygzgrbexxuznqlr.supabase.co/storage/v1/object/public/item-images/demos/demo_1788759241693_861453.jpg
2167,,Fairy Dishwashing liquid,,Household & Stationery,pcs,Fixed,,,,,https://aadutygzgrbexxuznqlr.supabase.co/storage/v1/object/public/item-images/demos/demo_1788759416031_400956.jpg
2168,,Fevicol,,Household & Stationery,pcs,Fixed,,,,,https://aadutygzgrbexxuznqlr.supabase.co/storage/v1/object/public/item-images/demos/demo_1789370646769_018743.webp
2169,,Lux bathing soap,,Household & Stationery,pcs,Fixed,,,,,https://aadutygzgrbexxuznqlr.supabase.co/storage/v1/object/public/item-images/demos/demo_1788759612544_719729.jpg
2170,,Dove bathing soap,,Household & Stationery,pcs,Fixed,,,,,https://aadutygzgrbexxuznqlr.supabase.co/storage/v1/object/public/item-images/demos/demo_1788759643870_996055.jpg
2171,,Fevicol,,Household & Stationery,pcs,Fixed,,,,,https://aadutygzgrbexxuznqlr.supabase.co/storage/v1/object/public/item-images/demos/demo_1789370657153_595636.webp
2172,,Lifeboy bathing soap,,Household & Stationery,pcs,Fixed,,,,,https://aadutygzgrbexxuznqlr.supabase.co/storage/v1/object/public/item-images/demos/demo_1788759675957_172263.jpg
2173,,Fevigum (Blue),,Household & Stationery,pcs,Fixed,,,,,https://aadutygzgrbexxuznqlr.supabase.co/storage/v1/object/public/item-images/demos/demo_1789370693740_957060.webp
2174,,Pears (yellow),,Household & Stationery,pcs,Fixed,,,,,https://aadutygzgrbexxuznqlr.supabase.co/storage/v1/object/public/item-images/demos/demo_1788759715351_412326.jpg
2175,,Pears (blue),,Household & Stationery,pcs,Fixed,,,,,https://aadutygzgrbexxuznqlr.supabase.co/storage/v1/object/public/item-images/demos/demo_1788759736894_052023.jpg
2176,,Hamam neem soap,,Household & Stationery,pcs,Fixed,,,,,https://aadutygzgrbexxuznqlr.supabase.co/storage/v1/object/public/item-images/demos/demo_1788759765813_165285.jpg
2177,,Fevigum (Yellow),,Household & Stationery,pcs,Fixed,,,,,https://aadutygzgrbexxuznqlr.supabase.co/storage/v1/object/public/item-images/demos/demo_1789370711150_349794.webp
2178,,Vim Lemon Dishwash Liquid Gel,ലെമൺ ഡിഷ്വാഷ് ലിക്വിഡ് ജെൽ,Household & Stationery,bottle,Fixed,0.00,,250 ml (₹0),250 ml: ₹0 | 500 ml: ₹0 | 750 ml: ₹0,https://aadutygzgrbexxuznqlr.supabase.co/storage/v1/object/public/item-images/demos/demo_1788743018556_297795.jpg
2179,,Vim Dishwash Bar,,Household & Stationery,pcs,Fixed,0.00,,125 g (₹0),125 g: ₹0 | 250 g: ₹0 | 500 g: ₹0,https://aadutygzgrbexxuznqlr.supabase.co/storage/v1/object/public/item-images/demos/demo_1788743401083_069506.webp
2180,,Fiama bathing soap,,Household & Stationery,pcs,Fixed,,,,,https://aadutygzgrbexxuznqlr.supabase.co/storage/v1/object/public/item-images/demos/demo_1788759803674_739461.jpg
2181,,Fresh Chicken Curry Cut (Skinless),,Meat & Fish,kg,Dynamic,0.00,,500 g (₹0),500 g: ₹0 | 1 kg: ₹0 | 2 kg: ₹0,https://images.unsplash.com/photo-1604503468506-a8da13d82791?w=500&auto=format&fit=crop&q=80
2182,,Fresh Chicken Curry Cut (With Skin),,Meat & Fish,kg,Dynamic,0.00,,500 g (₹0),500 g: ₹0 | 1 kg: ₹0 | 2 kg: ₹0,https://images.unsplash.com/photo-1604503468506-a8da13d82791?w=500&auto=format&fit=crop&q=80
2183,,Fresh Chicken Boneless Breast,,Meat & Fish,g,Dynamic,0.00,,500 g (₹0),500 g: ₹0 | 1 kg: ₹0,https://images.unsplash.com/photo-1604503468506-a8da13d82791?w=500&auto=format&fit=crop&q=80
2184,,Fresh Whole Chicken (Dressed),,Meat & Fish,kg,Dynamic,0.00,,1 kg (₹0),1 kg: ₹0 | 1.5 kg: ₹0 | 2 kg: ₹0,https://images.unsplash.com/photo-1604503468506-a8da13d82791?w=500&auto=format&fit=crop&q=80
2185,,Kerala Nadan Kozhi (Chicken),,Meat & Fish,kg,Dynamic,0.00,,1 kg (₹0),1 kg: ₹0 | 1.5 kg: ₹0,https://aadutygzgrbexxuznqlr.supabase.co/storage/v1/object/public/item-images/demos/demo_1789015135817_i4n473.jpg
2186,,Kuttanadan Duck Meat (Tharavu),,Meat & Fish,kg,Dynamic,0.00,,1 kg (₹0),1 kg: ₹0 | 1.5 kg: ₹0,https://images.unsplash.com/photo-1604503468506-a8da13d82791?w=500&auto=format&fit=crop&q=80
2187,,Fresh Kerala Beef (Curry Cut with Bone),,Meat & Fish,kg,Dynamic,0.00,,500 g (₹0),500 g: ₹0 | 1 kg: ₹0 | 2 kg: ₹0,https://images.unsplash.com/photo-1544025162-d76694265947?w=500&auto=format&fit=crop&q=80
2188,,Fresh Kerala Beef (Boneless Roast Cut),,Meat & Fish,kg,Dynamic,0.00,,500 g (₹0),500 g: ₹0 | 1 kg: ₹0 | 2 kg: ₹0,https://images.unsplash.com/photo-1544025162-d76694265947?w=500&auto=format&fit=crop&q=80
2189,,Fresh Goat / Mutton (Curry Cut),,Meat & Fish,kg,Dynamic,0.00,,500 g (₹0),500 g: ₹0 | 1 kg: ₹0 | 2 kg: ₹0,https://images.unsplash.com/photo-1544025162-d76694265947?w=500&auto=format&fit=crop&q=80
2190,,Fresh Goat / Mutton (Boneless),,Meat & Fish,g,Dynamic,0.00,,500 g (₹0),500 g: ₹0 | 1 kg: ₹0,https://images.unsplash.com/photo-1544025162-d76694265947?w=500&auto=format&fit=crop&q=80
2191,,Fresh Sardine / Mathi (Whole),,Meat & Fish,kg,Dynamic,0.00,,500 g (₹0),500 g: ₹0 | 1 kg: ₹0,https://images.unsplash.com/photo-1534939561126-855b8675edd7?w=500&auto=format&fit=crop&q=80
2192,,Fresh Sardine / Mathi (Cleaned),,Meat & Fish,g,Dynamic,0.00,,500 g (₹0),500 g: ₹0 | 1 kg: ₹0,https://images.unsplash.com/photo-1534939561126-855b8675edd7?w=500&auto=format&fit=crop&q=80
2193,,Fresh Indian Mackerel / Ayala (Whole),,Meat & Fish,kg,Dynamic,0.00,,500 g (₹0),500 g: ₹0 | 1 kg: ₹0,https://images.unsplash.com/photo-1534939561126-855b8675edd7?w=500&auto=format&fit=crop&q=80
2194,,Fresh Indian Mackerel / Ayala (Cleaned & Cut),,Meat & Fish,g,Dynamic,0.00,,500 g (₹0),500 g: ₹0 | 1 kg: ₹0,https://images.unsplash.com/photo-1534939561126-855b8675edd7?w=500&auto=format&fit=crop&q=80
2195,,Fresh Seer Fish / Neymeen (Steaks),,Meat & Fish,g,Dynamic,0.00,,500 g (₹0),500 g: ₹0 | 1 kg: ₹0,https://images.unsplash.com/photo-1534939561126-855b8675edd7?w=500&auto=format&fit=crop&q=80
2196,,Fresh Pearl Spot / Karimeen (Whole),,Meat & Fish,g,Dynamic,0.00,,500 g (₹0),500 g: ₹0 | 1 kg: ₹0,https://images.unsplash.com/photo-1534939561126-855b8675edd7?w=500&auto=format&fit=crop&q=80
2197,,Fresh Prawns / Chemmeen (Cleaned & Deveined),,Meat & Fish,g,Dynamic,0.00,,250 g (₹0),250 g: ₹0 | 500 g: ₹0 | 1 kg: ₹0,https://images.unsplash.com/photo-1565680018434-b513d5e5fd47?w=500&auto=format&fit=crop&q=80
2198,,Fresh Anchovy / Netholi (Kozhuva),,Meat & Fish,g,Dynamic,0.00,,500 g (₹0),500 g: ₹0 | 1 kg: ₹0,https://images.unsplash.com/photo-1534939561126-855b8675edd7?w=500&auto=format&fit=crop&q=80
2199,,Fresh Tuna / Choora (Curry Cut),,Meat & Fish,g,Dynamic,0.00,,500 g (₹0),500 g: ₹0 | 1 kg: ₹0,https://images.unsplash.com/photo-1534939561126-855b8675edd7?w=500&auto=format&fit=crop&q=80
2200,,Fresh White Pomfret / Vella Aavoli,,Meat & Fish,g,Dynamic,0.00,,500 g (₹0),500 g: ₹0 | 1 kg: ₹0,https://images.unsplash.com/photo-1534939561126-855b8675edd7?w=500&auto=format&fit=crop&q=80
2201,,Fresh Squid / Koonthal (Cleaned Rings),,Meat & Fish,g,Dynamic,0.00,,500 g (₹0),500 g: ₹0 | 1 kg: ₹0,https://images.unsplash.com/photo-1534939561126-855b8675edd7?w=500&auto=format&fit=crop&q=80
2202,,Fresh Mud Crab / Njandu,,Meat & Fish,g,Dynamic,0.00,,500 g (₹0),500 g: ₹0 | 1 kg: ₹0,https://images.unsplash.com/photo-1565680018434-b513d5e5fd47?w=500&auto=format&fit=crop&q=80
2203,,Farm Fresh White Eggs,,Meat & Fish,pcs,Fixed,0.00,,6 pcs (₹0),6 pcs: ₹0 | 10 pcs: ₹0 | 30 pcs: ₹0,https://images.unsplash.com/photo-1516467508483-a7212febe31a?w=500&auto=format&fit=crop&q=80
2204,,Farm Fresh Brown Eggs,,Meat & Fish,pcs,Fixed,0.00,,6 pcs (₹0),6 pcs: ₹0 | 10 pcs: ₹0,https://images.unsplash.com/photo-1516467508483-a7212febe31a?w=500&auto=format&fit=crop&q=80
2205,,Kerala Nadan Hen Eggs (Country Eggs),,Meat & Fish,pcs,Fixed,0.00,,6 pcs (₹0),6 pcs: ₹0 | 10 pcs: ₹0,https://images.unsplash.com/photo-1516467508483-a7212febe31a?w=500&auto=format&fit=crop&q=80
2206,,Fresh Kuttanadan Duck Eggs,,Meat & Fish,pcs,Fixed,0.00,,6 pcs (₹0),6 pcs: ₹0 | 10 pcs: ₹0,https://images.unsplash.com/photo-1516467508483-a7212febe31a?w=500&auto=format&fit=crop&q=80
2207,,Exo Dish Shine Round Bar,,Household & Stationery,g,Fixed,0.00,,250 g (₹0),250 g: ₹0 | 500 g: ₹0,https://aadutygzgrbexxuznqlr.supabase.co/storage/v1/object/public/item-images/demos/demo_1788750040281_649607.jpg
2208,,Scotch-Brite Scrub Sponge / Pad,,Household & Stationery,pcs,Fixed,0.00,,1 pc (₹0),1 pc: ₹0 | 3 pcs: ₹0,https://aadutygzgrbexxuznqlr.supabase.co/storage/v1/object/public/item-images/demos/demo_1788758853375_060971.jpg
2209,,Surf Excel Easy Wash Detergent Powder,,Household & Stationery,kg,Fixed,0.00,,500 g (₹0),500 g: ₹0 | 1 kg: ₹0 | 2 kg: ₹0,https://aadutygzgrbexxuznqlr.supabase.co/storage/v1/object/public/item-images/demos/demo_1788749410393_882839.webp
2210,,Rin Detergent Bar Soap,,Household & Stationery,g,Fixed,0.00,,150 g (₹0),150 g: ₹0 | 250 g: ₹0,https://aadutygzgrbexxuznqlr.supabase.co/storage/v1/object/public/item-images/demos/demo_1788749822184_886557.jpg
2211,,Comfort Fabric Conditioner Morning Fresh,,Household & Stationery,ml,Fixed,0.00,,220 ml (₹0),220 ml: ₹0 | 860 ml: ₹0,https://aadutygzgrbexxuznqlr.supabase.co/storage/v1/object/public/item-images/demos/demo_1788750258753_367862.jpg
2212,,Harpic Power Plus Toilet Cleaner,,Household & Stationery,ml,Fixed,0.00,,500 ml (₹0),500 ml: ₹0 | 1 L: ₹0,https://aadutygzgrbexxuznqlr.supabase.co/storage/v1/object/public/item-images/demos/demo_1788749936352_102293.jpg
2213,,Lizol Disinfectant Surface & Floor Cleaner,,Household & Stationery,ml,Fixed,0.00,,500 ml (₹0),500 ml: ₹0 | 1 L: ₹0,https://aadutygzgrbexxuznqlr.supabase.co/storage/v1/object/public/item-images/demos/demo_1788749904594_186172.jpg
2214,,Good Knight Gold Flash Liquid Vaporizer Refill,,Household & Stationery,ml,Fixed,0.00,,45 ml (₹0),45 ml: ₹0,https://aadutygzgrbexxuznqlr.supabase.co/storage/v1/object/public/item-images/demos/demo_1788749986661_147314.jpg
2215,,Medimix Ayurvedic 18 Herbs Classic Soap,,Household & Stationery,g,Fixed,0.00,,75 g (₹0),75 g: ₹0 | 125 g: ₹0,https://aadutygzgrbexxuznqlr.supabase.co/storage/v1/object/public/item-images/demos/demo_1788749862693_603330.jpg
2216,,Chandrika Ayurvedic Handmade Soap,,Household & Stationery,g,Fixed,0.00,,75 g (₹0),75 g: ₹0 | 125 g: ₹0,https://aadutygzgrbexxuznqlr.supabase.co/storage/v1/object/public/item-images/demos/demo_1788750339418_812369.jpg
2217,,Santoor Sandal & Turmeric Soap,,Household & Stationery,g,Fixed,0.00,,100 g (₹0),100 g: ₹0,https://aadutygzgrbexxuznqlr.supabase.co/storage/v1/object/public/item-images/demos/demo_1788749781258_980619.jpg
2218,,Dettol Original Germ Protection Bath Soap,,Household & Stationery,g,Fixed,0.00,,75 g (₹0),75 g: ₹0 | 125 g: ₹0,https://aadutygzgrbexxuznqlr.supabase.co/storage/v1/object/public/item-images/demos/demo_1788750171914_011047.jpg
2219,,Colgate Strong Teeth Dental Cream Toothpaste,,Household & Stationery,g,Fixed,0.00,,100 g (₹0),100 g: ₹0 | 200 g: ₹0,https://aadutygzgrbexxuznqlr.supabase.co/storage/v1/object/public/item-images/demos/demo_1788750297121_789452.jpg
2220,,Classmate Single Line Notebook (192 Pages) small,,Household & Stationery,pcs,Fixed,0.00,,1 pc (₹0),1 pc: ₹0 | 4 pcs: ₹0,https://aadutygzgrbexxuznqlr.supabase.co/storage/v1/object/public/item-images/demos/demo_1789367911917_522017.webp
2221,,Classmate Single Line  Notebook (192 Pages) Large,,Household & Stationery,pcs,Fixed,0.00,,1 pc (₹0),1 pc: ₹0 | 4 pcs: ₹0,https://aadutygzgrbexxuznqlr.supabase.co/storage/v1/object/public/item-images/demos/demo_1789367925807_544537.webp
2222,,Cello  Ballpoint Pens (Blue),,Household & Stationery,pcs,Fixed,0.00,,1 pc (₹0),1 pc: ₹0 | 5 pcs: ₹0 | 10 pcs: ₹0,https://aadutygzgrbexxuznqlr.supabase.co/storage/v1/object/public/item-images/demos/demo_1789011878364_o6hjur.jpg
2223,,Reynolds Ball Pen (Blue),,Household & Stationery,pcs,Fixed,0.00,,1 pc (₹0),1 pc: ₹0 | 5 pcs: ₹0,https://aadutygzgrbexxuznqlr.supabase.co/storage/v1/object/public/item-images/demos/demo_1788758952262_100287.jpg
2224,,Apsara Platinum Extra Dark Pencils Box,,Household & Stationery,pcs,Fixed,0.00,,10 pcs box (₹0),10 pcs box: ₹0 | 1 pcs: ₹0,https://aadutygzgrbexxuznqlr.supabase.co/storage/v1/object/public/item-images/demos/demo_1789011807533_nhenso.jpg
2225,,A4 White Copier Paper Ream (75 GSM),,Household & Stationery,pack,Fixed,250.00,0.00,10 sheets (₹0),10 sheets: ₹0 | 50 sheets: ₹0 | 1 sheets: ₹0 | 100 sheets: ₹0,https://aadutygzgrbexxuznqlr.supabase.co/storage/v1/object/public/item-images/demos/demo_1789015245006_30qf5i.jpg
2226,,Ujala Supreme Fabric Whitener,,Household & Stationery,bottle,Fixed,0.00,,100 ml (₹0),100 ml: ₹0 | 250 ml: ₹0,https://aadutygzgrbexxuznqlr.supabase.co/storage/v1/object/public/item-images/demos/demo_1788743460711_659938.jpg
2227,,Surf Excel Matic Liquid Detergent,,Household & Stationery,pack,Fixed,0.00,,500 ml (₹0),500 ml: ₹0 | 1 L: ₹0 | 2 L: ₹0,https://aadutygzgrbexxuznqlr.supabase.co/storage/v1/object/public/item-images/demos/demo_1788743563471_624314.webp
2228,,Cutee bathing soap,,Household & Stationery,pcs,Fixed,,,,,https://aadutygzgrbexxuznqlr.supabase.co/storage/v1/object/public/item-images/demos/demo_1788759930473_450083.jpg
2229,,Clorex,,Household & Stationery,pcs,Fixed,,,,,https://aadutygzgrbexxuznqlr.supabase.co/storage/v1/object/public/item-images/demos/demo_1788759957159_377427.jpg
2230,,Closeup toothpste,,Household & Stationery,pcs,Fixed,,,,,https://aadutygzgrbexxuznqlr.supabase.co/storage/v1/object/public/item-images/demos/demo_1788759987007_931064.jpg
2231,,Sensodyne,,Household & Stationery,pcs,Fixed,,,,,https://aadutygzgrbexxuznqlr.supabase.co/storage/v1/object/public/item-images/demos/demo_1788760037052_443646.png
2232,,KP Namboodiris toothpaste,,Household & Stationery,pcs,Fixed,,,,,https://aadutygzgrbexxuznqlr.supabase.co/storage/v1/object/public/item-images/demos/demo_1788760094251_024800.jpg
2233,,KP namboodiris teeth powder (palpodi),,Household & Stationery,pcs,Fixed,,,,,https://aadutygzgrbexxuznqlr.supabase.co/storage/v1/object/public/item-images/demos/demo_1788760140431_202453.jpg
2234,,Himalaya toothpaste,,Household & Stationery,pcs,Fixed,,,,,https://aadutygzgrbexxuznqlr.supabase.co/storage/v1/object/public/item-images/demos/demo_1788760205473_635221.jpg
2235,,Yellow Watermelon,,Fresh Fruits,pcs,Fixed,0.00,,1 pc (₹0),1 pc: ₹0,https://aadutygzgrbexxuznqlr.supabase.co/storage/v1/object/public/item-images/demos/demo_1788760725865_752231.jpg
2236,,Classmate No line  Notebook (192 Pages) Large,,Household & Stationery,pcs,Fixed,,,,,https://aadutygzgrbexxuznqlr.supabase.co/storage/v1/object/public/item-images/demos/demo_1789367975261_441885.webp
2237,,Classmate No Line  Notebook (192 Pages) Small,,Household & Stationery,pcs,Fixed,,,,,https://aadutygzgrbexxuznqlr.supabase.co/storage/v1/object/public/item-images/demos/demo_1789367983266_409349.webp
2238,,Win My Stick Pen Black,,Household & Stationery,pcs,Fixed,,,,,https://aadutygzgrbexxuznqlr.supabase.co/storage/v1/object/public/item-images/demos/demo_1789368121716_753009.jpg
2239,,Win My Stick Pen Blue,,Household & Stationery,pcs,Fixed,,,,,https://aadutygzgrbexxuznqlr.supabase.co/storage/v1/object/public/item-images/demos/demo_1789368143015_132957.jpg
2240,,Pineapple,,Fresh Fruits,pcs,Dynamic,0.00,,1 pc (₹0),1 pc: ₹0,https://images.unsplash.com/photo-1550258987-190a2d41a8ba?w=500&auto=format&fit=crop&q=80
2241,,Papaya,,Fresh Fruits,pcs,Dynamic,0.00,,1 pc (₹0),1 pc: ₹0,https://images.unsplash.com/photo-1517282009859-f000ec3b26fe?w=500&auto=format&fit=crop&q=80
2242,,Guava,,Fresh Fruits,kg,Manual,0.00,,1kg (₹0),500g: ₹0 | 1kg: ₹0,https://images.unsplash.com/photo-1536511132770-e5058c7e8c46?w=500&auto=format&fit=crop&q=80
2243,,Reynolds Ball Pen (Blue),,Household & Stationery,pcs,Fixed,,,,,https://aadutygzgrbexxuznqlr.supabase.co/storage/v1/object/public/item-images/demos/demo_1789368257825_395238.jpg
2244,,Local Guava,,Fresh Fruits,kg,Manual,0.00,,1kg (₹0),500g: ₹0 | 1kg: ₹0,https://images.unsplash.com/photo-1536511132770-e5058c7e8c46?w=500&auto=format&fit=crop&q=80
2245,,Tender Coconut,,Fresh Fruits,pcs,Fixed,0.00,,1 pc (₹0),1 pc: ₹0,https://aadutygzgrbexxuznqlr.supabase.co/storage/v1/object/public/item-images/demos/demo_1788761183907_934707.jpg
2246,,Orange,,Fresh Fruits,kg,Manual,0.00,,1kg (₹0),500g: ₹0 | 1kg: ₹0,https://images.unsplash.com/photo-1547514701-42782101795e?w=500&auto=format&fit=crop&q=80
2247,,Sweet Lime (mosambi),,Fresh Fruits,kg,Manual,0.00,,1kg (₹0),500g: ₹0 | 1kg: ₹0,https://aadutygzgrbexxuznqlr.supabase.co/storage/v1/object/public/item-images/demos/demo_1788760812503_158083.jpg
2248,,Lime (Naranga),,Fresh Fruits,g,Manual,0.00,,1 pc (₹0),1 pc: ₹0,https://aadutygzgrbexxuznqlr.supabase.co/storage/v1/object/public/item-images/demos/demo_1788761712187_966985.jpg
2249,,Watermelon,,Fresh Fruits,pcs,Portion,0.00,,1 pc (₹0),1 pc: ₹0,https://images.unsplash.com/photo-1563114773-84221bd62daa?w=500&auto=format&fit=crop&q=80
2250,,Seedless Watermelon,,Fresh Fruits,pcs,Portion,0.00,,1 pc (₹0),1 pc: ₹0,https://aadutygzgrbexxuznqlr.supabase.co/storage/v1/object/public/item-images/demos/demo_1788760970742_687237.jpg
2251,,chikoo (Sapota),,Fresh Fruits,kg,Manual,0.00,,1kg (₹0),500g: ₹0 | 1kg: ₹0,https://aadutygzgrbexxuznqlr.supabase.co/storage/v1/object/public/item-images/demos/demo_1788761072624_483612.jpg
2252,,Rambutan,,Fresh Fruits,g,Manual,0.00,,1 pc (₹0),1 pc: ₹0,https://aadutygzgrbexxuznqlr.supabase.co/storage/v1/object/public/item-images/demos/demo_1788761379171_547562.jpg
2253,,Mangosteen,,Fresh Fruits,g,Manual,0.00,,1 pc (₹0),1 pc: ₹0,https://aadutygzgrbexxuznqlr.supabase.co/storage/v1/object/public/item-images/demos/demo_1788761662627_625213.jpg
2254,,Passion Fruit,,Fresh Fruits,g,Manual,0.00,,1 pc (₹0),1 pc: ₹0,https://aadutygzgrbexxuznqlr.supabase.co/storage/v1/object/public/item-images/demos/demo_1788761596707_671139.jpg
2255,,Amla,,Fresh Fruits,g,Manual,0.00,,1 pc (₹0),1 pc: ₹0,https://images.unsplash.com/photo-1615485500704-8e990f9900f7?w=500&auto=format&fit=crop&q=80
2256,,Bilimbi (Chathura Puli),,Fresh Fruits,g,Manual,0.00,,1 pc (₹0),1 pc: ₹0,https://aadutygzgrbexxuznqlr.supabase.co/storage/v1/object/public/item-images/demos/demo_1788762046762_502042.jpg
2257,,Soursop (mullachakka),,Fresh Fruits,pcs,Fixed,0.00,,1 pc (₹0),1 pc: ₹0,https://aadutygzgrbexxuznqlr.supabase.co/storage/v1/object/public/item-images/demos/demo_1788760937027_652656.jpg
2258,,Avocado,,Fresh Fruits,kg,Manual,0.00,,1kg (₹0),500g: ₹0 | 1kg: ₹0,https://images.unsplash.com/photo-1523049673857-eb18f1d7b578?w=500&auto=format&fit=crop&q=80
2259,,Dragon Fruit,,Fresh Fruits,kg,Manual,0.00,,1kg (₹0),500g: ₹0 | 1kg: ₹0,https://images.unsplash.com/photo-1527325678964-54921661f888?w=500&auto=format&fit=crop&q=80
2260,,Red Flesh Dragon Fruit,,Fresh Fruits,kg,Manual,0.00,,1kg (₹0),500g: ₹0 | 1kg: ₹0,https://images.unsplash.com/photo-1527325678964-54921661f888?w=500&auto=format&fit=crop&q=80
2261,,Apple,,Fresh Fruits,kg,Manual,0.00,,1kg (₹0),500g: ₹0 | 1kg: ₹0,https://images.unsplash.com/photo-1560806887-1e4cd0b6cbd6?w=500&auto=format&fit=crop&q=80
2262,,Red Delicious Apple,,Fresh Fruits,kg,Manual,0.00,,1kg (₹0),500g: ₹0 | 1kg: ₹0,https://images.unsplash.com/photo-1560806887-1e4cd0b6cbd6?w=500&auto=format&fit=crop&q=80
2263,,Royal Gala Apple,,Fresh Fruits,kg,Manual,0.00,,1kg (₹0),500g: ₹0 | 1kg: ₹0,https://images.unsplash.com/photo-1560806887-1e4cd0b6cbd6?w=500&auto=format&fit=crop&q=80
2264,,Cello Ballpoint Pens (Black),,Household & Stationery,pcs,Fixed,,,,,https://aadutygzgrbexxuznqlr.supabase.co/storage/v1/object/public/item-images/demos/demo_1789368343789_181149.jpg
2265,,Black Grapes,,Fresh Fruits,g,Manual,0.00,,1 pc (₹0),1 pc: ₹0,https://images.unsplash.com/photo-1537640538966-79f369143f8f?w=500&auto=format&fit=crop&q=80
2266,,Black Grapes (with seeds),,Fresh Fruits,g,Manual,0.00,,1 pc (₹0),1 pc: ₹0,https://images.unsplash.com/photo-1537640538966-79f369143f8f?w=500&auto=format&fit=crop&q=80
2267,,Green Grapes (Pachamundiri),,Fresh Fruits,g,Manual,0.00,,1 pc (₹0),1 pc: ₹0,https://aadutygzgrbexxuznqlr.supabase.co/storage/v1/object/public/item-images/demos/demo_1788761861204_205315.jpg
2268,,Red Globe Grapes (without seeds),,Fresh Fruits,g,Manual,0.00,,1 pc (₹0),1 pc: ₹0,https://images.unsplash.com/photo-1596363505729-4190a9506133?w=500&auto=format&fit=crop&q=80
2269,,Pear,,Fresh Fruits,kg,Manual,0.00,,1kg (₹0),500g: ₹0 | 1kg: ₹0,https://aadutygzgrbexxuznqlr.supabase.co/storage/v1/object/public/item-images/demos/demo_1788761493080_126008.jpg
2270,,Kiwi,,Fresh Fruits,pcs,Fixed,0.00,,1 pc (₹0),1 pc: ₹0,https://images.unsplash.com/photo-1585059895524-72359e06133a?w=500&auto=format&fit=crop&q=80
2271,,Sun Melon (shamam),,Fresh Fruits,pcs,Dynamic,0.00,,1 pc (₹0),1 pc: ₹0,https://aadutygzgrbexxuznqlr.supabase.co/storage/v1/object/public/item-images/demos/demo_1788760878205_762632.jpg
2272,,Strawberry,,Fresh Fruits,g,Manual,0.00,,1 pc (₹0),1 pc: ₹0,https://images.unsplash.com/photo-1464965911861-746a04b4bca6?w=500&auto=format&fit=crop&q=80
2273,,Plum,,Fresh Fruits,g,Manual,0.00,,1 pc (₹0),1 pc: ₹0,https://aadutygzgrbexxuznqlr.supabase.co/storage/v1/object/public/item-images/demos/demo_1788761451375_602551.jpg
2274,,Shukriya Dates,,Fresh Fruits,g,Manual,0.00,,1 pc (₹0),1 pc: ₹0,https://aadutygzgrbexxuznqlr.supabase.co/storage/v1/object/public/item-images/demos/demo_1788762349247_822015.webp
2275,,Medjool Dates,,Fresh Fruits,g,Manual,0.00,,1 pc (₹0),1 pc: ₹0,https://aadutygzgrbexxuznqlr.supabase.co/storage/v1/object/public/item-images/demos/demo_1788762201697_146789.webp
2276,,Ajwa Dates,,Fresh Fruits,g,Manual,0.00,,1 pc (₹0),1 pc: ₹0,https://aadutygzgrbexxuznqlr.supabase.co/storage/v1/object/public/item-images/demos/demo_1788762394310_212438.jpg
2277,,Safawi Dates,,Fresh Fruits,g,Manual,0.00,,1 pc (₹0),1 pc: ₹0,https://aadutygzgrbexxuznqlr.supabase.co/storage/v1/object/public/item-images/demos/demo_1788762144477_403826.jpg
2278,,Deglet Noor Dates,,Fresh Fruits,g,Manual,0.00,,1 pc (₹0),1 pc: ₹0,https://aadutygzgrbexxuznqlr.supabase.co/storage/v1/object/public/item-images/demos/demo_1788762301799_853922.jpg
2279,,Kimia Dates,,Fresh Fruits,g,Manual,0.00,,1 pc (₹0),1 pc: ₹0,https://aadutygzgrbexxuznqlr.supabase.co/storage/v1/object/public/item-images/demos/demo_1788762252302_478566.webp
2280,,Flex Kwik,,Household & Stationery,pcs,Fixed,,,,,https://aadutygzgrbexxuznqlr.supabase.co/storage/v1/object/public/item-images/demos/demo_1789370615037_996164.webp
2281,,Fevicol,,Household & Stationery,pcs,Fixed,,,,,https://aadutygzgrbexxuznqlr.supabase.co/storage/v1/object/public/item-images/demos/demo_1789370633619_437044.webp